layer,head,query_token,BOS,ctx_0,ctx_1,ctx_2,ctx_3,QCUR,S1,A2,R,QNXT,S3,A0,S3,A1,S3,A2,S3,A3,SEL,A2,UPD
1,0,SELECT,1.455219833523813e-10,4.655413207710346e-11,5.683051806926187e-10,4.210424786599276e-10,2.9711779703234242e-08,4.89316698271125e-10,1.3921639396841101e-09,1.0372080971876585e-09,1.0824311402757303e-07,3.883292976070152e-08,0.3237372934818268,1.1077794681568776e-08,0.01914924383163452,4.985721169248336e-09,1.1354550224496052e-05,1.693625101273355e-10,0.6571018695831299,5.8284319592871725e-09,2.3363593282255124e-09,0.0,0.0
1,0,UPDATE,0.014805159531533718,0.006245164200663567,0.003766394918784499,0.004343917593359947,0.011235542595386505,0.00986830610781908,0.010357613675296307,0.0115813622251153,0.016700075939297676,0.020077034831047058,0.3663249909877777,0.008953814394772053,0.14505010843276978,0.011304555460810661,0.03989569470286369,0.009903649799525738,0.22978883981704712,0.0035333028063178062,0.014784743078052998,0.009553080424666405,0.05192656069993973
1,1,SELECT,2.2045354853617027e-05,0.006911959964782,0.028418155387043953,0.18297213315963745,0.7809886336326599,7.05596903571859e-06,3.7807572539350076e-07,9.501361637376249e-05,0.00045631948160007596,1.571199572936166e-05,3.407489930395968e-05,5.076948127680225e-06,2.2013293346390128e-05,7.810725719537004e-07,2.4190792373701697e-06,8.80062816577265e-06,1.785735003068112e-05,7.2954971983563155e-06,1.4336527783598285e-05,0.0,0.0
1,1,UPDATE,0.00035680862492881715,0.0009933465626090765,0.025878407061100006,0.7690073847770691,0.1554366797208786,0.00016607120051048696,0.00013814950943924487,0.0019389130175113678,0.0053557138890028,0.00047778288717381656,0.00040099702891893685,0.004937223624438047,0.0003195356694050133,0.005300599616020918,3.587084938772023e-05,0.0005993034574203193,0.004728829022496939,0.004069420043379068,0.0017934568459168077,0.016902782022953033,0.0011625775368884206
1,2,SELECT,7.927059050416574e-05,0.0008475930662825704,0.001556543749757111,0.9543793797492981,0.04243488237261772,8.765496750129387e-05,1.0558550457062665e-05,3.21289844578132e-05,0.00038470656727440655,2.5174789698212408e-05,1.721298644952185e-06,2.0366545072647568e-07,3.45862304129696e-07,6.142439087852836e-05,4.128774435230298e-06,1.59640985657461e-05,7.380555757663387e-07,4.793045263795648e-06,7.273209484992549e-05,0.0,0.0
1,2,UPDATE,0.010887795127928257,0.002971445210278034,0.023076986894011497,0.26120132207870483,0.09291348606348038,0.012159144505858421,0.021430136635899544,0.0074198246002197266,0.1710716038942337,0.020200425758957863,0.04960351437330246,0.010754474438726902,0.01769663579761982,0.10351657122373581,0.01685090735554695,0.005165924783796072,0.07949776947498322,0.010234366171061993,0.047115784138441086,0.019584858790040016,0.016647040843963623
1,3,SELECT,2.6782907980305026e-07,3.0916646210243925e-05,1.1831838492071256e-05,0.964164137840271,0.0002551533398218453,1.1568207810341846e-05,0.0005211113602854311,0.03411403298377991,6.436283001676202e-06,4.488001366098615e-07,1.4236373147014092e-07,4.810229370377783e-08,2.480915739511147e-08,7.287211474249489e-07,1.8827814862731884e-09,3.480991654214449e-05,1.5357660743120505e-07,0.0008477821247652173,4.915594900012366e-07,0.0,0.0
1,3,UPDATE,0.004201884381473064,0.005526149179786444,0.003653120482340455,0.07560686022043228,0.01116369478404522,0.005181103013455868,0.004990519490092993,0.003403889713808894,0.02309301309287548,0.005293956026434898,0.012511935085058212,0.04101099446415901,0.00755277369171381,0.0792742446064949,0.0012264612596482038,0.00320959510281682,0.48505982756614685,0.00932189542800188,0.023879973217844963,0.16225919127464294,0.0325789637863636
1,4,SELECT,0.0005523451254703104,0.003121169749647379,0.0007917401380836964,0.005467140581458807,0.030848639085888863,0.00010057637700811028,0.06006160005927086,0.8509879112243652,9.78869284153916e-05,0.0010965544497594237,0.001032860716804862,0.0065181138925254345,0.0005637284484691918,0.007216883823275566,3.3027481549652293e-06,0.009856726042926311,0.00039635872235521674,0.02089095674455166,0.000395527807995677,0.0,0.0
1,4,UPDATE,4.049218841828406e-05,0.0003101745096500963,6.271459824347403e-06,0.0001292175002163276,3.487131471047178e-05,1.090667319658678e-05,2.966633303458366e-07,0.001545517472550273,0.0004565990820992738,2.126022991433274e-05,1.0272974577674177e-05,0.0005713124992325902,5.4349835409084335e-05,0.02190982736647129,1.6815513959045347e-07,0.0005882104742340744,0.007818584330379963,4.612376869772561e-05,0.00012768212764058262,0.965569019317627,0.0007487874245271087
1,5,SELECT,8.465961087722462e-08,8.973050569238694e-08,4.202567822630954e-07,5.210792437537748e-07,0.0031707854941487312,2.4382674723710807e-07,1.5556004484551522e-08,1.3862099024208874e-07,6.905401050971705e-08,3.223952305120292e-08,0.2528855800628662,4.170741529918587e-09,0.3640764355659485,1.360560220042828e-09,0.0012603470822796226,6.685767317549107e-08,0.37860482931137085,1.1893246210092911e-07,1.921358148138097e-07,0.0,0.0
1,5,UPDATE,0.014168650843203068,0.024040523916482925,0.028241431340575218,0.0347302109003067,0.013896373100578785,0.05717378482222557,0.2932087182998657,0.04567528888583183,0.04938704892992973,0.04467754438519478,0.01607997715473175,0.03732181340456009,0.021097440272569656,0.054115280508995056,0.020647982135415077,0.03617622330784798,0.022962212562561035,0.03595436364412308,0.05841094255447388,0.0313643217086792,0.06066988781094551
1,6,SELECT,3.291743269073777e-05,6.480891170212999e-05,2.004607995331753e-05,1.6640447938698344e-05,0.00010250304330838844,2.6168318072450347e-05,0.0006197101320140064,0.9821897745132446,0.007274057250469923,0.00020618278358597308,9.051163942785934e-06,0.0009333426714874804,3.5151565498381387e-06,2.986874278576579e-05,2.209422973464825e-06,0.0015002385480329394,3.966109943576157e-06,0.006948686204850674,1.6227542801061645e-05,0.0,0.0
1,6,UPDATE,0.024142680689692497,0.015864215791225433,0.004461852367967367,0.015153929591178894,0.01388788316398859,0.15260115265846252,0.0021204068325459957,0.0062904804944992065,0.011201041750609875,0.006922126282006502,0.004499454516917467,0.1037970706820488,0.01174524612724781,0.10644809156656265,0.004502217285335064,0.023961596190929413,0.0773812085390091,0.0023830486461520195,0.12035204470157623,0.2104993462562561,0.08178489655256271
1,7,SELECT,8.337803592439741e-05,2.367235538258683e-05,7.3826208790706005e-06,2.3252445316757075e-05,6.280633533606306e-05,0.00028074177680537105,0.027630362659692764,0.9003691673278809,6.829891390225384e-06,1.4174218449625187e-05,7.403567451547133e-06,0.0033671909477561712,7.19687204764341e-06,0.0021610537078231573,0.0011174988467246294,0.007640673313289881,4.313330464356113e-06,0.05711371451616287,7.914208254078403e-05,0.0,0.0
1,7,UPDATE,0.0008591924561187625,0.2696382701396942,0.08620314300060272,0.005774510093033314,0.046657755970954895,1.3224263057054486e-05,2.015275094890967e-05,0.004684582818299532,0.00945230945944786,0.0015871113864704967,0.0012269867584109306,0.00014103189460001886,0.0010449632536619902,0.046937257051467896,1.888764563773293e-05,0.0036929927300661802,0.03866349905729294,0.00016066752141341567,0.0005679421592503786,0.4810919463634491,0.0015635131858289242
2,0,SELECT,0.06904733180999756,0.004776714835315943,0.007235832046717405,0.009600198827683926,0.012481232173740864,0.008084923028945923,0.008193479850888252,0.010984954424202442,0.0010522602824494243,0.0010220154654234648,0.20319820940494537,0.11346544325351715,0.20623141527175903,0.0020211334340274334,0.007890052162110806,0.009576410055160522,0.2604350447654724,0.04582727327942848,0.018876012414693832,0.0,0.0
2,0,UPDATE,0.21239984035491943,0.0028304760344326496,0.007794889155775309,0.004785232711583376,0.001608053920790553,0.004091666545718908,0.001637323759496212,0.006419647019356489,0.05812922492623329,0.04279224947094917,0.005333089269697666,0.018695181235671043,0.009460858069360256,0.2361505925655365,0.010726542212069035,0.006285305600613356,0.011974118649959564,0.3483157455921173,0.0014873755862936378,0.00685863709077239,0.0022239522077143192
2,1,SELECT,0.000740778457839042,0.0007436060695908964,0.0007586514111608267,0.0003223662788514048,0.000137157563585788,0.0004616005753632635,0.00014373708108905703,9.597640746505931e-05,0.0002076349192066118,0.00017543874855618924,0.2418474704027176,0.08301520347595215,0.24117770791053772,0.0005553049268200994,0.0008922239067032933,0.00050119508523494,0.4230264127254486,0.0012452570954337716,0.003952210769057274,0.0,0.0
2,1,UPDATE,0.29179665446281433,0.0019740392453968525,0.005222885403782129,0.013609847985208035,0.0379108265042305,0.006492069456726313,0.025342537090182304,0.3465287387371063,0.07641738653182983,0.09053970128297806,2.412711182842031e-05,0.0001457252074033022,2.9972061383887194e-05,0.015461577102541924,0.004017304629087448,0.017642036080360413,1.6995580153889023e-05,0.0557560995221138,0.0004482078365981579,0.009274445474147797,0.0013488803524523973
2,2,SELECT,0.00043717827065847814,5.158361545909429e-06,1.1381566764612217e-05,1.1133798579976428e-05,5.021093602408655e-05,1.1686339348671027e-05,3.6534805985866114e-05,0.00011234693374717608,0.0007888460531830788,0.0008541990537196398,0.15986622869968414,0.37281766533851624,0.2541138827800751,4.6838213165756315e-05,7.083905984472949e-06,4.921272557112388e-05,0.20976905524730682,2.7460891942610033e-05,0.0009838697733357549,0.0,0.0
2,2,UPDATE,0.29203054308891296,0.0005679845926351845,0.0029031941667199135,0.0024664057418704033,0.004478484392166138,0.0023529918398708105,0.0031407123897224665,0.010514136403799057,0.23098212480545044,0.25476861000061035,0.012920725159347057,0.0972885861992836,0.024270981550216675,0.013079088181257248,0.002025444293394685,0.008003754541277885,0.013042903505265713,0.008365222252905369,0.009651380591094494,0.006798689719289541,0.0003480759041849524
2,3,SELECT,1.904512828332372e-06,0.008444172330200672,0.2563571631908417,0.2262863963842392,0.035461172461509705,0.1364346444606781,0.01327140536159277,0.026012104004621506,0.003419792279601097,0.002581985667347908,0.00020230318477842957,4.1804138163570315e-05,4.677842298406176e-05,0.05546582117676735,0.037616066634655,0.13839365541934967,0.0001400970359100029,1.1330465810033274e-07,0.05982264503836632,0.0,0.0
2,3,UPDATE,0.008364064618945122,0.0248133335262537,0.021923596039414406,0.06296743452548981,0.13201728463172913,0.054822880774736404,0.1435687392950058,0.32397758960723877,0.0010337327839806676,0.0007299307617358863,0.011584937572479248,0.0023457121569663286,0.005392447579652071,0.004487171303480864,0.0077190096490085125,0.0746176689863205,0.01505144964903593,0.004565090406686068,0.02717290073633194,0.07238148152828217,0.00046360885608009994
2,4,SELECT,2.0843365291511873e-06,6.879636202938855e-07,3.4148413874390826e-07,9.916670506981973e-08,5.841124561811739e-08,2.1751850454165833e-07,8.770982873329558e-08,1.2894206236069294e-07,5.724062248191331e-06,4.05597711505834e-06,0.18670935928821564,0.15910567343235016,0.28850045800209045,1.8015032310358947e-06,2.405206487310352e-07,7.277433837771241e-07,0.36556509137153625,2.5060424491130107e-07,0.00010292691877111793,0.0,0.0
2,4,UPDATE,0.06739483773708344,0.012341871857643127,0.015730539336800575,0.01734975352883339,0.026017924770712852,0.016482176259160042,0.02183353155851364,0.03714776039123535,0.013945087790489197,0.014512802474200726,0.14424993097782135,0.1400618851184845,0.13005849719047546,0.042981214821338654,0.009956913068890572,0.02384803630411625,0.1855049431324005,0.004254136234521866,0.03946658596396446,0.03156804293394089,0.00529361329972744
2,5,SELECT,0.0176031906157732,0.022065090015530586,0.02104119025170803,0.04047538712620735,0.12374839931726456,0.023580744862556458,0.038304347544908524,0.21039612591266632,0.016156688332557678,0.01717924326658249,0.010842978022992611,0.010042007081210613,0.007127575576305389,0.014994429424405098,0.012474200688302517,0.2530724108219147,0.007239159196615219,0.004350175615400076,0.14930664002895355,0.0,0.0
2,5,UPDATE,0.016516318544745445,0.04231562092900276,0.001792309689335525,0.004221968352794647,0.019572027027606964,0.004778522066771984,0.03985785320401192,0.18163852393627167,0.05202731117606163,0.03886257857084274,0.002352598123252392,0.0029332900885492563,0.0023790192790329456,0.04136219248175621,0.0015523519832640886,0.05659954622387886,0.002294538076967001,0.3796238303184509,0.01780872978270054,0.06570147722959518,0.025809360668063164
2,6,SELECT,1.9631772374850698e-05,0.0005597625277005136,0.09690447151660919,0.03132465481758118,0.0008097119280137122,0.04092329367995262,0.0006496300920844078,3.8241134461713955e-05,0.00020036997739225626,0.00017118608229793608,0.23292189836502075,0.04527301713824272,0.1628991812467575,9.710961603559554e-05,0.06851323693990707,0.0007336148992180824,0.3038976490497589,2.903115273511503e-05,0.01403431873768568,0.0,0.0
2,6,UPDATE,0.06637262552976608,0.0195629820227623,0.0009140781476162374,0.002216252265498042,0.017743952572345734,0.001569045358337462,0.01735953614115715,0.30561453104019165,0.054947420954704285,0.04931144788861275,0.0008147431071847677,0.002137754112482071,0.000900200626347214,0.13101252913475037,0.0009628714178688824,0.04638524353504181,0.0007583822589367628,0.1864422708749771,0.0059960344806313515,0.04934185743331909,0.039636339992284775
2,7,SELECT,0.08240746706724167,0.017658285796642303,0.003920139744877815,0.007953304797410965,0.08180925995111465,0.006895741447806358,0.05874279886484146,0.17976444959640503,0.0715557336807251,0.08200820535421371,0.05759527161717415,0.10388454794883728,0.061085913330316544,0.015996970236301422,0.0032123555429279804,0.04374596104025841,0.04601188004016876,0.014002247713506222,0.06174943968653679,0.0,0.0
2,7,UPDATE,0.052204497158527374,0.0059701791033148766,0.0016354670515283942,0.0056829070672392845,0.1257750689983368,0.003914245404303074,0.08316923677921295,0.3327828645706177,0.11019796878099442,0.14435788989067078,0.0004564104019664228,0.002305583329871297,0.0005628144135698676,0.010762644000351429,0.0013151457533240318,0.029457954689860344,0.00027615687577053905,0.05274404585361481,0.005893177818506956,0.028702961280941963,0.0018327947473153472
3,0,SELECT,0.0019995849579572678,0.0005883314879611135,0.1495266556739807,0.2540332078933716,0.18964886665344238,0.20381057262420654,0.07124733924865723,0.0020027244463562965,0.00034077008604072034,0.0004788712540175766,0.0037118943873792887,0.0014164422173053026,0.002620353363454342,0.00067555857822299,0.10946492850780487,0.0016514190938323736,0.003341514617204666,0.0010687015019357204,0.0023722753394395113,0.0,0.0
3,0,UPDATE,0.01293496135622263,0.27891960740089417,0.03154919296503067,0.04169236496090889,0.03882282227277756,0.05944863706827164,0.07619618624448776,0.10788951814174652,0.010608327575027943,0.007664862088859081,0.05787776783108711,0.024892657995224,0.03372887521982193,0.016988275572657585,0.012252889573574066,0.03358232602477074,0.05207039415836334,0.00733764236792922,0.0482221283018589,0.02895243838429451,0.018368184566497803
3,1,SELECT,1.21010780276265e-05,0.0005172673263587058,0.19185449182987213,0.25193291902542114,0.011269866488873959,0.47457143664360046,0.02629822865128517,0.0004990752786397934,0.00014918709348421544,0.00011685377103276551,0.00010106506670126691,2.6703577532316558e-05,4.934290700475685e-05,8.403375431953464e-06,0.042455580085515976,1.171004623756744e-05,9.484935435466468e-05,6.524438504129648e-06,2.446934195177164e-05,0.0,0.0
3,1,UPDATE,0.04247663915157318,0.12676098942756653,0.024111900478601456,0.022567961364984512,0.02699561044573784,0.0243847519159317,0.04107479751110077,0.13782323896884918,0.15578410029411316,0.13392417132854462,0.02707059681415558,0.029671205207705498,0.027209846302866936,0.027166491374373436,0.012234964407980442,0.015119461342692375,0.030645933002233505,0.020950404927134514,0.013591754250228405,0.016739927232265472,0.043695252388715744
3,2,SELECT,0.00032966374419629574,0.24513502418994904,0.1357148289680481,0.13032178580760956,0.024677271023392677,0.27162712812423706,0.09539328515529633,0.0053659467957913876,0.0017734968569129705,0.0013422974152490497,0.005432728212326765,0.0023171107750386,0.0037467828951776028,0.0008941350970417261,0.0651249811053276,0.0012098026927560568,0.005919164977967739,0.0015790024772286415,0.0020955621730536222,0.0,0.0
3,2,UPDATE,0.02229413203895092,0.03161616623401642,0.0128632802516222,0.009218771941959858,0.0038964070845395327,0.012822898104786873,0.007342134136706591,0.00299554830417037,0.003326142206788063,0.0027531844098120928,0.10665704309940338,0.15690748393535614,0.1509287804365158,0.07504929602146149,0.018480150029063225,0.036169543862342834,0.1238042488694191,0.1202479898929596,0.044412657618522644,0.04998268559575081,0.008231493644416332
3,3,SELECT,0.000267505063675344,0.35513418912887573,0.0030302032828330994,0.004634557757526636,0.1055685356259346,0.022857213392853737,0.41041505336761475,0.023958105593919754,0.009497372433543205,0.010744493454694748,0.01755170151591301,0.003681870875880122,0.00799106527119875,0.001813403214327991,0.0028819807339459658,0.0015033123781904578,0.013499749824404716,0.0005658617010340095,0.004403811879456043,0.0,0.0
3,3,UPDATE,0.09741777181625366,0.0011323372600600123,6.527703135361662e-06,7.202050255727954e-06,0.00046944458154030144,9.27685232454678e-06,0.000712060194928199,0.01482316106557846,0.34126728773117065,0.5194207429885864,0.0005104817682877183,0.002612822689116001,0.0012227720580995083,0.005347813945263624,6.126434982434148e-06,0.0006236500339582562,0.0005577642587013543,0.0060028620064258575,0.00041332500404678285,0.0009157095919363201,0.006520835682749748
3,4,SELECT,0.00013717697584070265,0.06531089544296265,0.0034221161622554064,0.009755302220582962,0.46709656715393066,0.016815949231386185,0.3487987816333771,0.05127381533384323,0.00017191200458910316,0.0002290830307174474,0.012573553249239922,0.0011813536984845996,0.0031894557178020477,0.0005523984436877072,0.00220881006680429,0.0024058979470282793,0.009317035786807537,0.00019185808196198195,0.005368061829358339,0.0,0.0
3,4,UPDATE,0.034419555217027664,0.04696947708725929,0.0005079269758425653,0.0005101051647216082,0.0009004740859381855,0.0006422378937713802,0.0014753302093595266,0.00615880498662591,0.0018061244627460837,0.0012857551919296384,0.11985108256340027,0.11605770885944366,0.12393919378519058,0.10764101892709732,0.0005580479046329856,0.06542452424764633,0.13590459525585175,0.05059254541993141,0.08851452171802521,0.0838131457567215,0.013027871027588844
3,5,SELECT,4.317247430662974e-07,0.00011968418402830139,0.4822714328765869,0.29250431060791016,0.0008969793561846018,0.1525263488292694,0.0005995319806970656,0.0001029085906338878,3.7360612168413354e-06,2.715524033192196e-06,6.02065256316564e-07,3.0353737656696467e-07,3.1355011742562056e-07,1.8092360960508813e-06,0.0709468349814415,1.411237917636754e-05,6.621235115744639e-07,4.0080522012431175e-06,3.310437250547693e-06,0.0,0.0
3,5,UPDATE,0.008193145506083965,0.056857652962207794,0.1482023000717163,0.14384250342845917,0.04889104515314102,0.1334857940673828,0.06228802725672722,0.13660474121570587,0.05347272753715515,0.0441911406815052,0.005851438734680414,0.0056162262335419655,0.004946289584040642,0.009218432009220123,0.060145389288663864,0.015196779742836952,0.005760009400546551,0.011255297809839249,0.008882793597877026,0.013308857567608356,0.02378937043249607
3,6,SELECT,0.0007054336601868272,0.2458299994468689,0.17233289778232574,0.15964725613594055,0.0008529201149940491,0.27297985553741455,0.004187996964901686,0.00012090249947505072,5.375220098358113e-06,2.3027787392493337e-06,0.01490318588912487,0.004854829050600529,0.009500395506620407,0.0011084119323641062,0.08171436935663223,0.003898564027622342,0.013923067599534988,0.0010235026711598039,0.012408672831952572,0.0,0.0
3,6,UPDATE,0.06722617149353027,5.2006846090080217e-05,6.70633562549483e-06,1.3255225894681644e-05,0.00046997066237963736,1.287254872295307e-05,0.00030819783569313586,0.0016108411364257336,0.0005029430612921715,0.0006049255607649684,0.06504890322685242,0.1859332174062729,0.14040055871009827,0.05519607663154602,2.2829161025583744e-05,0.040897611528635025,0.07015145570039749,0.2832016348838806,0.03366558626294136,0.05450252816081047,0.00017175603716168553
3,7,SELECT,0.0014880880480632186,0.6129554510116577,1.0427203960716724e-05,1.546355451864656e-05,0.000911020440980792,2.5691742848721333e-05,0.0029485805425792933,0.1801823079586029,0.10191674530506134,0.07948564738035202,0.0021107762586325407,0.003157862927764654,0.002020607003942132,0.005195082165300846,7.877857569837943e-06,0.0019381435122340918,0.0020299756433814764,0.00116128905210644,0.0024389007594436407,0.0,0.0
3,7,UPDATE,0.018485363572835922,0.09410147368907928,0.00026142943534068763,0.00012640346540138125,0.00010923492664005607,0.00015289838484022766,0.00022076840105000883,0.0009629896376281977,0.0022438853047788143,0.0016033588908612728,0.07970023900270462,0.14646224677562714,0.12849657237529755,0.12266204506158829,0.00047783894115127623,0.039495136588811874,0.11680472642183304,0.07157934457063675,0.06690289080142975,0.05774088203907013,0.051410283893346786
4,0,SELECT,0.001120853703469038,0.23130248486995697,0.018062623217701912,0.04005712270736694,0.19044461846351624,0.08568041026592255,0.28231966495513916,0.03148285672068596,0.0008892541518434882,0.0007750315126031637,0.024034736678004265,0.008841676637530327,0.012973356060683727,0.009976151399314404,0.010164691135287285,0.01152881421148777,0.02146276831626892,0.004254395142197609,0.014628487639129162,0.0,0.0
4,0,UPDATE,0.4830124080181122,0.0011868173023685813,0.011169785633683205,0.006774167995899916,0.002535497769713402,0.0035098434891551733,0.0015339258825406432,0.00992938969284296,0.0745009109377861,0.08778532594442368,0.015777846798300743,0.0358833447098732,0.02715654857456684,0.031387172639369965,0.015687476843595505,0.029997466132044792,0.017360346391797066,0.0634121298789978,0.02571813389658928,0.028501076623797417,0.027180392295122147
4,1,SELECT,0.0006614545127376914,0.1161830946803093,0.20337992906570435,0.18471388518810272,0.024365341290831566,0.27592286467552185,0.03947940841317177,0.004870023112744093,0.0005566004547290504,0.00039468315662816167,0.010346174240112305,0.004267227835953236,0.00581380445510149,0.006091858725994825,0.08551590889692307,0.011308785527944565,0.009405568242073059,0.0028342436999082565,0.013889089226722717,0.0,0.0
4,1,UPDATE,0.08285702019929886,0.013372289948165417,0.01660132221877575,0.013537217862904072,0.013791089877486229,0.011539497412741184,0.013643326237797737,0.03252072259783745,0.14014726877212524,0.15179070830345154,0.03617234155535698,0.048368148505687714,0.04330110549926758,0.04404515400528908,0.02405770681798458,0.03445090726017952,0.03870460018515587,0.054208219051361084,0.032107193022966385,0.03542958199977875,0.11935459822416306
4,2,SELECT,0.000518047483637929,0.10957280546426773,0.17743466794490814,0.21343177556991577,0.05827319249510765,0.26476454734802246,0.06086159124970436,0.004530816338956356,0.0007498414488509297,0.0007097666966728866,0.002644800115376711,0.0012491875095292926,0.0016474894946441054,0.0019282872090116143,0.09233693778514862,0.0027757473289966583,0.0024316650815308094,0.001066852593794465,0.0030719961505383253,0.0,0.0
4,2,UPDATE,0.1035546138882637,0.013699032366275787,0.023055851459503174,0.01934732310473919,0.01308169960975647,0.015803445130586624,0.01094109658151865,0.020057054236531258,0.024512028321623802,0.02373058907687664,0.0697016641497612,0.08179587870836258,0.07860149443149567,0.07248282432556152,0.03265175223350525,0.07338519394397736,0.07285652309656143,0.08363422006368637,0.07297173142433167,0.07337503135204315,0.020761003717780113
4,3,SELECT,2.760178858807194e-06,0.23638524115085602,0.223201185464859,0.17379991710186005,0.0031927681993693113,0.2369917333126068,0.004729320760816336,0.00010933014709735289,1.536201307317242e-05,9.705318916530814e-06,0.0021431336645036936,0.000385088671464473,0.0008099970291368663,0.00050023925723508,0.11319141089916229,0.0007847163360565901,0.002147331601008773,0.0001114265905926004,0.0014893024927005172,0.0,0.0
4,3,UPDATE,0.25712868571281433,0.003787838853895664,0.007108187302947044,0.006291142199188471,0.006845083553344011,0.004832306876778603,0.004766961093991995,0.007204592693597078,0.012421849183738232,0.013172213919460773,0.04847806319594383,0.08116911351680756,0.0679113045334816,0.0752587616443634,0.016012923792004585,0.07237870991230011,0.04914844408631325,0.11679680645465851,0.06526020914316177,0.07105935364961624,0.012967447750270367
4,4,SELECT,0.0010480346390977502,0.25429806113243103,0.02394869364798069,0.04988233745098114,0.20053622126579285,0.08092881739139557,0.2040775567293167,0.051574137061834335,0.0026966766454279423,0.002154862741008401,0.020154118537902832,0.010113184340298176,0.01228449959307909,0.014289137907326221,0.011121843010187149,0.017880579456686974,0.016502486541867256,0.005574444308876991,0.02093438431620598,0.0,0.0
4,4,UPDATE,0.6182371973991394,2.186176243412774e-05,0.0037819782737642527,0.002657886827364564,0.0014612042577937245,0.0018536372808739543,0.0008571016951464117,0.004771296866238117,0.023074928671121597,0.03239865601062775,0.02363351546227932,0.043488409370183945,0.03906117007136345,0.02256971411406994,0.01565176248550415,0.02248101681470871,0.026729466393589973,0.06824170798063278,0.02118106372654438,0.021065745502710342,0.006780756637454033
4,5,SELECT,0.000530160148628056,0.05127544328570366,0.2908906936645508,0.2090621441602707,0.01877199299633503,0.25636112689971924,0.02637695148587227,0.003726222785189748,0.002230194630101323,0.0019780537113547325,0.0023220751900225878,0.0012930033262819052,0.001554178656078875,0.0017959749093279243,0.12329800426959991,0.00259723630733788,0.002128307009115815,0.0008736600284464657,0.002934563672170043,0.0,0.0
4,5,UPDATE,0.002307973802089691,0.004938832018524408,0.017940251156687737,0.01117941364645958,0.007165045943111181,0.02015252783894539,0.020705705508589745,0.01396141853183508,0.40470248460769653,0.42399826645851135,0.0027066476177424192,0.004230692517012358,0.0030662601348012686,0.004634668119251728,0.013121088035404682,0.0035336455330252647,0.0021273461170494556,0.0037785018794238567,0.00342903146520257,0.0032370148692280054,0.029083259403705597
4,6,SELECT,4.922516745864414e-05,0.17620673775672913,0.14919854700565338,0.18421584367752075,0.06931700557470322,0.28111228346824646,0.08714471757411957,0.0068768044002354145,0.0025282546412199736,0.002398853190243244,0.000485677708638832,0.0002166460908483714,0.0002674623974598944,0.0003662191447801888,0.037944551557302475,0.000521981914062053,0.0004028358671348542,0.00013819008017890155,0.0006081094616092741,0.0,0.0
4,6,UPDATE,0.0015319912927225232,0.008034605532884598,0.04482969641685486,0.03047017566859722,0.012668642215430737,0.03353716805577278,0.018100788816809654,0.01967860944569111,0.3403666019439697,0.37001922726631165,0.0023991873022168875,0.002844461239874363,0.0023789640981703997,0.0036073382943868637,0.03546559438109398,0.002724424470216036,0.002264348790049553,0.003079380840063095,0.002309427596628666,0.0027373770717531443,0.06095200777053833
4,7,SELECT,9.898109965433832e-06,0.03515470772981644,0.0004642399726435542,0.0029792150016874075,0.5279891490936279,0.009006095118820667,0.3990837335586548,0.02334563434123993,7.550593636551639e-06,7.861190169933252e-06,0.0005021050455980003,8.82816530065611e-05,0.00018592590640764683,7.036810711724684e-05,0.00020238982688169926,0.0001670785859460011,0.0004245925520081073,4.723601887235418e-05,0.00026388830156065524,0.0,0.0
4,7,UPDATE,0.020831799134612083,0.06638593226671219,0.02854144759476185,0.04230913519859314,0.17496268451213837,0.052647996693849564,0.1458844095468521,0.1331103891134262,0.0242257509380579,0.026814302429556847,0.025154422968626022,0.017310477793216705,0.02087872289121151,0.016577312722802162,0.02224234864115715,0.018804505467414856,0.02469247579574585,0.015936870127916336,0.021549662575125694,0.019219528883695602,0.08191985636949539
