construction,sweep,beta,beta_max,sigma,dim,rho,T,max_pred_err_mean,w_linf_mean,w_l1_mean,max_w_linf_mean,decision_agree_mean,regret_diff_mean,max_cos_mean,diverged_mean,max_pred_err_sem,w_linf_sem,w_l1_sem,max_w_linf_sem,decision_agree_sem,regret_diff_sem,n
mwu,beta_route,1.0,,,,,100,0.5426113408845274,0.5833358965294544,1.1678500407768961,0.6511993651628322,0.8464592686809181,7.25,0.0,0.0,0.01855808007276389,0.06934032529171727,0.13833681956068977,0.05706019945698203,0.024541761031411934,2.116196936413105,20
mwu,beta_route,1.0,,,,,500,0.7679040210203588,0.546638225290933,1.093276450581866,0.7183886319624848,0.7919758042310248,45.05,0.0,0.0,0.04897352079244373,0.10496470352652461,0.20992940705304924,0.0657790207981684,0.042601123547626546,13.864470874562036,20
mwu,beta_route,2.0,,,,,100,0.4761763355309581,0.47622088990500044,0.9524417798100009,0.5490467688376724,0.8734381220154417,5.2,0.0,0.0,0.029002946692389335,0.056855735993631036,0.11371147198726207,0.04805087036349391,0.022226513262458086,1.5262613420415674,20
mwu,beta_route,2.0,,,,,500,0.6784307343446045,0.4443682346053618,0.8887364692107236,0.6444678699433511,0.8179192641778348,35.55,0.0,0.0,0.06394942893983446,0.10413921564126853,0.2082784312825371,0.06785621272354365,0.04131899662838259,11.975298040462071,20
mwu,beta_route,5.0,,,,,100,0.07241745900844143,0.07675295002909445,0.15499795521921733,0.08183026635088056,0.9843065283595476,0.2,0.0,0.0,0.007434824730357467,0.009854339814173697,0.01949489773117557,0.009335387674788908,0.004376295429461372,0.3524351377428044,20
mwu,beta_route,5.0,,,,,500,0.22841518886722395,0.12306215767571353,0.24612431535142712,0.21103357281029367,0.9711753329855917,1.65,0.0,0.0,0.0555243763149015,0.056807837490543016,0.11361567498108603,0.052073711598274085,0.013928063750968691,1.0545016283584043,20
mwu,beta_route,10.0,,,,,100,0.0005182598062267979,0.0005377854511194214,0.0010841365175277378,0.0005697719050810124,1.0,-0.05,0.0,0.0,5.294217314081421e-05,6.497482275154507e-05,0.00012916414946319887,6.256927006165357e-05,0.0,0.11413288653790231,20
mwu,beta_route,10.0,,,,,500,0.0018289434066302013,0.0009677046066445195,0.0019354094510964797,0.0018388410854989989,0.9997999999999999,0.05,0.0,0.0,0.0003507105655020329,0.0003119783154814292,0.0006239566463508455,0.0002891377430298892,0.00019999999999999668,0.1534686664402456,20
mwu,beta_route,20.0,,,,,100,2.3537418419872225e-08,2.4418449609542314e-08,4.922542716867626e-08,2.5869882250284526e-08,1.0,-0.05,0.0,0.0,2.404272951513357e-09,2.948535300330848e-09,5.861586909605815e-09,2.839664260560364e-09,0.0,0.11413288653790231,20
mwu,beta_route,20.0,,,,,500,8.302142931529422e-08,4.410297349786985e-08,8.820595872647681e-08,8.353008820183306e-08,1.0,-0.05,0.0,0.0,1.579980812165339e-08,1.4078179371158852e-08,2.8156359521530202e-08,1.3045171394276599e-08,0.0,0.11413288653790231,20
mwu,beta_route,50.0,,,,,100,0.0,0.0,0.0,0.0,1.0,0.0,0.0,0.0,0.0,0.0,0.0,0.0,0.0,0.0,20
mwu,beta_route,50.0,,,,,500,0.0,0.0,0.0,0.0,1.0,0.0,0.0,0.0,0.0,0.0,0.0,0.0,0.0,0.0,20
mwu,beta_route,100.0,,,,,100,0.0,0.0,0.0,0.0,1.0,0.0,0.0,0.0,0.0,0.0,0.0,0.0,0.0,0.0,20
mwu,beta_route,100.0,,,,,500,0.0,0.0,0.0,0.0,1.0,0.0,0.0,0.0,0.0,0.0,0.0,0.0,0.0,0.0,20
mwu,beta_route,1000.0,,,,,100,0.0,0.0,0.0,0.0,1.0,0.0,0.0,0.0,0.0,0.0,0.0,0.0,0.0,0.0,20
mwu,beta_route,1000.0,,,,,500,0.0,0.0,0.0,0.0,1.0,0.0,0.0,0.0,0.0,0.0,0.0,0.0,0.0,0.0,20
mwu,beta_route,10000.0,,,,,100,0.0,0.0,0.0,0.0,1.0,0.0,0.0,0.0,0.0,0.0,0.0,0.0,0.0,0.0,20
mwu,beta_route,10000.0,,,,,500,0.0,0.0,0.0,0.0,1.0,0.0,0.0,0.0,0.0,0.0,0.0,0.0,0.0,0.0,20
mwu,beta_route,1000000.0,,,,,100,0.0,0.0,0.0,0.0,1.0,0.0,0.0,0.0,0.0,0.0,0.0,0.0,0.0,0.0,20
mwu,beta_route,1000000.0,,,,,500,0.0,0.0,0.0,0.0,1.0,0.0,0.0,0.0,0.0,0.0,0.0,0.0,0.0,0.0,20
mwu,beta_x_dim,10.0,,,32.0,,100,0.9185191580622358,0.5654624237785892,1.1345541002800585,0.6899029690986607,0.753480320775608,11.75,0.4685909083126097,0.0,0.05787539017594843,0.06971967482236807,0.13924450578931316,0.049978429668635124,0.03472945649444998,2.725971579571507,20
mwu,beta_x_dim,10.0,,,32.0,,500,1.0694405922437666,0.6406696766087878,1.281339936184366,0.8192519130707769,0.6804069132633079,76.75,0.4685909083126097,0.0,0.054638863530272,0.09635802589341484,0.19271599139167397,0.04663506831449882,0.040842403333483115,14.877017775573732,20
mwu,beta_x_dim,10.0,,,64.0,,100,0.8012080257556617,0.4726351390260136,0.9780942080593189,0.5819330901450593,0.7900750265116981,9.1,0.33225016350453335,0.0,0.05680302998186827,0.0714956110475203,0.14514637030169658,0.054515105239813545,0.03959818875469757,2.9036274953201118,20
mwu,beta_x_dim,10.0,,,64.0,,500,0.8626812387922147,0.47845451600466343,0.9572616258285528,0.6788041538960476,0.7603905867815078,58.5,0.33225016350453335,0.0,0.060299124872511135,0.1060364423080768,0.21216379117580736,0.0685909765045424,0.05077746443369267,17.22093279459012,20
mwu,beta_x_dim,10.0,,,128.0,,100,0.6844544949994754,0.40328223436334704,0.8136635910454153,0.4541940169175115,0.8016547114315891,9.5,0.23721008257877205,0.0,0.048778526961725445,0.05647112774584163,0.11300194015620602,0.04760103960454961,0.03176479420903135,2.809289102808376,20
mwu,beta_x_dim,10.0,,,128.0,,500,0.8364333106603998,0.4134410383928039,0.8268918848736746,0.6258458044136258,0.7681933230209176,52.4,0.23721008257877205,0.0,0.06552678492521799,0.0979508848171133,0.19590467493901464,0.07168499916511514,0.042285263782816,14.80743056711731,20
mwu,beta_x_dim,10.0,,,256.0,,100,0.5708663761190549,0.3690500234916935,0.74935070900897,0.39331055718551305,0.8282632521299679,8.4,0.16269360089398413,0.0,0.058173552193695154,0.05686956795097344,0.1147075101010735,0.05071974415644603,0.03552314508563803,2.5633037892121706,20
mwu,beta_x_dim,10.0,,,256.0,,500,0.735113708932676,0.4931791447712842,0.9863585036361435,0.5922706942224771,0.7870972320534988,56.0,0.16269360089398413,0.0,0.07728800936258873,0.10049488663443645,0.20098982413491534,0.0854252479633217,0.044176429571702466,14.991752118379868,20
mwu,beta_x_dim,10.0,,,512.0,,100,0.3868120463742486,0.21548188576539498,0.4526406809122908,0.2381130511523403,0.8723237317419938,3.95,0.12010095499453584,0.0,0.04519085245080444,0.03630954153938417,0.07277248075932918,0.03403013769018648,0.028855751724706145,1.3831219453791748,20
mwu,beta_x_dim,10.0,,,512.0,,500,0.5483856195051884,0.2656785267302829,0.531358329871644,0.3991099186490821,0.853662577998352,23.25,0.12010095499453584,0.0,0.06467732222463093,0.07643223640167728,0.15286479109726014,0.06647051121478757,0.03865777896707783,8.90206215021642,20
mwu,beta_x_dim,10.0,,,1024.0,,100,0.28588613671699376,0.1504659995978459,0.3097494950301001,0.16377186070078747,0.9233354850843805,3.15,0.08310998156126659,0.0,0.03179555988034486,0.023307798106466573,0.04624955198935935,0.022216263197152596,0.020873247409661948,1.775972676413807,20
mwu,beta_x_dim,10.0,,,1024.0,,500,0.4411751754050194,0.20669201947112756,0.4133841557895308,0.3042568481197107,0.9019625860611512,17.5,0.08310998156126659,0.0,0.06717883181110743,0.07420469869156941,0.1484094044798749,0.06710379403467522,0.035615732010526556,10.12435832924474,20
mwu,beta_x_dim,10.0,,,2048.0,,100,0.18035412752766766,0.09375147720187917,0.20010547245770546,0.10428607819256379,0.9535106875614975,1.15,0.05580562464231039,0.0,0.021709047108591364,0.016692836840190555,0.03455893255928244,0.014915000534473614,0.012399533834265697,0.581626575806342,20
mwu,beta_x_dim,10.0,,,2048.0,,500,0.30029779563991627,0.12927856643775773,0.25858416900326336,0.20853193694480426,0.9419940992973155,5.9,0.05580562464231039,0.0,0.06178315088416837,0.053480838891800664,0.10696615566174414,0.051422165328981126,0.02491510711388695,3.257299494980466,20
mwu,beta_x_dim,10.0,,,4096.0,,100,0.20303234254513872,0.10692128703852574,0.22238534155326026,0.1177988506998738,0.9371777410120561,2.55,0.04043502467319148,0.0,0.031110657811303812,0.019265736294077417,0.04036954351088348,0.018317801932909796,0.014325952865610671,1.0194812922575667,20
mwu,beta_x_dim,10.0,,,4096.0,,500,0.4341485370525593,0.19636603142935444,0.392750621619204,0.27333101092705003,0.8910460768376829,13.4,0.04043502467319148,0.0,0.0825887376689911,0.059418226979547684,0.11883778432859479,0.05736407560871186,0.03077274342963987,4.638738485498196,20
mwu,beta_x_dim,10.0,,,8192.0,,100,0.12263176954169892,0.06707498082895486,0.1385172030943713,0.07243086660070937,0.963026486195853,1.25,0.027572015708937015,0.0,0.019883167061960694,0.0131332146202442,0.02662094039949556,0.013075245991648898,0.009410764081157501,0.6915847552427761,20
mwu,beta_x_dim,10.0,,,8192.0,,500,0.27565753796457654,0.12136807232771311,0.2427379667772319,0.1675802572166816,0.955583780407372,5.85,0.027572015708937015,0.0,0.0634360943849453,0.04294513245995799,0.0858900615979391,0.04251844863300922,0.01737616704344082,2.9738111291033507,20
mwu,beta_x_dim,10.0,,,16384.0,,100,0.0896596823491335,0.04135263700970458,0.0895948952996793,0.04764700931185661,0.9843318871441109,0.7,0.020991030318177912,0.0,0.014849888994492915,0.009232987274346391,0.020113909982629043,0.008998629033580554,0.004141427340253327,0.40457905349426554,20
mwu,beta_x_dim,10.0,,,16384.0,,500,0.1601144898692518,0.0529396271593414,0.1058796118783232,0.0935057256265541,0.9890718915694553,1.1,0.020991030318177912,0.0,0.03386673342442185,0.02169590693150512,0.043392057733112374,0.02363995574419273,0.004616136445336639,0.7674290640971663,20
mwu,beta_x_dim,20.0,,,32.0,,100,0.9191346079334901,0.5845274293514744,1.1718352598093016,0.7027239030250549,0.7519344539440269,12.0,0.4685909083126097,0.0,0.05778593189122816,0.06976515281380076,0.13942590046182962,0.04778893376564722,0.034629672244793394,2.677390717215472,20
mwu,beta_x_dim,20.0,,,32.0,,500,1.0400796312060698,0.7253586737628231,1.4507177958869322,0.8587118268963462,0.6935273702415214,72.6,0.4685909083126097,0.0,0.05043456668060391,0.08829307580161118,0.17658607827315498,0.04284152233408615,0.04298453986725065,15.15349534109644,20
mwu,beta_x_dim,20.0,,,64.0,,100,0.7943244858572471,0.48916805283222586,1.019175819015325,0.5813215803960761,0.792075026511698,9.1,0.33225016350453335,0.0,0.05670896343428645,0.06935699073066504,0.14174625640659338,0.05364513244799848,0.03927501843904134,2.927096639477779,20
mwu,beta_x_dim,20.0,,,64.0,,500,0.8620989342049169,0.528068344802298,1.0568386560324154,0.6988171927301966,0.7607905867815079,58.4,0.33225016350453335,0.0,0.060512216602778994,0.10588646533969792,0.2119365317218394,0.07048651264163157,0.0506859237817398,17.242908534723547,20
mwu,beta_x_dim,20.0,,,128.0,,100,0.6902159125213649,0.40217961547892694,0.8114923416087458,0.45226654819636947,0.7976547114315892,9.65,0.23721008257877205,0.0,0.04715431162499356,0.05675133779728644,0.11360065491310924,0.04804799598353627,0.03194425948194995,2.7798854576933087,20
mwu,beta_x_dim,20.0,,,128.0,,500,0.8660457563157842,0.4071604683802718,0.8143307321950657,0.6009448448185223,0.7463937246273433,55.15,0.23721008257877205,0.0,0.062017718187169016,0.0967754065598036,0.19355378258973888,0.07063176696529168,0.042255713387280444,14.538926877071845,20
mwu,beta_x_dim,20.0,,,256.0,,100,0.5706721887909778,0.36846083631097903,0.7483444669822824,0.3927595430364034,0.8282632521299679,8.45,0.16269360089398413,0.0,0.05810819350964806,0.056666375217703145,0.11434738681929468,0.05049055413501681,0.03552314508563803,2.563380785726455,20
mwu,beta_x_dim,20.0,,,256.0,,500,0.7364847381761381,0.4921948316263947,0.9843900447083402,0.5915477600770247,0.790898636468755,54.65,0.16269360089398413,0.0,0.07538712454791394,0.10039055053154089,0.20078118897320116,0.0853438526690503,0.044616447406469445,15.10337623461094,20
mwu,beta_x_dim,20.0,,,512.0,,100,0.38665155328386047,0.21504908205810014,0.4516070098184345,0.2376883778387071,0.8723237317419938,3.9,0.12010095499453584,0.0,0.045138128618373734,0.03614604168382978,0.07250139085508585,0.033869683271766884,0.028855751724706148,1.38772816995412,20
mwu,beta_x_dim,20.0,,,512.0,,500,0.5479337190537444,0.2634758098641795,0.5269529825609686,0.39783955575335284,0.8536653940916994,23.2,0.12010095499453584,0.0,0.06471831837159218,0.07598110877912878,0.1519625662398931,0.06608792269551172,0.03867575264470895,8.90434547965501,20
mwu,beta_x_dim,20.0,,,1024.0,,100,0.28571296114637346,0.15026952946171251,0.309343886795186,0.16357979136014916,0.9233354850843805,3.1,0.08310998156126659,0.0,0.031763438754907086,0.023269267662679134,0.04617149025649297,0.022163202446352663,0.020873247409661948,1.7813359859209161,20
mwu,beta_x_dim,20.0,,,1024.0,,500,0.4411329976267087,0.20630072795934123,0.4126015723781708,0.3039801344917081,0.9018621844547254,17.5,0.08310998156126659,0.0,0.06723444893136132,0.07407331588625347,0.1481466389869245,0.06702954205553582,0.03561920344414502,10.133191942688564,20
mwu,beta_x_dim,20.0,,,2048.0,,100,0.1801844981365351,0.09348510803441448,0.19952299551829938,0.104010535826037,0.9530106875614976,1.2,0.05580562464231039,0.0,0.02168617197843445,0.016634038944914484,0.03445896281354675,0.014861223090403239,0.012353309879066063,0.5785644666804756,20
mwu,beta_x_dim,20.0,,,2048.0,,500,0.29980925130179614,0.1291757225653714,0.2583776540712654,0.20806570029676816,0.9421959101625067,5.8,0.05580562464231039,0.0,0.06165988558391592,0.053380826044278545,0.1067660326510824,0.051349142115443384,0.02479796281418986,3.1694263136874996,20
mwu,beta_x_dim,20.0,,,4096.0,,100,0.202889087573405,0.10667431020432512,0.22195060228090485,0.11754352397528238,0.9371777410120561,2.55,0.04043502467319148,0.0,0.031139026747456364,0.019256032535493413,0.04036922207841121,0.01831648545437614,0.014325952865610671,1.0194812922575667,20
mwu,beta_x_dim,20.0,,,4096.0,,500,0.4329926368839151,0.19531983132425176,0.3906563453716242,0.27232263034488513,0.8911462772384846,13.35,0.04043502467319148,0.0,0.08238273137509326,0.05910612576574036,0.11821345883206441,0.05713662860111697,0.03075379455573996,4.6392348507054475,20
mwu,beta_x_dim,20.0,,,8192.0,,100,0.12260469711797513,0.06692869747446657,0.1382495042765206,0.0722991186875411,0.963026486195853,1.2,0.027572015708937015,0.0,0.01987881851727981,0.013103843894752071,0.02657455322540539,0.013047193960624605,0.009410764081157501,0.6751218213657522,20
mwu,beta_x_dim,20.0,,,8192.0,,500,0.2751901686545478,0.12097883894784445,0.24195832134347678,0.16708442577138585,0.9556839808081736,5.75,0.027572015708937015,0.0,0.06330364995614673,0.04258020175450222,0.08516038027864485,0.042218261648456504,0.017336367351651925,2.9752266609807267,20
mwu,beta_x_dim,20.0,,,16384.0,,100,0.08970112210847189,0.04137396927557616,0.08955955120990465,0.04766579974045592,0.9843318871441109,0.7,0.020991030318177912,0.0,0.014862723161769361,0.009246926212245273,0.020140891255261213,0.00901258897463805,0.004141427340253332,0.40457905349426554,20
mwu,beta_x_dim,20.0,,,16384.0,,500,0.16018681662113635,0.05274947814856264,0.10549937713163024,0.09344286851154551,0.9888718915694552,1.2,0.020991030318177912,0.0,0.033901120210809724,0.021524544222454572,0.04304937223395645,0.023549198722612186,0.004632007377647989,0.7933937762615272,20
mwu,beta_x_dim,50.0,,,32.0,,100,0.9191348839705995,0.583416380705312,1.1696094474667924,0.7013417491328077,0.7519344539440269,11.95,0.4685909083126097,0.0,0.05778589300772651,0.06951219720227923,0.1389224237423996,0.04750761587504452,0.034629672244793394,2.668012270152484,20
mwu,beta_x_dim,50.0,,,32.0,,500,1.040074321431919,0.7253615749830674,1.450723598324862,0.8587163893745288,0.70422656702867,69.1,0.4685909083126097,0.0,0.0504330269608423,0.08829352210689477,0.17658697088373584,0.04284217278189385,0.043747652557770376,15.30907883371309,20
mwu,beta_x_dim,50.0,,,64.0,,100,0.7943056225098012,0.48922210563436747,1.0191714280695483,0.5813546409239054,0.792075026511698,9.15,0.33225016350453335,0.0,0.056711704547797046,0.06936624664302991,0.14174789786328218,0.053650418027730476,0.03927501843904134,2.9166265661403736,20
mwu,beta_x_dim,50.0,,,64.0,,500,0.8620690992074765,0.5280716890821677,1.056838655601307,0.6988266280525258,0.7607905867815079,58.45,0.33225016350453335,0.0,0.06051426051908374,0.10588724464041499,0.21193653130926465,0.07048961834421158,0.0506859237817398,17.233607772086064,20
mwu,beta_x_dim,50.0,,,128.0,,100,0.6902563471100953,0.40217946669345717,0.8114921000248391,0.45226497342762856,0.7976547114315892,9.7,0.23721008257877205,0.0,0.047147380371322135,0.056751502512008015,0.1136009791955739,0.04804828001269019,0.03194425948194995,2.782558459214715,20
mwu,beta_x_dim,50.0,,,128.0,,500,0.8660451747475884,0.40714756823981857,0.8143049319147201,0.6009380776191229,0.7463937246273433,55.2,0.23721008257877205,0.0,0.062017945614846366,0.09677626602917845,0.19355550157069887,0.070631961444575,0.042255713387280444,14.533916775670116,20
mwu,beta_x_dim,50.0,,,256.0,,100,0.5706721452050264,0.3684608360618811,0.7483444946815114,0.3927595473836757,0.8282632521299679,8.5,0.16269360089398413,0.0,0.058108186429456136,0.056666347018731696,0.11434733681063326,0.050490520516888515,0.03552314508563803,2.5603248149199227,20
mwu,beta_x_dim,50.0,,,256.0,,500,0.7364881912855157,0.49219498951036444,0.9843903604997448,0.5915478262202806,0.790898636468755,54.7,0.16269360089398413,0.0,0.07538656377404561,0.10039058981478532,0.20078126754455172,0.08534387157921854,0.044616447406469445,15.101254740479087,20
mwu,beta_x_dim,50.0,,,512.0,,100,0.38665150921309654,0.2150490375050144,0.451606876048285,0.2376883233967591,0.8723237317419938,3.95,0.12010095499453584,0.0,0.04513811991425488,0.03614600912267598,0.07250134016239539,0.03386965300266514,0.028855751724706145,1.3944910409026996,20
mwu,beta_x_dim,50.0,,,512.0,,500,0.5479335242244933,0.26347571699724937,0.5269527968298586,0.3978395199732081,0.8536653940916994,23.25,0.12010095499453584,0.0,0.06471834028453252,0.07598108906672915,0.15196252681618708,0.06608790316209533,0.03867575264470895,8.89555625313176,20
mwu,beta_x_dim,50.0,,,1024.0,,100,0.28571294379439754,0.15026951426375906,0.3093438563683357,0.1635797763345423,0.9233354850843805,3.15,0.08310998156126659,0.0,0.03176343517877703,0.02326926458652731,0.04617148358971495,0.022163197701686364,0.020873247409661948,1.775972676413807,20
mwu,beta_x_dim,50.0,,,1024.0,,500,0.44113298149986446,0.20630067784242972,0.41260147214429554,0.30398009380712965,0.9018621844547254,17.55,0.08310998156126659,0.0,0.06723445208319899,0.07407329974536013,0.14814660670514213,0.06702953533824631,0.03561920344414502,10.12850978803475,20
mwu,beta_x_dim,50.0,,,2048.0,,100,0.18018448080579524,0.09348508556252393,0.19952294716425395,0.10401051221458094,0.9530106875614976,1.1,0.05580562464231039,0.0,0.02168616992389179,0.016634034551757694,0.03445895545529015,0.014861219154074115,0.012353309879066063,0.5424117682312851,20
mwu,beta_x_dim,50.0,,,2048.0,,500,0.2998092119214349,0.12917571139846934,0.2583776316681161,0.20806566269507304,0.9421959101625067,5.7,0.05580562464231039,0.0,0.06165987688942123,0.05338082097545947,0.10676602250359464,0.05134913841482884,0.02479796281418986,3.1456737208259113,20
mwu,beta_x_dim,50.0,,,4096.0,,100,0.20288907592959443,0.10667429317840163,0.22195057141794292,0.11754350659984329,0.9371777410120561,2.5,0.04043502467319148,0.0,0.031139028523120536,0.019256032192516596,0.04036922255083354,0.018316485599896026,0.014325952865610671,1.019545822516343,20
mwu,beta_x_dim,50.0,,,4096.0,,500,0.43299257918836476,0.19531978002356862,0.3906562426491645,0.27232257380521635,0.8911462772384846,13.3,0.04043502467319148,0.0,0.08238272424518199,0.05910611142449189,0.11821343014093698,0.057136619565433595,0.03075379455573996,4.633459546431915,20
mwu,beta_x_dim,50.0,,,8192.0,,100,0.12260469468863108,0.06692868915260805,0.13824948958638875,0.07229911256886354,0.963026486195853,1.25,0.027572015708937015,0.0,0.019878817880103972,0.013103842019926192,0.02657455037422347,0.013047191956309896,0.009410764081157501,0.6644150573407052,20
mwu,beta_x_dim,50.0,,,8192.0,,500,0.27519015042969824,0.1209788216758132,0.2419582868032418,0.16708440401888455,0.9556839808081736,5.8,0.027572015708937015,0.0,0.06330364503927877,0.0425801849142707,0.08516034659819136,0.042218247640739566,0.017336367351651925,2.968784972093182,20
mwu,beta_x_dim,50.0,,,16384.0,,100,0.08970112487778516,0.04137397186244719,0.08955955316189619,0.047665801903484024,0.9843318871441109,0.6,0.020991030318177912,0.0,0.014862723797054504,0.009246926822162604,0.020140892486916234,0.00901258959965546,0.004141427340253327,0.3727564465184373,20
mwu,beta_x_dim,50.0,,,16384.0,,500,0.16018682696626668,0.05274947512265329,0.10549937108314258,0.09344287269675257,0.9888718915694552,1.1,0.020991030318177912,0.0,0.03390112157018478,0.0215245366159849,0.04304935702300407,0.02354919449837571,0.004632007377647983,0.784387122468706,20
mwu,beta_x_dim,100.0,,,32.0,,100,0.9191348839670859,0.5834159537896116,1.1696085936353913,0.7013413222171064,0.7519344539440269,11.9,0.4685909083126097,0.0,0.05778589300776863,0.06951210425446887,0.1389222386085302,0.047507535649778096,0.034629672244793394,2.6743420243412945,20
mwu,beta_x_dim,100.0,,,32.0,,500,1.0267588705168935,0.7253615749830815,1.4507235983248905,0.8587163893745264,0.70982656702867,67.45,0.4685909083126097,0.0,0.04828391016365524,0.08829352210689706,0.17658697088374045,0.04284217278189338,0.04519885154064458,15.650874366023535,20
mwu,beta_x_dim,100.0,,,64.0,,100,0.7943056223868266,0.4892221057408606,1.0191714281791533,0.5813546410119899,0.792075026511698,9.1,0.33225016350453335,0.0,0.056711704565788196,0.06936624666413169,0.14174789788909786,0.05365041804429193,0.03927501843904134,2.929792520047506,20
mwu,beta_x_dim,100.0,,,64.0,,500,0.862069099062675,0.5280716891206748,1.056838655601307,0.6988266280756787,0.7607905867815079,58.4,0.33225016350453335,0.0,0.060514260540249054,0.10588724464939028,0.21193653130926465,0.07048961834937303,0.0506859237817398,17.243366382772432,20
mwu,beta_x_dim,100.0,,,128.0,,100,0.6902563471114682,0.4021794666934702,0.8114921000248652,0.4522649734276353,0.7976547114315892,9.7,0.23721008257877205,0.0,0.047147380371089585,0.05675150251201318,0.11360097919558415,0.0480482800126959,0.03194425948194995,2.782558459214715,20
mwu,beta_x_dim,100.0,,,128.0,,500,0.8660451747475848,0.40714756823981624,0.8143049319147154,0.6009380776191153,0.7463937246273433,55.2,0.23721008257877205,0.0,0.062017945614847594,0.09677626602917858,0.19355550157069915,0.07063196144457598,0.042255713387280444,14.533916775670116,20
mwu,beta_x_dim,100.0,,,256.0,,100,0.5706721452050267,0.3684608360618812,0.7483444946815117,0.39275954738367574,0.8282632521299679,8.5,0.16269360089398413,0.0,0.05810818642945602,0.05666634701873171,0.11434733681063326,0.05049052051688852,0.03552314508563803,2.5603248149199227,20
mwu,beta_x_dim,100.0,,,256.0,,500,0.736488191285517,0.49219498951036433,0.9843903604997448,0.5915478262202806,0.790898636468755,54.7,0.16269360089398413,0.0,0.0753865637740454,0.10039058981478531,0.20078126754455172,0.08534387157921854,0.044616447406469445,15.101254740479087,20
mwu,beta_x_dim,100.0,,,512.0,,100,0.3866515092130955,0.2150490375050144,0.451606876048285,0.23768832339675905,0.8723237317419938,3.95,0.12010095499453584,0.0,0.04513811991425517,0.03614600912267599,0.07250134016239539,0.03386965300266514,0.028855751724706145,1.3944910409026996,20
mwu,beta_x_dim,100.0,,,512.0,,500,0.5479335242244925,0.26347571699724937,0.5269527968298587,0.39783951997320827,0.8536653940916994,23.25,0.12010095499453584,0.0,0.0647183402845324,0.07598108906672914,0.15196252681618705,0.0660879031620953,0.03867575264470895,8.89555625313176,20
mwu,beta_x_dim,100.0,,,1024.0,,100,0.2857129437943974,0.15026951426375906,0.3093438563683357,0.1635797763345423,0.9233354850843805,3.15,0.08310998156126659,0.0,0.03176343517877646,0.02326926458652731,0.04617148358971495,0.022163197701686364,0.020873247409661948,1.775972676413807,20
mwu,beta_x_dim,100.0,,,1024.0,,500,0.44113298149986563,0.20630067784242972,0.41260147214429554,0.30398009380712965,0.9018621844547254,17.55,0.08310998156126659,0.0,0.06723445208319902,0.07407329974536013,0.14814660670514213,0.06702953533824631,0.03561920344414502,10.12850978803475,20
mwu,beta_x_dim,100.0,,,2048.0,,100,0.180184480805795,0.09348508556252393,0.19952294716425395,0.10401051221458094,0.9530106875614976,1.1,0.05580562464231039,0.0,0.021686169923891392,0.016634034551757694,0.03445895545529015,0.014861219154074115,0.012353309879066063,0.5424117682312851,20
mwu,beta_x_dim,100.0,,,2048.0,,500,0.2998092119214346,0.12917571139846934,0.2583776316681161,0.20806566269507304,0.9421959101625067,5.7,0.05580562464231039,0.0,0.06165987688942127,0.05338082097545947,0.10676602250359464,0.05134913841482884,0.02479796281418986,3.1456737208259113,20
mwu,beta_x_dim,100.0,,,4096.0,,100,0.2028890759295968,0.10667429317840163,0.22195057141794292,0.11754350659984329,0.9371777410120561,2.5,0.04043502467319148,0.0,0.031139028523119876,0.019256032192516596,0.04036922255083354,0.018316485599896026,0.014325952865610671,1.019545822516343,20
mwu,beta_x_dim,100.0,,,4096.0,,500,0.43299257918836753,0.19531978002356862,0.3906562426491645,0.27232257380521635,0.8911462772384846,13.3,0.04043502467319148,0.0,0.08238272424518137,0.05910611142449189,0.11821343014093698,0.057136619565433595,0.03075379455573996,4.633459546431915,20
mwu,beta_x_dim,100.0,,,8192.0,,100,0.12260469468863222,0.06692868915260805,0.13824948958638875,0.07229911256886354,0.963026486195853,1.25,0.027572015708937015,0.0,0.019878817880102786,0.013103842019926192,0.02657455037422347,0.013047191956309896,0.009410764081157501,0.6644150573407052,20
mwu,beta_x_dim,100.0,,,8192.0,,500,0.2751901504297072,0.1209788216758132,0.2419582868032418,0.16708440401888455,0.9556839808081736,5.8,0.027572015708937015,0.0,0.06330364503927885,0.0425801849142707,0.08516034659819136,0.04221824764073957,0.01733636735165193,2.968784972093182,20
mwu,beta_x_dim,100.0,,,16384.0,,100,0.08970112487778494,0.04137397186244719,0.08955955316189619,0.047665801903484024,0.9843318871441109,0.6,0.020991030318177912,0.0,0.014862723797056353,0.009246926822162604,0.020140892486916234,0.00901258959965546,0.004141427340253327,0.3727564465184373,20
mwu,beta_x_dim,100.0,,,16384.0,,500,0.16018682696625347,0.05274947512265329,0.10549937108314258,0.09344287269675257,0.9888718915694552,1.1,0.020991030318177912,0.0,0.033901121570184226,0.0215245366159849,0.04304935702300407,0.02354919449837571,0.004632007377647983,0.784387122468706,20
mwu,beta_x_dim,1000.0,,,32.0,,100,0.9191348839670865,0.5834159537895002,1.1696085936351683,0.701341322216995,0.7519344539440269,11.85,0.4685909083126097,0.0,0.057785893007768506,0.06951210425444461,0.1389222386084819,0.04750753564975714,0.034629672244793394,2.6884499545081244,20
mwu,beta_x_dim,1000.0,,,32.0,,500,1.026758870516893,0.7253615749830815,1.4507235983248905,0.8587163893745264,0.70982656702867,67.4,0.4685909083126097,0.0,0.04828391016365531,0.08829352210689705,0.17658697088374045,0.04284217278189338,0.04519885154064458,15.662627325479018,20
mwu,beta_x_dim,1000.0,,,64.0,,100,0.7943056223868266,0.4892221057408606,1.0191714281791533,0.5813546410119899,0.792075026511698,9.1,0.33225016350453335,0.0,0.05671170456578667,0.06936624666413169,0.14174789788909786,0.05365041804429193,0.03927501843904134,2.929792520047506,20
mwu,beta_x_dim,1000.0,,,64.0,,500,0.8620690990626751,0.5280716891206748,1.056838655601307,0.6988266280756787,0.7607905867815079,58.4,0.33225016350453335,0.0,0.06051426054024759,0.10588724464939028,0.21193653130926465,0.07048961834937303,0.0506859237817398,17.243366382772432,20
mwu,beta_x_dim,1000.0,,,128.0,,100,0.6902563471114795,0.4021794666934702,0.8114921000248652,0.4522649734276353,0.7976547114315892,9.7,0.23721008257877205,0.0,0.047147380371091875,0.05675150251201318,0.11360097919558415,0.0480482800126959,0.03194425948194995,2.782558459214715,20
mwu,beta_x_dim,1000.0,,,128.0,,500,0.8660451747475857,0.40714756823981624,0.8143049319147154,0.6009380776191153,0.7463937246273433,55.2,0.23721008257877205,0.0,0.06201794561484905,0.09677626602917858,0.19355550157069915,0.07063196144457598,0.042255713387280444,14.533916775670116,20
mwu,beta_x_dim,1000.0,,,256.0,,100,0.5706721452050334,0.3684608360618812,0.7483444946815117,0.39275954738367574,0.8282632521299679,8.5,0.16269360089398413,0.0,0.058108186429453666,0.05666634701873171,0.11434733681063326,0.05049052051688852,0.03552314508563803,2.5603248149199227,20
mwu,beta_x_dim,1000.0,,,256.0,,500,0.7364881912855392,0.49219498951036433,0.9843903604997448,0.5915478262202806,0.790898636468755,54.7,0.16269360089398413,0.0,0.07538656377404167,0.10039058981478531,0.20078126754455172,0.08534387157921854,0.044616447406469445,15.101254740479087,20
mwu,beta_x_dim,1000.0,,,512.0,,100,0.3866515092130761,0.2150490375050144,0.451606876048285,0.23768832339675905,0.8723237317419938,3.95,0.12010095499453584,0.0,0.04513811991426052,0.03614600912267599,0.07250134016239539,0.03386965300266514,0.028855751724706145,1.3944910409026996,20
mwu,beta_x_dim,1000.0,,,512.0,,500,0.5479335242244805,0.26347571699724937,0.5269527968298587,0.39783951997320827,0.8536653940916994,23.25,0.12010095499453584,0.0,0.064718340284531,0.07598108906672914,0.15196252681618705,0.0660879031620953,0.03867575264470895,8.89555625313176,20
mwu,beta_x_dim,1000.0,,,1024.0,,100,0.2857129437943946,0.15026951426375906,0.3093438563683357,0.1635797763345423,0.9233354850843805,3.15,0.08310998156126659,0.0,0.03176343517876634,0.02326926458652731,0.04617148358971495,0.022163197701686364,0.020873247409661948,1.775972676413807,20
mwu,beta_x_dim,1000.0,,,1024.0,,500,0.4411329814998871,0.20630067784242972,0.41260147214429554,0.30398009380712965,0.9018621844547254,17.55,0.08310998156126659,0.0,0.0672344520831997,0.07407329974536013,0.14814660670514213,0.06702953533824631,0.03561920344414502,10.12850978803475,20
mwu,beta_x_dim,1000.0,,,2048.0,,100,0.18018448080578958,0.09348508556252393,0.19952294716425395,0.10401051221458094,0.9530106875614976,1.1,0.05580562464231039,0.0,0.021686169923884176,0.016634034551757694,0.03445895545529015,0.014861219154074115,0.012353309879066063,0.5424117682312851,20
mwu,beta_x_dim,1000.0,,,2048.0,,500,0.2998092119214307,0.12917571139846934,0.2583776316681161,0.20806566269507304,0.9421959101625067,5.7,0.05580562464231039,0.0,0.061659876889422066,0.05338082097545947,0.10676602250359464,0.05134913841482884,0.02479796281418986,3.1456737208259113,20
mwu,beta_x_dim,1000.0,,,4096.0,,100,0.20288907592963917,0.10667429317840163,0.22195057141794292,0.11754350659984329,0.9371777410120561,2.5,0.04043502467319148,0.0,0.03113902852310798,0.019256032192516596,0.04036922255083354,0.018316485599896026,0.014325952865610671,1.019545822516343,20
mwu,beta_x_dim,1000.0,,,4096.0,,500,0.4329925791884156,0.19531978002356862,0.3906562426491645,0.27232257380521635,0.8911462772384846,13.3,0.04043502467319148,0.0,0.08238272424517001,0.05910611142449189,0.11821343014093698,0.057136619565433595,0.03075379455573996,4.633459546431915,20
mwu,beta_x_dim,1000.0,,,8192.0,,100,0.1226046946886524,0.06692868915260805,0.13824948958638875,0.07229911256886354,0.963026486195853,1.25,0.027572015708937015,0.0,0.019878817880081476,0.013103842019926192,0.02657455037422347,0.013047191956309896,0.009410764081157501,0.6644150573407052,20
mwu,beta_x_dim,1000.0,,,8192.0,,500,0.27519015042986716,0.1209788216758132,0.2419582868032418,0.16708440401888455,0.9556839808081736,5.8,0.027572015708937015,0.0,0.06330364503927992,0.0425801849142707,0.08516034659819136,0.042218247640739566,0.017336367351651925,2.968784972093182,20
mwu,beta_x_dim,1000.0,,,16384.0,,100,0.08970112487778084,0.04137397186244719,0.08955955316189619,0.047665801903484024,0.9843318871441109,0.6,0.020991030318177912,0.0,0.014862723797089576,0.009246926822162604,0.020140892486916234,0.00901258959965546,0.004141427340253327,0.3727564465184373,20
mwu,beta_x_dim,1000.0,,,16384.0,,500,0.1601868269660155,0.05274947512265329,0.10549937108314258,0.09344287269675257,0.9888718915694552,1.1,0.020991030318177912,0.0,0.03390112157017414,0.0215245366159849,0.04304935702300407,0.02354919449837571,0.004632007377647983,0.784387122468706,20
mwu,beta_x_dim,1000000.0,,,32.0,,100,0.9191348839677532,0.5834159537895002,1.1696085936351683,0.701341322216995,0.7519344539440269,11.85,0.4685909083126097,0.0,0.05778589300766544,0.06951210425444462,0.1389222386084819,0.04750753564975714,0.034629672244793394,2.6884499545081244,20
mwu,beta_x_dim,1000000.0,,,32.0,,500,1.0267588705165354,0.7253615749830815,1.4507235983248905,0.8587163893745264,0.70982656702867,67.4,0.4685909083126097,0.0,0.04828391016371522,0.08829352210689706,0.17658697088374045,0.04284217278189338,0.04519885154064458,15.662627325479018,20
mwu,beta_x_dim,1000000.0,,,64.0,,100,0.7943056223866617,0.4892221057408606,1.0191714281791533,0.5813546410119899,0.792075026511698,9.1,0.33225016350453335,0.0,0.05671170456407427,0.06936624666413169,0.14174789788909786,0.05365041804429193,0.03927501843904134,2.929792520047506,20
mwu,beta_x_dim,1000000.0,,,64.0,,500,0.8620690990626683,0.5280716891206748,1.056838655601307,0.6988266280756787,0.7607905867815079,58.4,0.33225016350453335,0.0,0.06051426053862903,0.10588724464939028,0.21193653130926465,0.07048961834937303,0.0506859237817398,17.243366382772432,20
mwu,beta_x_dim,1000000.0,,,128.0,,100,0.6902563471240959,0.4021794666934702,0.8114921000248652,0.4522649734276353,0.7976547114315892,9.7,0.23721008257877205,0.0,0.04714738037365143,0.05675150251201318,0.11360097919558415,0.0480482800126959,0.03194425948194995,2.782558459214715,20
mwu,beta_x_dim,1000000.0,,,128.0,,500,0.8660451747485783,0.40714756823981624,0.8143049319147154,0.6009380776191153,0.7463937246273433,55.2,0.23721008257877205,0.0,0.0620179456164248,0.09677626602917858,0.19355550157069915,0.07063196144457598,0.042255713387280444,14.533916775670116,20
mwu,beta_x_dim,1000000.0,,,256.0,,100,0.570672145212409,0.3684608360618812,0.7483444946815117,0.39275954738367574,0.8282632521299679,8.5,0.16269360089398413,0.0,0.05810818642684275,0.05666634701873171,0.11434733681063326,0.05049052051688852,0.03552314508563803,2.5603248149199227,20
mwu,beta_x_dim,1000000.0,,,256.0,,500,0.7364881913100678,0.49219498951036433,0.9843903604997448,0.5915478262202806,0.790898636468755,54.7,0.16269360089398413,0.0,0.07538656376987209,0.10039058981478531,0.20078126754455172,0.08534387157921854,0.044616447406469445,15.101254740479087,20
mwu,beta_x_dim,1000000.0,,,512.0,,100,0.3866515091916284,0.2150490375050144,0.451606876048285,0.23768832339675905,0.8723237317419938,3.95,0.12010095499453584,0.0,0.045138119920210704,0.03614600912267599,0.07250134016239539,0.03386965300266514,0.028855751724706145,1.3944910409026996,20
mwu,beta_x_dim,1000000.0,,,512.0,,500,0.5479335242107966,0.26347571699724937,0.5269527968298587,0.39783951997320827,0.8536653940916994,23.25,0.12010095499453584,0.0,0.06471834028293984,0.07598108906672914,0.15196252681618705,0.0660879031620953,0.03867575264470895,8.89555625313176,20
mwu,beta_x_dim,1000000.0,,,1024.0,,100,0.285712943791111,0.15026951426375906,0.3093438563683357,0.1635797763345423,0.9233354850843805,3.15,0.08310998156126659,0.0,0.03176343516750722,0.02326926458652731,0.04617148358971495,0.022163197701686364,0.020873247409661948,1.775972676413807,20
mwu,beta_x_dim,1000000.0,,,1024.0,,500,0.4411329815237604,0.20630067784242972,0.41260147214429554,0.30398009380712965,0.9018621844547254,17.55,0.08310998156126659,0.0,0.06723445208394814,0.07407329974536013,0.14814660670514213,0.06702953533824631,0.03561920344414502,10.12850978803475,20
mwu,beta_x_dim,1000000.0,,,2048.0,,100,0.1801844807998872,0.09348508556252393,0.19952294716425395,0.10401051221458094,0.9530106875614976,1.1,0.05580562464231039,0.0,0.0216861699159025,0.016634034551757694,0.03445895545529015,0.014861219154074115,0.012353309879066063,0.5424117682312851,20
mwu,beta_x_dim,1000000.0,,,2048.0,,500,0.2998092119171646,0.12917571139846934,0.2583776316681161,0.20806566269507304,0.9421959101625067,5.7,0.05580562464231039,0.0,0.06165987689027633,0.05338082097545947,0.10676602250359464,0.05134913841482884,0.02479796281418986,3.1456737208259113,20
mwu,beta_x_dim,1000000.0,,,4096.0,,100,0.2028890759765673,0.10667429317840163,0.22195057141794292,0.11754350659984329,0.9371777410120561,2.5,0.04043502467319148,0.0,0.031139028509872095,0.019256032192516596,0.04036922255083354,0.018316485599896026,0.014325952865610671,1.019545822516343,20
mwu,beta_x_dim,1000000.0,,,4096.0,,500,0.43299257924170975,0.19531978002356862,0.3906562426491645,0.27232257380521635,0.8911462772384846,13.3,0.04043502467319148,0.0,0.08238272423257123,0.05910611142449189,0.11821343014093698,0.057136619565433595,0.03075379455573996,4.633459546431915,20
mwu,beta_x_dim,1000000.0,,,8192.0,,100,0.12260469471110569,0.06692868915260805,0.13824948958638875,0.07229911256886354,0.963026486195853,1.25,0.027572015708937015,0.0,0.019878817856426215,0.013103842019926192,0.02657455037422347,0.013047191956309896,0.009410764081157501,0.6644150573407052,20
mwu,beta_x_dim,1000000.0,,,8192.0,,500,0.2751901506074678,0.1209788216758132,0.2419582868032418,0.16708440401888455,0.9556839808081736,5.8,0.027572015708937015,0.0,0.06330364504047084,0.0425801849142707,0.08516034659819136,0.04221824764073957,0.01733636735165193,2.968784972093182,20
mwu,beta_x_dim,1000000.0,,,16384.0,,100,0.08970112487330893,0.04137397186244719,0.08955955316189619,0.047665801903484024,0.9843318871441109,0.6,0.020991030318177912,0.0,0.014862723833970378,0.009246926822162604,0.020140892486916234,0.00901258959965546,0.004141427340253327,0.3727564465184373,20
mwu,beta_x_dim,1000000.0,,,16384.0,,500,0.16018682670195866,0.05274947512265329,0.10549937108314258,0.09344287269675257,0.9888718915694552,1.1,0.020991030318177912,0.0,0.033901121558980334,0.0215245366159849,0.04304935702300407,0.02354919449837571,0.004632007377647983,0.784387122468706,20
mwu,beta_x_noise,10.0,,0.0,,,100,0.0005182598062267979,0.0005377854511194214,0.0010841365175277378,0.0005697719050810124,1.0,-0.05,0.0,0.0,5.294217314081421e-05,6.497482275154507e-05,0.00012916414946319887,6.256927006165357e-05,0.0,0.11413288653790231,20
mwu,beta_x_noise,10.0,,0.0,,,500,0.0018289434066302013,0.0009677046066445195,0.0019354094510964797,0.0018388410854989989,0.9997999999999999,0.05,0.0,0.0,0.0003507105655020329,0.0003119783154814292,0.0006239566463508455,0.0002891377430298892,0.00019999999999999668,0.1534686664402456,20
mwu,beta_x_noise,10.0,,1e-05,,,100,0.0005901551860439363,0.000549904030699277,0.0011123184819526355,0.0005905812427237894,1.0,0.25,0.0,0.0,5.686721412400305e-05,6.748325496387837e-05,0.00013327965367830388,6.38624704894904e-05,0.0,0.1758438302346117,20
mwu,beta_x_noise,10.0,,1e-05,,,500,0.001934569938061933,0.0009521363836609214,0.001904273004278454,0.0018289962950876009,0.9997999999999999,0.35,0.0,0.0,0.0003600994398222018,0.00030533715109910256,0.000610674317232512,0.00028402241344223714,0.00019999999999999668,0.1956769625791716,20
mwu,beta_x_noise,10.0,,0.0001,,,100,0.0020945081686249744,0.0007005829645216372,0.0014424133749879626,0.0009689018873681676,0.9994999999999999,0.2,0.0,0.0,0.0001248188510417002,9.931387175925253e-05,0.00019436761062835973,9.575647373728609e-05,0.000499999999999995,0.18637822325921866,20
mwu,beta_x_noise,10.0,,0.0001,,,500,0.004056473716260936,0.000844475505860974,0.0016889510117220022,0.0019691760518035146,0.9997,0.2,0.0,0.0,0.0006103204364908916,0.00025533190665386453,0.0005106638133077331,0.0002573109918969509,0.00021884866196097483,0.18637822325921866,20
mwu,beta_x_noise,10.0,,0.001,,,100,0.019212964037786762,0.0031324756161637914,0.006482255984933143,0.006545440127525413,0.9954644403215832,0.1,0.0,0.0,0.0010871229907471727,0.0005846279474493723,0.001184331682321812,0.0006548144836283067,0.0013639846400061483,0.20390916450326857,20
mwu,beta_x_noise,10.0,,0.001,,,500,0.030599973001309306,0.0026096247689227324,0.005219263558088751,0.008264782671601764,0.997595985545388,0.25,0.0,0.0,0.004104578193829016,0.0009876271880956034,0.0019752525933624024,0.0009487163629828959,0.0008917523003685224,0.2603135760861059,20
mwu,beta_x_noise,10.0,,0.01,,,100,0.18221266222432575,0.02830693721792074,0.05900008599273976,0.06170943045351666,0.9505880103369057,2.05,0.0,0.0,0.008368471682992118,0.005158750858079719,0.01053438266890381,0.005449053062711167,0.006031371211330538,0.4728135272799916,20
mwu,beta_x_noise,10.0,,0.01,,,500,0.3491821016945594,0.03145505017096644,0.0629142561791289,0.08462887238173014,0.9750570546521597,2.8,0.0,0.0,0.04639626888830106,0.012653633526093357,0.025306755755026743,0.010538791094103814,0.006164912102377806,0.7595012213704186,20
mwu,beta_x_noise,10.0,,0.03,,,100,0.4802255837921005,0.07765290270302076,0.16319106053793947,0.17637286720649387,0.8718703041353999,5.5,0.0,0.0,0.012393422162276738,0.013694990428939163,0.027895217994205634,0.013421124482750058,0.011024366751905705,0.8537841462694493,20
mwu,beta_x_noise,10.0,,0.03,,,500,0.7861290790428843,0.10086296692517763,0.20174934441621922,0.2580485164574108,0.9262591068426478,9.2,0.0,0.0,0.0484189083120793,0.03834898040826383,0.07669481828798541,0.031008050375712443,0.01063465499919319,1.5071758183332231,20
mwu,beta_x_noise,10.0,,0.1,,,100,1.0609495014414205,0.22064596702806843,0.462075974979632,0.5024733248614275,0.7528873725685213,13.55,0.0,0.0,0.04482664573752206,0.03939709731625938,0.07901261776907982,0.03121596017064269,0.014841191385909195,1.0989827832567427,20
mwu,beta_x_noise,10.0,,0.1,,,500,1.3905792681721727,0.26967130333235745,0.5393426204452949,0.667404495270582,0.8098442953055999,40.85,0.0,0.0,0.029497097356935034,0.08258975815317411,0.16517951396357378,0.04299428333227187,0.011814355169372327,4.288463717070669,20
mwu,beta_x_noise,10.0,,0.3,,,100,2.183334959683146,0.614605548311947,1.229211096623894,0.7867849507555053,0.618299220906732,21.25,0.0,0.0,0.10576464214825253,0.06711064146647984,0.13422128293295968,0.03032677693205979,0.014411920996670342,1.7530049388947746,20
mwu,beta_x_noise,10.0,,0.3,,,500,2.816857969962989,0.5826245885353009,1.1652491770706017,0.8577054433972796,0.6036296277929142,108.85,0.0,0.0,0.0771885400957874,0.10439740494251266,0.20879480988502533,0.03604226444593093,0.01399428051742859,8.031606970358784,20
mwu,beta_x_noise,20.0,,0.0,,,100,2.3537418419872225e-08,2.4418449609542314e-08,4.922542716867626e-08,2.5869882250284526e-08,1.0,-0.05,0.0,0.0,2.4042729515133572e-09,2.948535300330848e-09,5.861586909605815e-09,2.8396642605603645e-09,0.0,0.11413288653790232,20
mwu,beta_x_noise,20.0,,0.0,,,500,8.302142931529422e-08,4.410297349786985e-08,8.820595872647681e-08,8.353008820183306e-08,1.0,-0.05,0.0,0.0,1.579980812165339e-08,1.4078179371158852e-08,2.8156359521530202e-08,1.30451713942766e-08,0.0,0.11413288653790232,20
mwu,beta_x_noise,20.0,,1e-05,,,100,0.00032462456676108227,2.955093510102116e-05,6.145542235349995e-05,6.38285819353282e-05,1.0,0.25,0.0,0.0,1.7090487367099993e-05,5.602270230761952e-06,1.1424519397428798e-05,6.443063026509298e-06,0.0,0.1758438302346117,20
mwu,beta_x_noise,20.0,,1e-05,,,500,0.0004219569925676056,2.8855389260188323e-05,5.771754899777139e-05,8.22680639114462e-05,1.0,0.25,0.0,0.0,3.7765726831663746e-05,1.1661546136749056e-05,2.33222956583054e-05,9.914700195725824e-06,0.0,0.1758438302346117,20
mwu,beta_x_noise,20.0,,0.0001,,,100,0.00324450840390563,0.00029533775077581994,0.0006141792163755507,0.0006379740751569232,0.9994999999999999,0.2,0.0,0.0,0.00017061126786451392,5.596271993888807e-05,0.00011413224633074573,6.433990439041355e-05,0.000499999999999995,0.18637822325921866,20
mwu,beta_x_noise,20.0,,0.0001,,,500,0.004227277565568429,0.00028898101570236227,0.0005780310126978597,0.0008230738920978378,0.9997,0.2,0.0,0.0,0.00038089762324409565,0.00011684383958048858,0.00023367955981730038,9.926357739497157e-05,0.00021884866196097483,0.18637822325921866,20
mwu,beta_x_noise,20.0,,0.001,,,100,0.03226705154166415,0.0029403455224663593,0.0061160702640617156,0.006355724389200561,0.9949542362399505,0.15,0.0,0.0,0.0016646855265009563,0.0005549328986460117,0.0011319830880218045,0.000634886400321416,0.0015573035034350453,0.2209429552479196,20
mwu,beta_x_noise,20.0,,0.001,,,500,0.043051847517932534,0.002919468238652453,0.005839635280030256,0.008258240054322932,0.9969943791196851,0.15,0.0,0.0,0.004108467887714217,0.0011814166456360134,0.002362750692438863,0.0009995000270367085,0.0012643001947355444,0.28353965655989855,20
mwu,beta_x_noise,20.0,,0.01,,,100,0.29863199928383277,0.028155538343220265,0.058700862425896505,0.06154447025899688,0.9202713554650226,3.4,0.0,0.0,0.00898975734656797,0.005123231461188484,0.010476474079553358,0.005430988079675587,0.008157643713821302,0.5955978862498281,20
mwu,beta_x_noise,20.0,,0.01,,,500,0.4583883410951198,0.03177037931694127,0.06354861145382294,0.08496521943458897,0.9656369775210163,4.55,0.0,0.0,0.038142875301433864,0.012824815061314405,0.025648666718952093,0.010640407941717722,0.006690216626400241,0.8475196007669736,20
mwu,beta_x_noise,20.0,,0.03,,,100,0.691498697502534,0.07744949836509846,0.16280802636342986,0.17613709993514934,0.8133864608636332,9.9,0.0,0.0,0.01738553094444976,0.01365329072415856,0.0278305279198891,0.013414877092194969,0.00832228160438244,0.8882270928208915,20
mwu,beta_x_noise,20.0,,0.03,,,500,0.9162863316298386,0.10084188904433164,0.2017151562634655,0.25848364593752643,0.903517344506148,15.45,0.0,0.0,0.02377305645951457,0.03831344008639209,0.07662266738891152,0.030922461213307682,0.00977576018341365,1.7584008883671909,20
mwu,beta_x_noise,20.0,,0.1,,,100,1.2131902283451317,0.21756191345297066,0.4581282502359686,0.4996725377407071,0.7225458742697329,16.75,0.0,0.0,0.03502859066238065,0.03857471739034171,0.0774287905663143,0.03102021463929033,0.013939847054243584,1.245782358283551,20
mwu,beta_x_noise,20.0,,0.1,,,500,1.4549067305309753,0.27066131171823293,0.541322740880392,0.6716285860907775,0.7800957273997867,52.9,0.0,0.0,0.02558044020281732,0.08320225698469,0.16640454873558516,0.04288824117092049,0.009168839114358033,4.735587553164254,20
mwu,beta_x_noise,20.0,,0.3,,,100,2.2738736643535296,0.6503627676993176,1.3007255353986351,0.7995341766642493,0.6172167509303003,21.2,0.0,0.0,0.10243335159043582,0.06674182888901993,0.13348365777803986,0.029959459276978784,0.013620385623517407,1.8730779622406482,20
mwu,beta_x_noise,20.0,,0.3,,,500,2.8266908720237236,0.5827898053659859,1.165579610731972,0.8554355127720102,0.6053278193713391,107.05,0.0,0.0,0.07278997434806955,0.10439991504199192,0.20879983008398384,0.03566544157119991,0.013906938867020399,7.83966802465781,20
mwu,beta_x_noise,50.0,,0.0,,,100,0.0,0.0,0.0,0.0,1.0,0.0,0.0,0.0,0.0,0.0,0.0,0.0,0.0,0.0,20
mwu,beta_x_noise,50.0,,0.0,,,500,0.0,0.0,0.0,0.0,1.0,0.0,0.0,0.0,0.0,0.0,0.0,0.0,0.0,0.0,20
mwu,beta_x_noise,50.0,,1e-05,,,100,0.0007798680245654166,2.9546317294586003e-05,6.144221966203635e-05,6.38205121592711e-05,1.0,0.25,0.0,0.0,4.131345792536234e-05,5.600833801694583e-06,1.142238150191699e-05,6.442245129738534e-06,0.0,0.1758438302346117,20
mwu,beta_x_noise,50.0,,1e-05,,,500,0.0008905555367631393,2.8869782023108736e-05,5.7746467821525726e-05,8.228471437735224e-05,1.0,0.25,0.0,0.0,5.742739215461674e-05,1.1672379191686557e-05,2.3343946140913205e-05,9.920523190070796e-06,0.0,0.1758438302346117,20
mwu,beta_x_noise,50.0,,0.0001,,,100,0.00778971228244337,0.00029533313119256235,0.0006141660094747118,0.000637965995591644,0.9979949494949494,0.15,0.0,0.0,0.0004104729869658667,5.596128300290506e-05,0.00011413010829984281,6.43390841780161e-05,0.0009199912106339894,0.2209429552479196,20
mwu,beta_x_noise,50.0,,0.0001,,,500,0.008896609423237407,0.00028899543390655,0.000578059982679574,0.0008230905190276222,0.9992997995991985,0.2,0.0,0.0,0.0005721184377083182,0.00011685466116549501,0.00023370118732189585,9.926939889485134e-05,0.00041741824318525006,0.21275139927797615,20
mwu,beta_x_noise,50.0,,0.001,,,100,0.0765582043905906,0.0029403408799480073,0.006116057000263825,0.0063557167774786,0.9778270427821237,0.85,0.0,0.0,0.0037431059334737914,0.0005549314472214269,0.001131980925256715,0.0006348855624578516,0.0034811439163159245,0.35,20
mwu,beta_x_noise,50.0,,0.001,,,500,0.08871271786706184,0.002919482896725777,0.005839664732719433,0.008258258617980086,0.9913853457871274,0.85,0.0,0.0,0.0057624453751150585,0.0011814272911958648,0.002362771967482997,0.0009995059751038698,0.0026785263410524446,0.3925289127802193,20
mwu,beta_x_noise,50.0,,0.01,,,100,0.623051381967395,0.02815553121429027,0.05870084830712576,0.06154446233299622,0.8395131325882431,8.0,0.0,0.0,0.016489701934158895,0.005123229743291739,0.010476471267774982,0.005430987219881246,0.009581396410177334,0.8973645624241782,20
mwu,beta_x_noise,50.0,,0.01,,,500,0.7583063880404897,0.03177039537396813,0.06354864376228148,0.08496523715205082,0.9328673208318975,9.8,0.0,0.0,0.020974394954415318,0.012824824110642957,0.025648684793846334,0.010640413632227027,0.00814851644186774,1.2619950788126588,20
mwu,beta_x_noise,50.0,,0.03,,,100,0.9066590677432975,0.07744947872534542,0.16280799173861144,0.1761370758717951,0.7406936884094468,15.3,0.0,0.0,0.017733592754323735,0.013653286972509511,0.027830521516207084,0.013414877131046353,0.010438666739427201,1.1677689028768985,20
mwu,beta_x_noise,50.0,,0.03,,,500,1.052259876825976,0.10084188719723368,0.20171515358783104,0.2584836882161947,0.8440163729007877,31.25,0.0,0.0,0.008829049190303757,0.038313438600117225,0.07662266427965451,0.03092245481676793,0.007564064767571011,2.3950332378750647,20
mwu,beta_x_noise,50.0,,0.1,,,100,1.2792979868800358,0.21726829122742947,0.4575598690381152,0.4994438937252899,0.6953224088135722,18.85,0.0,0.0,0.03437010014751774,0.03854859867145546,0.07738413896168625,0.031046695471025666,0.012124845514042007,1.4387037294219513,20
mwu,beta_x_noise,50.0,,0.1,,,500,1.5262866718448298,0.27066427397182086,0.54132870063458,0.6717009051207322,0.7294102454907796,69.7,0.0,0.0,0.020859124347742636,0.08320903859617805,0.16641812417525997,0.04286567205062916,0.008702252486689335,6.223935123461091,20
mwu,beta_x_noise,50.0,,0.3,,,100,2.275744937117017,0.6395295700019357,1.2790591400038713,0.7958035470848088,0.6142068528754832,21.15,0.0,0.0,0.09696978865642852,0.06988993305526454,0.1397798661105291,0.03054894780558784,0.011324970497267292,1.8824326366643103,20
mwu,beta_x_noise,50.0,,0.3,,,500,2.8331405315945255,0.5827898053659859,1.165579610731972,0.8501324990163109,0.6027266225857126,107.9,0.0,0.0,0.06926768414701476,0.10439991504199192,0.2087998300839838,0.03618376256508928,0.012783515698861077,7.478706614888629,20
mwu,beta_x_noise,100.0,,0.0,,,100,0.0,0.0,0.0,0.0,1.0,0.0,0.0,0.0,0.0,0.0,0.0,0.0,0.0,0.0,20
mwu,beta_x_noise,100.0,,0.0,,,500,0.0,0.0,0.0,0.0,1.0,0.0,0.0,0.0,0.0,0.0,0.0,0.0,0.0,0.0,20
mwu,beta_x_noise,100.0,,1e-05,,,100,0.001553958011003015,2.9546317294586003e-05,6.144221966203635e-05,6.38205121592711e-05,1.0,0.25,0.0,0.0,8.066113974528921e-05,5.600833801694583e-06,1.1422381501916988e-05,6.4422451297385336e-06,0.0,0.1758438302346117,20
mwu,beta_x_noise,100.0,,1e-05,,,500,0.0017220089349287483,2.8869782023108736e-05,5.7746467821525726e-05,8.228471437735224e-05,0.9999,0.3,0.0,0.0,0.00010444723875138427,1.1672379191686556e-05,2.3343946140913205e-05,9.920523190070796e-06,9.999999999999908e-05,0.1791794161110442,20
mwu,beta_x_noise,100.0,,0.0001,,,100,0.015495600494985134,0.00029533313119256235,0.0006141660094747118,0.000637965995591644,0.9964848484848485,0.2,0.0,0.0,0.000796157298921387,5.596128300290506e-05,0.00011413010829984281,6.43390841780161e-05,0.0013209109912780733,0.19999999999999998,20
mwu,beta_x_noise,100.0,,0.0001,,,500,0.017151740708465958,0.00028899543390655,0.000578059982679574,0.0008230905190276222,0.998798796790368,0.25,0.0,0.0,0.0010318853292005494,0.00011685466116549501,0.00023370118732189585,9.926939889485134e-05,0.0004902601116693671,0.1902214775631705,20
mwu,beta_x_noise,100.0,,0.001,,,100,0.14851426962263847,0.0029403408799480073,0.006116057000263824,0.0063557167774786,0.9611638677964157,1.85,0.0,0.0,0.0063064372665005185,0.000554931447221427,0.0011319809252567149,0.0006348855624578516,0.005501023985248788,0.364727728298074,20
mwu,beta_x_noise,100.0,,0.001,,,500,0.16549262848872776,0.002919482896725777,0.005839664732719433,0.008258258617980086,0.9865747044046478,1.8,0.0,0.0,0.008783858670350994,0.0011814272911958648,0.0023627719674829974,0.00099950597510387,0.0034717798013408625,0.4388981418818817,20
mwu,beta_x_noise,100.0,,0.01,,,100,0.8354983789310483,0.02815553121429027,0.05870084830712576,0.06154446233299622,0.7734941482997447,13.3,0.0,0.0,0.012080845907341296,0.005123229743291739,0.010476471267774982,0.005430987219881246,0.011227489663212615,0.981674187562409,20
mwu,beta_x_noise,100.0,,0.01,,,500,0.9458315935881639,0.03177039537396813,0.06354864376228148,0.08496523715205082,0.8888932512864569,20.1,0.0,0.0,0.0075226373810444724,0.012824824110642957,0.025648684793846334,0.010640413632227027,0.007842276348025081,1.8178935178126532,20
mwu,beta_x_noise,100.0,,0.03,,,100,0.9772836464217057,0.07744947872534541,0.16280799173861144,0.1761370758717951,0.7104341383538733,17.65,0.0,0.0,0.01839679855026115,0.01365328697250951,0.027830521516207084,0.013414877131046353,0.01213350792477565,1.4996052112051637,20
mwu,beta_x_noise,100.0,,0.03,,,500,1.1176060077055223,0.10084188719723375,0.20171515358783113,0.2584836882161948,0.7845152282925973,49.3,0.0,0.0,0.008580586316045337,0.03831343860011723,0.07662266427965454,0.03092245481676796,0.006133129275099913,4.7462450532250395,20
mwu,beta_x_noise,100.0,,0.1,,,100,1.2956988643354226,0.21726790192885473,0.45755909055350497,0.49944355444952704,0.6877669563295484,19.3,0.0,0.0,0.03401560551719277,0.03854856791058003,0.07738408983666135,0.031046745592439792,0.013040120947287657,1.6369097972125788,20
mwu,beta_x_noise,100.0,,0.1,,,500,1.5553016477366324,0.2706641982868068,0.5413285492814177,0.6716999704971753,0.6985580840962428,81.4,0.0,0.0,0.019303768143420275,0.08320904964659567,0.16641814628319562,0.042865479022237765,0.00953125624420035,7.261071401297252,20
mwu,beta_x_noise,100.0,,0.3,,,100,2.2810533208744364,0.6341761150102556,1.2683522300205112,0.7924247801674158,0.6152173661717109,21.65,0.0,0.0,0.0946549606424969,0.0714516651968474,0.1429033303936948,0.030617002155011938,0.013696270553564524,1.8880162242835452,20
mwu,beta_x_noise,100.0,,0.3,,,500,2.8147313527064686,0.5827898053659859,1.165579610731972,0.8468378379654433,0.6039294394693082,108.6,0.0,0.0,0.06820019619065146,0.10439991504199192,0.20879983008398384,0.03649779520921269,0.012476232870695386,7.500666637039671,20
mwu,beta_x_noise,1000.0,,0.0,,,100,0.0,0.0,0.0,0.0,1.0,0.0,0.0,0.0,0.0,0.0,0.0,0.0,0.0,0.0,20
mwu,beta_x_noise,1000.0,,0.0,,,500,0.0,0.0,0.0,0.0,1.0,0.0,0.0,0.0,0.0,0.0,0.0,0.0,0.0,0.0,20
mwu,beta_x_noise,1000.0,,1e-05,,,100,0.015483263297645577,2.9546317294586003e-05,6.144221966203635e-05,6.38205121592711e-05,0.9964848484848485,0.2,0.0,0.0,0.0007851031110850573,5.600833801694583e-06,1.142238150191699e-05,6.442245129738534e-06,0.0013209109912780733,0.19999999999999998,20
mwu,beta_x_noise,1000.0,,1e-05,,,500,0.016959134561292364,2.8869782023108736e-05,5.7746467821525726e-05,8.228471437735224e-05,0.9985983951839422,0.25,0.0,0.0,0.0009785530078066243,1.1672379191686557e-05,2.3343946140913205e-05,9.920523190070796e-06,0.0005826421945076361,0.1902214775631705,20
mwu,beta_x_noise,1000.0,,0.0001,,,100,0.14815301547123882,0.00029533313119256235,0.0006141660094747118,0.000637965995591644,0.9616689183014662,1.8,0.0,0.0,0.006287618919792604,5.596128300290506e-05,0.00011413010829984281,6.43390841780161e-05,0.005162615447252978,0.3670651741928988,20
mwu,beta_x_noise,1000.0,,0.0001,,,500,0.15981453787012204,0.00028899543390655,0.000578059982679574,0.0008230905190276222,0.986473299184569,1.55,0.0,0.0,0.007846791902990502,0.00011685466116549501,0.00023370118732189585,9.926939889485134e-05,0.003705063397415039,0.3802699871905416,20
mwu,beta_x_noise,1000.0,,0.001,,,100,0.843934660008659,0.0029403408799480073,0.006116057000263824,0.0063557167774786,0.7800708367070665,13.05,0.0,0.0,0.012567279206049354,0.000554931447221427,0.0011319809252567149,0.0006348855624578516,0.012233283739862063,1.1296832345955727,20
mwu,beta_x_noise,1000.0,,0.001,,,500,0.9272392889998233,0.002919482896725777,0.005839664732719433,0.008258258617980086,0.8907972665458915,19.25,0.0,0.0,0.00992759801293092,0.0011814272911958648,0.0023627719674829974,0.00099950597510387,0.007870377188177449,1.9464880655872734,20
mwu,beta_x_noise,1000.0,,0.01,,,100,0.9689195307595522,0.02815553121429027,0.05870084830712576,0.06154446233299622,0.6907974655029147,19.3,0.0,0.0,0.010793990369344373,0.005123229743291739,0.010476471267774982,0.005430987219881246,0.013912649374447498,1.6272353046938555,20
mwu,beta_x_noise,1000.0,,0.01,,,500,1.0496155311512692,0.03177039537396813,0.06354864376228148,0.08496523715205082,0.699561500572598,80.3,0.0,0.0,0.002614778456633351,0.012824824110642957,0.025648684793846334,0.010640413632227027,0.00920751186282011,7.231910281232024,20
mwu,beta_x_noise,1000.0,,0.03,,,100,1.0221572411747561,0.07744947872534541,0.16280799173861144,0.1761370758717951,0.6857724223085048,19.9,0.0,0.0,0.014293437998362095,0.01365328697250951,0.027830521516207084,0.013414877131046353,0.01347456286733833,1.5267785142511494,20
mwu,beta_x_noise,1000.0,,0.03,,,500,1.1680006757197705,0.10084188719723375,0.20171515358783113,0.2584836882161948,0.6695051090115878,90.9,0.0,0.0,0.007045507616642434,0.03831343860011723,0.07662266427965454,0.03092245481676796,0.010087847961891529,7.5633813101089435,20
mwu,beta_x_noise,1000.0,,0.1,,,100,1.3092661666354082,0.21726790192109355,0.4575590905379826,0.4994435544423662,0.6817215049718731,20.1,0.0,0.0,0.03331146919687824,0.038548567909967545,0.07738408983568398,0.031046745593507417,0.01343986385589055,1.5059530991508685,20
mwu,beta_x_noise,1000.0,,0.1,,,500,1.5863514085966166,0.2706641982576039,0.5413285492230004,0.6716999700706718,0.6611882487705365,93.55,0.0,0.0,0.019671948254953543,0.08320904964223087,0.16641814627446813,0.042865478939128884,0.010589792467685231,7.704911284027664,20
mwu,beta_x_noise,1000.0,,0.3,,,100,2.307354192394193,0.616782199736205,1.23356439947241,0.7914126162783143,0.6101159469723535,22.75,0.0,0.0,0.09066996515540665,0.07232571871228857,0.14465143742457715,0.031172525859635307,0.011033117538582177,1.8451572461874068,20
mwu,beta_x_noise,1000.0,,0.3,,,500,2.8067809290567522,0.6208230923829563,1.2416461847659126,0.8555165581862967,0.6005145945329363,111.6,0.0,0.0,0.06773137985339271,0.10048011257838237,0.2009602251567647,0.03592908290242773,0.010747908683553187,7.629030427463106,20
mwu,beta_x_noise,1000000.0,,0.0,,,100,0.0,0.0,0.0,0.0,1.0,0.0,0.0,0.0,0.0,0.0,0.0,0.0,0.0,0.0,20
mwu,beta_x_noise,1000000.0,,0.0,,,500,0.0,0.0,0.0,0.0,1.0,0.0,0.0,0.0,0.0,0.0,0.0,0.0,0.0,0.0,20
mwu,beta_x_noise,1000000.0,,1e-05,,,100,0.9549804438641804,2.9546317294586003e-05,6.144221966203635e-05,6.38205121592711e-05,0.690787261421282,19.4,0.0,0.0,0.01095327644708903,5.600833801694583e-06,1.142238150191699e-05,6.442245129738534e-06,0.013923716536486034,1.621240590606952,20
mwu,beta_x_noise,1000000.0,,1e-05,,,500,0.9999946490701381,2.8869782023108736e-05,5.7746467821525726e-05,8.228471437735224e-05,0.699660696550066,80.05,0.0,0.0,3.4317520895711585e-05,1.1672379191686557e-05,2.3343946140913205e-05,9.920523190070796e-06,0.009224444258601208,7.248765775161857,20
mwu,beta_x_noise,1000000.0,,0.0001,,,100,0.9580795944887219,0.00029533313119256235,0.0006141660094747118,0.000637965995591644,0.6817318121250374,20.0,0.0,0.0,0.01008605897646573,5.596128300290506e-05,0.00011413010829984281,6.43390841780161e-05,0.013586855295819338,1.5183093090324964,20
mwu,beta_x_noise,1000000.0,,0.0001,,,500,1.0004314760916764,0.00028899543390655,0.000578059982679574,0.0008230905190276222,0.6608886503721041,93.5,0.0,0.0,5.222359751021036e-05,0.00011685466116549501,0.00023370118732189585,9.926939889485134e-05,0.010374438313536287,7.749193506423749,20
mwu,beta_x_noise,1000000.0,,0.001,,,100,0.9591934816597648,0.0029403408799480073,0.006116057000263824,0.0063557167774786,0.6802063534567216,20.15,0.0,0.0,0.010038555753963618,0.000554931447221427,0.001131980925256715,0.0006348855624578515,0.013715471196546128,1.52742473326494,20
mwu,beta_x_noise,1000000.0,,0.001,,,500,1.0051999172640227,0.002919482896725777,0.005839664732719433,0.008258258617980086,0.6580832323070583,94.7,0.0,0.0,0.0002963569209003466,0.0011814272911958648,0.0023627719674829974,0.0009995059751038698,0.010473801227113309,7.820384968314001,20
mwu,beta_x_noise,1000000.0,,0.01,,,100,0.9766932341064427,0.02815553121429027,0.05870084830712576,0.06154446233299622,0.6802063534567216,20.15,0.0,0.0,0.010417133630473564,0.005123229743291738,0.01047647126777498,0.005430987219881246,0.013715471196546128,1.52742473326494,20
mwu,beta_x_noise,1000000.0,,0.01,,,500,1.0558001708567446,0.03177039537396813,0.06354864376228148,0.08496523715205082,0.6577828315054551,94.85,0.0,0.0,0.002457099395134214,0.012824824110642959,0.025648684793846334,0.010640413632227027,0.010478980152588586,7.83221249913324,20
mwu,beta_x_noise,1000000.0,,0.03,,,100,1.032731036053619,0.07744947872534541,0.16280799173861144,0.1761370758717951,0.6802063534567216,20.15,0.0,0.0,0.014178770875148962,0.01365328697250951,0.027830521516207084,0.013414877131046353,0.013715471196546127,1.52742473326494,20
mwu,beta_x_noise,1000000.0,,0.03,,,500,1.1719773899680805,0.10084188719723375,0.20171515358783113,0.2584836882161948,0.6577828315054551,94.85,0.0,0.0,0.006743872881138974,0.03831343860011723,0.07662266427965454,0.03092245481676796,0.010478980152588583,7.83221249913324,20
mwu,beta_x_noise,1000000.0,,0.1,,,100,1.32074942305079,0.21726790192109355,0.4575590905379826,0.4994435544423662,0.6781808947884058,20.35,0.0,0.0,0.03313827708665469,0.038548567909967545,0.07738408983568398,0.031046745593507417,0.013618210681201448,1.5205175711613876,20
mwu,beta_x_noise,1000000.0,,0.1,,,500,1.5880568647640794,0.2706641982576039,0.5413285492230004,0.6716999700706718,0.6572812258845748,95.1,0.0,0.0,0.019920511447373584,0.08320904964223087,0.16641814627446813,0.042865478939128884,0.010422810326551646,7.797064224842308,20
mwu,beta_x_noise,1000000.0,,0.3,,,100,2.2720424328895845,0.6217082265053573,1.2434164530107146,0.7925503590903353,0.6019832875355703,23.75,0.0,0.0,0.09440472946848248,0.0719723779774082,0.14394475595481637,0.03117184390082773,0.012366239811159063,1.949190115217897,20
mwu,beta_x_noise,1000000.0,,0.3,,,500,2.7725177896667317,0.6398202731073954,1.2796405462147908,0.8581780731497064,0.5962959193977233,114.1,0.0,0.0,0.06268567138651908,0.09917490814803064,0.19834981629606124,0.03566771086122773,0.008607836820057736,7.676656344501748,20
mwu,dual_x_dim,50.0,,0.0,16.0,,100,0.0,0.0,0.0,0.0,1.0,0.0,0.6275110113087817,0.0,0.0,0.0,0.0,0.0,0.0,0.0,20
mwu,dual_x_dim,50.0,,0.0,16.0,,500,0.0,0.0,0.0,0.0,1.0,0.0,0.6275110113087817,0.0,0.0,0.0,0.0,0.0,0.0,0.0,20
mwu,dual_x_dim,50.0,,0.0,24.0,,100,0.0,0.0,0.0,0.0,1.0,0.0,0.5154309893678836,0.0,0.0,0.0,0.0,0.0,0.0,0.0,20
mwu,dual_x_dim,50.0,,0.0,24.0,,500,0.0,0.0,0.0,0.0,1.0,0.0,0.5154309893678836,0.0,0.0,0.0,0.0,0.0,0.0,0.0,20
mwu,dual_x_dim,50.0,,0.0,32.0,,100,0.0,0.0,0.0,0.0,1.0,0.0,0.4685909083126097,0.0,0.0,0.0,0.0,0.0,0.0,0.0,20
mwu,dual_x_dim,50.0,,0.0,32.0,,500,0.0,0.0,0.0,0.0,1.0,0.0,0.4685909083126097,0.0,0.0,0.0,0.0,0.0,0.0,0.0,20
mwu,dual_x_dim,50.0,,0.0,64.0,,100,0.0,0.0,0.0,0.0,1.0,0.0,0.33225016350453335,0.0,0.0,0.0,0.0,0.0,0.0,0.0,20
mwu,dual_x_dim,50.0,,0.0,64.0,,500,0.0,0.0,0.0,0.0,1.0,0.0,0.33225016350453335,0.0,0.0,0.0,0.0,0.0,0.0,0.0,20
mwu,dual_x_dim,50.0,,0.0,128.0,,100,0.0,0.0,0.0,0.0,1.0,0.0,0.23721008257877205,0.0,0.0,0.0,0.0,0.0,0.0,0.0,20
mwu,dual_x_dim,50.0,,0.0,128.0,,500,0.0,0.0,0.0,0.0,1.0,0.0,0.23721008257877205,0.0,0.0,0.0,0.0,0.0,0.0,0.0,20
mwu,dual_x_dim,50.0,,0.0,256.0,,100,0.0,0.0,0.0,0.0,1.0,0.0,0.16269360089398413,0.0,0.0,0.0,0.0,0.0,0.0,0.0,20
mwu,dual_x_dim,50.0,,0.0,256.0,,500,0.0,0.0,0.0,0.0,1.0,0.0,0.16269360089398413,0.0,0.0,0.0,0.0,0.0,0.0,0.0,20
mwu,dual_x_dim,50.0,,0.0,512.0,,100,0.0,0.0,0.0,0.0,1.0,0.0,0.12010095499453584,0.0,0.0,0.0,0.0,0.0,0.0,0.0,20
mwu,dual_x_dim,50.0,,0.0,512.0,,500,0.0,0.0,0.0,0.0,1.0,0.0,0.12010095499453584,0.0,0.0,0.0,0.0,0.0,0.0,0.0,20
mwu,dual_x_dim,50.0,,0.0,1024.0,,100,0.0,0.0,0.0,0.0,1.0,0.0,0.08310998156126659,0.0,0.0,0.0,0.0,0.0,0.0,0.0,20
mwu,dual_x_dim,50.0,,0.0,1024.0,,500,0.0,0.0,0.0,0.0,1.0,0.0,0.08310998156126659,0.0,0.0,0.0,0.0,0.0,0.0,0.0,20
mwu,dual_x_dim,50.0,,0.0,4096.0,,100,0.0,0.0,0.0,0.0,1.0,0.0,0.04043502467319148,0.0,0.0,0.0,0.0,0.0,0.0,0.0,20
mwu,dual_x_dim,50.0,,0.0,4096.0,,500,0.0,0.0,0.0,0.0,1.0,0.0,0.04043502467319148,0.0,0.0,0.0,0.0,0.0,0.0,0.0,20
mwu,dual_x_dim,50.0,,0.0,16384.0,,100,0.0,0.0,0.0,0.0,1.0,0.0,0.020991030318177912,0.0,0.0,0.0,0.0,0.0,0.0,0.0,20
mwu,dual_x_dim,50.0,,0.0,16384.0,,500,0.0,0.0,0.0,0.0,1.0,0.0,0.020991030318177912,0.0,0.0,0.0,0.0,0.0,0.0,0.0,20
mwu,dual_x_dim,50.0,,1e-05,16.0,,100,0.0014787914073877916,8.036620002672603e-05,0.000165532449963681,0.0001440391922825801,1.0,0.2,0.6275110113087817,0.0,0.00015505702115378486,1.989075971649132e-05,3.9948386888451605e-05,2.364027011020759e-05,0.0,0.15559732104309984,20
mwu,dual_x_dim,50.0,,1e-05,16.0,,500,0.0016597583131225794,5.574139960680854e-05,0.00011151629455496818,0.0001883054175105578,1.0,0.2,0.6275110113087817,0.0,0.0001790576567822543,2.1031324965545242e-05,4.20582053399234e-05,2.9398507417166558e-05,0.0,0.15559732104309984,20
mwu,dual_x_dim,50.0,,1e-05,24.0,,100,0.001031434968572459,4.38432822720037e-05,8.9758658188522e-05,8.873970804296472e-05,1.0,0.3,0.5154309893678836,0.0,6.853870805525486e-05,7.976218063376104e-06,1.6076829516570298e-05,7.611160038606848e-06,0.0,0.1791794161110442,20
mwu,dual_x_dim,50.0,,1e-05,24.0,,500,0.0011436855327693382,2.320782587121345e-05,4.642541036847186e-05,0.00011835691277987809,1.0,0.3,0.5154309893678836,0.0,8.363880817450688e-05,1.1607766546896697e-05,2.3214609443263066e-05,1.4358106520636318e-05,0.0,0.1791794161110442,20
mwu,dual_x_dim,50.0,,1e-05,32.0,,100,0.0009180606541469266,3.93710700145016e-05,8.176335982489045e-05,8.074273165277201e-05,1.0,0.25,0.4685909083126097,0.0,7.003232984734544e-05,8.46699899976703e-06,1.687116270037224e-05,7.729337612407576e-06,0.0,0.17584383023461167,20
mwu,dual_x_dim,50.0,,1e-05,32.0,,500,0.0010548398308459425,2.8367389927580558e-05,5.674453426251736e-05,0.0001019953566404691,1.0,0.25,0.4685909083126097,0.0,7.956897548566868e-05,1.086393646851333e-05,2.1726656814640015e-05,1.195227064201425e-05,0.0,0.17584383023461167,20
mwu,dual_x_dim,50.0,,1e-05,64.0,,100,0.0008179345612743055,3.3652639413796374e-05,6.970659191670775e-05,6.97966290278948e-05,1.0,0.25,0.33225016350453335,0.0,4.621006937866334e-05,5.7103857885735354e-06,1.1444711697172543e-05,5.960092037208905e-06,0.0,0.1902214775631705,20
mwu,dual_x_dim,50.0,,1e-05,64.0,,500,0.0009342521874003362,3.447932646587103e-05,6.896607943155777e-05,9.465117193555306e-05,1.0,0.25,0.33225016350453335,0.0,5.94597666507682e-05,1.3608654320718171e-05,2.7216401284539372e-05,1.2008653608447827e-05,0.0,0.1902214775631705,20
mwu,dual_x_dim,50.0,,1e-05,128.0,,100,0.0008152398635113175,3.2139240450090176e-05,6.641010076397741e-05,6.506688796183852e-05,1.0,0.3,0.23721008257877205,0.0,4.6059636383297554e-05,5.18534959941428e-06,1.0493337698176315e-05,5.7640776259960905e-06,0.0,0.1791794161110442,20
mwu,dual_x_dim,50.0,,1e-05,128.0,,500,0.0009168370726010359,3.12707748738552e-05,6.254804344481219e-05,8.681631335507034e-05,1.0,0.3,0.23721008257877205,0.0,5.912555208932956e-05,1.2618002763201784e-05,2.5235230601192284e-05,1.0943666420011665e-05,0.0,0.1791794161110442,20
mwu,dual_x_dim,50.0,,1e-05,256.0,,100,0.0007977707789221259,3.0263622483948754e-05,6.242662192560629e-05,6.360788954851981e-05,1.0,0.3,0.16269360089398413,0.0,4.360219546611855e-05,5.533326147343204e-06,1.1248966040802057e-05,6.373564262657242e-06,0.0,0.1791794161110442,20
mwu,dual_x_dim,50.0,,1e-05,256.0,,500,0.0009016052514959766,2.9560747474307962e-05,5.9127056144518124e-05,8.305484407326313e-05,1.0,0.3,0.16269360089398413,0.0,5.911711013475631e-05,1.1693322881722244e-05,2.3385975844806878e-05,1.0166728147799548e-05,0.0,0.1791794161110442,20
mwu,dual_x_dim,50.0,,1e-05,512.0,,100,0.0007806169180838429,2.994106099083269e-05,6.198773601323673e-05,6.461256910065966e-05,1.0,0.25,0.12010095499453584,0.0,4.30113341616392e-05,5.745237763691875e-06,1.1683869779261396e-05,6.586444897073498e-06,0.0,0.1758438302346117,20
mwu,dual_x_dim,50.0,,1e-05,512.0,,500,0.0008889716581810134,2.9298049684725717e-05,5.8602103749508705e-05,8.359464174164665e-05,1.0,0.25,0.12010095499453584,0.0,5.8472954013415973e-05,1.1678384679395165e-05,2.3356054229217333e-05,1.010697045983655e-05,0.0,0.1758438302346117,20
mwu,dual_x_dim,50.0,,1e-05,1024.0,,100,0.000779813558833356,2.9674417998029264e-05,6.179983488159929e-05,6.402355225642586e-05,1.0,0.25,0.08310998156126659,0.0,4.2575017945441816e-05,5.643749450519721e-06,1.1500176277476628e-05,6.4611011288152715e-06,0.0,0.1758438302346117,20
mwu,dual_x_dim,50.0,,1e-05,1024.0,,500,0.0008910477546044071,2.9085978416383957e-05,5.817831773721932e-05,8.286223757790756e-05,1.0,0.25,0.08310998156126659,0.0,5.845043556650323e-05,1.1801395567542868e-05,2.360204493633809e-05,1.0132689981236819e-05,0.0,0.1758438302346117,20
mwu,dual_x_dim,50.0,,1e-05,4096.0,,100,0.0007815687043699837,2.962021186144158e-05,6.157506297145255e-05,6.370123881735274e-05,1.0,0.25,0.04043502467319148,0.0,4.1552423960132454e-05,5.63348453554709e-06,1.1536503068163782e-05,6.480814091421828e-06,0.0,0.1758438302346117,20
mwu,dual_x_dim,50.0,,1e-05,4096.0,,500,0.0008872477754578015,2.8741802146804083e-05,5.749043067746518e-05,8.204799113854799e-05,1.0,0.25,0.04043502467319148,0.0,5.715887620186938e-05,1.1623842740071777e-05,2.324688361564388e-05,9.937788845299137e-06,0.0,0.1758438302346117,20
mwu,dual_x_dim,50.0,,1e-05,16384.0,,100,0.0007810901351604366,2.9296327829333655e-05,6.0874224148907375e-05,6.376655256426638e-05,1.0,0.25,0.020991030318177912,0.0,4.164796520046952e-05,5.592746601409477e-06,1.140856450423343e-05,6.435126571619136e-06,0.0,0.1758438302346117,20
mwu,dual_x_dim,50.0,,1e-05,16384.0,,500,0.0008901337924653683,2.8671992120297216e-05,5.7351207330438035e-05,8.187041196146966e-05,1.0,0.25,0.020991030318177912,0.0,5.736024300791307e-05,1.1533587348104943e-05,2.306631979607505e-05,9.84266737226739e-06,0.0,0.1758438302346117,20
mwu,dual_x_dim,50.0,,0.0001,16.0,,100,0.014780079481389713,0.0008041664971066873,0.001656532847359745,0.001440257796715201,0.9959694908266338,0.2,0.6275110113087817,0.0,0.001565707752406924,0.0001994380465392672,0.00040059930056073815,0.00023621941606551106,0.0011325417270357586,0.2470883072485369,20
mwu,dual_x_dim,50.0,,0.0001,16.0,,500,0.016618380012934947,0.0005589148811140923,0.0011181663793778658,0.001884090241035398,0.9987983943791197,0.2,0.6275110113087817,0.0,0.0018049197296439738,0.00021093377424247518,0.0004218228792911768,0.000293941595189402,0.0004451964085769887,0.22478059477960655,20
mwu,dual_x_dim,50.0,,0.0001,24.0,,100,0.010274892487590264,0.00043832511237902225,0.0008973916232993606,0.0008873499866026494,0.996989898989899,0.25,0.5154309893678836,0.0,0.0006786031179591942,7.97655719604847e-05,0.0001607817962961959,7.608447129611998e-05,0.0010548717161981004,0.2161261814676544,20
mwu,dual_x_dim,50.0,,0.0001,24.0,,500,0.011417147130389152,0.00023244324178692055,0.00046498423003097386,0.0011841160636141754,0.9991995991983968,0.25,0.5154309893678836,0.0,0.0008297294955686247,0.00011629766307721609,0.00023258607185403798,0.00014364984905812042,0.00033724607364770597,0.2161261814676544,20
mwu,dual_x_dim,50.0,,0.0001,32.0,,100,0.009150962809301916,0.00039366249825168923,0.0008175303900698455,0.0008073204369309819,0.9974949494949495,0.2,0.4685909083126097,0.0,0.0006921385628446321,8.467510839634232e-05,0.00016872483976868995,7.725828893555116e-05,0.0009954169245566303,0.22478059477960655,20
mwu,dual_x_dim,50.0,,0.0001,32.0,,500,0.010549541102098233,0.0002839576928706458,0.0005680130924128775,0.0010203812163152317,0.9992997995991985,0.2,0.4685909083126097,0.0,0.0007990032047235701,0.00010875192053936619,0.0002174916554796657,0.00011957067422718406,0.0003332868059299938,0.22478059477960655,20
mwu,dual_x_dim,50.0,,0.0001,64.0,,100,0.008172905540125504,0.00033643823799278156,0.0006969120764356603,0.000697806411044348,0.9974949494949495,0.2,0.33225016350453335,0.0,0.00045831929064583515,5.7092596511741527e-05,0.00011442678804440899,5.9541355023547796e-05,0.0009954169245566303,0.23619795444544078,20
mwu,dual_x_dim,50.0,,0.0001,64.0,,500,0.009358721183324818,0.00034522322586529595,0.0006905208027854204,0.0009470232486855259,0.9991997995991984,0.25,0.33225016350453335,0.0,0.0005962676709444679,0.00013626071020463805,0.0002725123331316015,0.0001202845023074099,0.00042055613086615194,0.22797737653224784,20
mwu,dual_x_dim,50.0,,0.0001,128.0,,100,0.008133415851809161,0.0003212747669913356,0.0006639074378054775,0.0006505120854987945,0.9974949494949495,0.25,0.23721008257877205,0.0,0.0004589686361786896,5.183612575163397e-05,0.00010489533992599345,5.75783246415976e-05,0.0009954169245566303,0.2279773765322479,20
mwu,dual_x_dim,50.0,,0.0001,128.0,,500,0.009155864732393588,0.0003130609049072621,0.0006261868123377627,0.0008685533271895363,0.9991997995991984,0.3,0.23721008257877205,0.0,0.0005908274492283775,0.0001263380667126144,0.00025266837390827733,0.00010958137209404822,0.00042055613086615194,0.21884866196096622,20
mwu,dual_x_dim,50.0,,0.0001,256.0,,100,0.007962975685558073,0.0003025091683887018,0.0006240317845529242,0.0006358901582866796,0.9974949494949495,0.25,0.16269360089398413,0.0,0.00043370145053592057,5.529755536942931e-05,0.00011241565804838736,6.365249402397108e-05,0.0009954169245566303,0.2279773765322479,20
mwu,dual_x_dim,50.0,,0.0001,256.0,,500,0.00901335678425625,0.00029590651373925163,0.0005918686893008165,0.0008309283670313958,0.9991997995991984,0.3,0.16269360089398413,0.0,0.0005912085240215456,0.00011706926948383183,0.00023413183144668702,0.00010177423732029641,0.00042055613086615194,0.21884866196096622,20
mwu,dual_x_dim,50.0,,0.0001,512.0,,100,0.007792608901268888,0.0002992748220792889,0.0006196261417192993,0.0006459261015550651,0.9979949494949494,0.15,0.12010095499453584,0.0,0.00042777322935668246,5.7404441790117925e-05,0.00011674227611150836,6.577238682312044e-05,0.0009199912106339894,0.2209429552479196,20
mwu,dual_x_dim,50.0,,0.0001,512.0,,500,0.008895909619348394,0.00029328671894485284,0.0005866335395386409,0.0008362221014392657,0.9992997995991985,0.2,0.12010095499453584,0.0,0.0005868052493952436,0.00011692344365788092,0.00023383972644591472,0.00010115144730301103,0.00041741824318525006,0.21275139927797615,20
mwu,dual_x_dim,50.0,,0.0001,1024.0,,100,0.007785313132786201,0.00029661845308606466,0.0006177586788181655,0.0006400599776407029,0.9979949494949494,0.15,0.08310998156126659,0.0,0.00042343703062691797,5.6392578332700074e-05,0.00011490786999904719,6.452310108225771e-05,0.0009199912106339894,0.2209429552479196,20
mwu,dual_x_dim,50.0,,0.0001,1024.0,,500,0.008917743430850094,0.0002911628214421829,0.0005823893176914796,0.0008288746335969211,0.9992997995991985,0.2,0.08310998156126659,0.0,0.0005871075225535588,0.00011815345275057457,0.0002362994329772059,0.00010140938944490882,0.00041741824318525006,0.21275139927797615,20
mwu,dual_x_dim,50.0,,0.0001,4096.0,,100,0.00780676444137573,0.0002960741499303374,0.000615492933662123,0.0006367971930730784,0.9979949494949494,0.15,0.04043502467319148,0.0,0.00041289828969955035,5.6288837723297246e-05,0.00011527281150563705,6.472487094983052e-05,0.0009199912106339894,0.2209429552479196,20
mwu,dual_x_dim,50.0,,0.0001,4096.0,,500,0.008872280148206757,0.0002877158016996749,0.000575499942473709,0.0008208112736273768,0.9992997995991985,0.2,0.04043502467319148,0.0,0.0005718108685354398,0.00011637287119083977,0.0002327377115655734,9.945236688308261e-05,0.00041741824318525006,0.21275139927797615,20
mwu,dual_x_dim,50.0,,0.0001,16384.0,,100,0.0078019084618829145,0.00029283315233632584,0.0006084862016426526,0.0006374278041627477,0.9979949494949494,0.15,0.020991030318177912,0.0,0.0004137593401660601,5.588023424493683e-05,0.0001139917051000419,6.426843030570723e-05,0.0009199912106339894,0.2209429552479196,20
mwu,dual_x_dim,50.0,,0.0001,16384.0,,500,0.008892401400469596,0.0002870147537160098,0.0005741018220130829,0.0008189453139794578,0.9992997995991985,0.2,0.020991030318177912,0.0,0.0005714446844413565,0.00011546641696004339,0.0002309242714664019,9.849054480767383e-05,0.00041741824318525006,0.21275139927797615,20
mwu,dual_x_dim,50.0,,0.001,16.0,,100,0.1443409147783042,0.008090589595655485,0.01668073228335741,0.014385079929248026,0.9600357466948042,1.5,0.6275110113087817,0.0,0.016263163477676257,0.0020456763685434507,0.004114490458203727,0.0023357724629188845,0.006843853960388887,0.3284733426658932,20
mwu,dual_x_dim,50.0,,0.001,16.0,,500,0.1720562826399331,0.005741671604187716,0.011486881968286608,0.01893856537611463,0.9871710859178459,1.55,0.6275110113087817,0.0,0.02145588770202998,0.0021726036986414923,0.0043447376148960624,0.0029279291096479983,0.00304068869691486,0.3439323678925997,20
mwu,dual_x_dim,50.0,,0.001,24.0,,100,0.09843479855987478,0.004372365482618627,0.008954179248459902,0.00886777209687476,0.9727506667771764,1.0,0.5154309893678836,0.0,0.005561206479325543,0.0007979385246480269,0.0016090676500514016,0.0007580837522681097,0.004485225569913349,0.36273812505500586,20
mwu,dual_x_dim,50.0,,0.001,24.0,,500,0.11267784834935765,0.002360846860628392,0.004722687434204005,0.011893989416672602,0.9910837409710697,0.95,0.5154309893678836,0.0,0.007794049464409703,0.0011845208826975393,0.002368947400691508,0.0014434453135666698,0.0024280205992796297,0.35890916604857587,20
mwu,dual_x_dim,50.0,,0.001,32.0,,100,0.08830048715772919,0.003931585272216588,0.008164553671299804,0.008061710350536344,0.9752964305372258,0.9,0.4685909083126097,0.0,0.005704080180334406,0.0008471616411629056,0.0016883704290969837,0.0007689779656545261,0.0038440332210222835,0.33166247903553997,20
mwu,dual_x_dim,50.0,,0.001,32.0,,500,0.1052334739745836,0.002867957989018767,0.005736909536398554,0.010245125855093691,0.9912849441807017,0.8,0.4685909083126097,0.0,0.008076838121786415,0.0010986635645747268,0.0021972027981220867,0.0012004483270565349,0.002456636460961521,0.3292735225182537,20
mwu,dual_x_dim,50.0,,0.001,64.0,,100,0.08083982638683222,0.0033555543663265353,0.006953711445231258,0.006961585771350839,0.9778114757930665,0.9,0.33225016350453335,0.0,0.003983935700523531,0.000569811256813429,0.0011422575120050866,0.0005893916887311307,0.0035655981553668076,0.29824045403173033,20
mwu,dual_x_dim,50.0,,0.001,64.0,,500,0.09519622565112476,0.0034948222527942533,0.006990396708080761,0.009520175547062817,0.9915851429670003,0.8,0.33225016350453335,0.0,0.00582516201302551,0.001379718216395958,0.0027593441765757475,0.0012225201085658494,0.002483645218580702,0.3211820274187865,20
mwu,dual_x_dim,50.0,,0.001,128.0,,100,0.07946445110742777,0.003201009235309538,0.006619733694562521,0.006489727101552822,0.9788320932871744,0.85,0.23721008257877205,0.0,0.0041554368635126964,0.0005166568942283593,0.001045201777270225,0.0005693112116661102,0.0033506268027757636,0.2835396565598986,20
mwu,dual_x_dim,50.0,,0.001,128.0,,500,0.09186152645614572,0.0031655630416222206,0.006331782725218294,0.008728494336112077,0.9916859477943548,0.8,0.23721008257877205,0.0,0.005926747664040463,0.001278904409603916,0.002557730190551385,0.0011091565067424122,0.002536765221881412,0.2955814964652415,20
mwu,dual_x_dim,50.0,,0.001,256.0,,100,0.07829615577117363,0.0030123996955504946,0.0062168940399872875,0.00633958674838743,0.9778168387004911,0.95,0.16269360089398413,0.0,0.003892207166911206,0.0005494290020440904,0.0011168024848173875,0.0006280607000487468,0.0037109493733965757,0.32015621187164245,20
mwu,dual_x_dim,50.0,,0.001,256.0,,500,0.09016675281242956,0.0029887385966942347,0.005978038844664184,0.008346495679782412,0.9913849441807019,0.95,0.16269360089398413,0.0,0.005961385399093741,0.0011840795122326903,0.0023680911119602238,0.0010284521919403109,0.0026903642008919357,0.36616792236407203,20
mwu,dual_x_dim,50.0,,0.001,512.0,,100,0.0767533686524475,0.0029791804112834054,0.006171344664043487,0.0064388263904674075,0.9778168387004911,0.95,0.12010095499453584,0.0,0.0038165595733421526,0.0005692760731494945,0.0011578239232883775,0.0006483372887089978,0.0037109493733965757,0.32015621187164245,20
mwu,dual_x_dim,50.0,,0.001,512.0,,500,0.089247864372107,0.0029632702297365666,0.005927147316599909,0.00838873765343012,0.9914853457871274,0.9,0.12010095499453584,0.0,0.005862682707513874,0.0011829819846230943,0.002365891399174209,0.0010195452126477928,0.0026174570546382775,0.3395042825867397,20
mwu,dual_x_dim,50.0,,0.001,1024.0,,100,0.07665718869981593,0.0029536187325531612,0.006153635716294647,0.006383028067525318,0.9773168387004911,0.9,0.08310998156126659,0.0,0.0037988588066285717,0.0005594571916455464,0.0011397373534378392,0.0006362488751813302,0.0036578581487188397,0.3236307187293307,20
mwu,dual_x_dim,50.0,,0.001,1024.0,,500,0.08928901960724209,0.0029416877184426536,0.005884018826634036,0.008313705549930753,0.9913853457871274,0.85,0.08310998156126659,0.0,0.005988750572860294,0.001195261943109671,0.002390448102264578,0.0010220960111833048,0.002606243681118816,0.3423986596137069,20
mwu,dual_x_dim,50.0,,0.001,4096.0,,100,0.07674063258355521,0.0029481420397542385,0.0061291748473837285,0.0063460020603296865,0.9773168387004911,0.9,0.04043502467319148,0.0,0.0037614547094451003,0.0005583325057453752,0.0011435575655243447,0.0006387556351240477,0.0036578581487188375,0.3236307187293307,20
mwu,dual_x_dim,50.0,,0.001,4096.0,,500,0.08855811462630502,0.0029067035722762408,0.005814098135949434,0.00824041867732895,0.9913853457871274,0.85,0.04043502467319148,0.0,0.00580537359684394,0.0011769646451870392,0.002353847759472417,0.0010019233744645176,0.002606243681118815,0.34239865961370697,20
mwu,dual_x_dim,50.0,,0.001,16384.0,,100,0.076658860571267,0.0029153327960232825,0.006059274569010255,0.00635069696749607,0.9773168387004911,0.9,0.020991030318177912,0.0,0.0037742186664016337,0.0005541022875896284,0.0011305718984096185,0.0006342341617168935,0.0036578581487188397,0.3236307187293307,20
mwu,dual_x_dim,50.0,,0.001,16384.0,,500,0.08872128615881779,0.0028994151288326622,0.0057995618590113065,0.008213693634727669,0.9912849441807017,0.9,0.020991030318177912,0.0,0.005777444599517319,0.001167519590256584,0.002334952203194893,0.000991149351251471,0.0026792587345984263,0.36920968225885437,20
mwu,exact,,,,,,100,0.0,0.0,0.0,0.0,1.0,0.0,0.0,0.0,0.0,0.0,0.0,0.0,0.0,0.0,20
mwu,exact,,,,,,500,0.0,0.0,0.0,0.0,1.0,0.0,0.0,0.0,0.0,0.0,0.0,0.0,0.0,0.0,20
mwu,overlap,50.0,,,,0.0,100,0.0,0.0,0.0,0.0,1.0,0.0,0.0,0.0,0.0,0.0,0.0,0.0,0.0,0.0,20
mwu,overlap,50.0,,,,0.0,500,0.0,0.0,0.0,0.0,1.0,0.0,0.0,0.0,0.0,0.0,0.0,0.0,0.0,0.0,20
mwu,overlap,50.0,,,,0.01,100,0.13951051289898356,0.0977944140504058,0.2048084028847208,0.11249544225408185,0.9583592244770449,0.9,0.00804139984168797,0.0,0.016184387297483466,0.01748107324796233,0.035159654736595936,0.016171227515764323,0.012918277110353838,0.7810249675906653,20
mwu,overlap,50.0,,,,0.01,500,0.3310073095811337,0.1452827264055704,0.29056637558990517,0.23485897335468753,0.953543512223027,3.85,0.00804139984168797,0.0,0.062001452090562265,0.05479721147390113,0.10959467062983962,0.051438509528279566,0.019817952766847783,2.259803205218496,20
mwu,overlap,50.0,,,,0.03,100,0.3933370239554831,0.24995855453886198,0.5287311738243645,0.29238884207184435,0.8862372685406559,3.75,0.02412419952506391,0.0,0.0446016300194035,0.04507452871106104,0.0912492645437693,0.04082641228592641,0.02258245313104385,1.7042902520280676,20
mwu,overlap,50.0,,,,0.03,500,0.8945466618268162,0.3998531320986898,0.7997649598479138,0.507765662133231,0.8450164576387185,32.2,0.02412419952506391,0.0,0.12393954037208656,0.08743225823585032,0.174854861330928,0.07468453409892845,0.0315979211802766,6.856652551393158,20
mwu,overlap,50.0,,,,0.1,100,1.1258752250498563,0.5190808475896294,1.0507951959181163,0.5912334514777349,0.7403902203180553,13.85,0.08041399841687971,0.0,0.12550001617653134,0.07709741322080431,0.15377294628104005,0.06689660967051911,0.029011662570181326,2.552887941548799,20
mwu,overlap,50.0,,,,0.1,500,9685.79967976075,0.7002734943938276,1.400572798861663,0.8551286117565386,0.5751235028119478,127.3,0.08041399841687971,0.0,9676.326764671308,0.09313445659614171,0.1862652494833131,0.06034663571974088,0.020568315364980255,9.594159407516747,20
mwu,overlap,50.0,,,,0.2,100,1.5610347592318203e+18,0.7617077471547399,1.5402927272484126,0.8470403226728761,0.5897719749568056,24.15,0.16082799683375942,0.0,1.5610347592318203e+18,0.06911931953038232,0.1391971638675048,0.04685226287059031,0.018437209836073918,2.5029193481128975,20
mwu,overlap,50.0,,,,0.2,500,47203.514827329505,0.7993387199913968,1.5986900768300034,0.8781252759457757,0.5226284613087738,143.35,0.16082799683375942,0.45,34659.04901379805,0.0873113971761274,0.1746243901751029,0.05599833998070761,0.007087035867707764,8.959345312077922,20
mwu,overlap,50.0,,,,0.3,100,7.080632060099345e+61,0.7392788448261529,1.4804332126495146,0.8881018934950232,0.5534820315505147,26.45,0.2412419952506391,0.05,6.901346452104935e+61,0.06683709759195293,0.1337713476653104,0.0369098526920125,0.012221673004142184,2.514667499209179,20
mwu,overlap,50.0,,,,0.3,500,102.15168764978164,0.8381278314929158,1.6762556629858316,0.8996841647643007,0.5077142498697265,149.6,0.2412419952506391,0.7,25.806644909909,0.08662393071672107,0.17324786143344215,0.05395864085391863,0.005244606418013846,9.823012722549452,20
mwu,overlap,50.0,,,,0.5,100,500.3098058862343,0.776974509021549,1.5549199457837946,0.8953541184416384,0.5174384227292916,27.95,0.40206999208439853,0.45,246.72874198815927,0.061965220454825255,0.12410248588985284,0.02251478050763744,0.012212262957842326,2.8111385593741196,20
mwu,overlap,50.0,,,,0.5,500,1302.2795558297298,0.7588249420009782,1.5176498840019563,0.9612121987559723,0.5082239093590444,149.2,0.40206999208439853,0.8,365.813828323338,0.1060567373072006,0.21211347461440122,0.016031338492228264,0.00489414067989412,8.74871419123976,20
mwu,overlap_dual,50.0,,0.0,,0.0,100,0.0,0.0,0.0,0.0,1.0,0.0,0.0,0.0,0.0,0.0,0.0,0.0,0.0,0.0,20
mwu,overlap_dual,50.0,,0.0,,0.0,500,0.0,0.0,0.0,0.0,1.0,0.0,0.0,0.0,0.0,0.0,0.0,0.0,0.0,0.0,20
mwu,overlap_dual,50.0,,0.0,,0.01,100,0.0,0.0,0.0,0.0,1.0,0.0,0.00804139984168797,0.0,0.0,0.0,0.0,0.0,0.0,0.0,20
mwu,overlap_dual,50.0,,0.0,,0.01,500,0.0,0.0,0.0,0.0,1.0,0.0,0.00804139984168797,0.0,0.0,0.0,0.0,0.0,0.0,0.0,20
mwu,overlap_dual,50.0,,0.0,,0.03,100,0.0,0.0,0.0,0.0,1.0,0.0,0.02412419952506391,0.0,0.0,0.0,0.0,0.0,0.0,0.0,20
mwu,overlap_dual,50.0,,0.0,,0.03,500,0.0,0.0,0.0,0.0,1.0,0.0,0.02412419952506391,0.0,0.0,0.0,0.0,0.0,0.0,0.0,20
mwu,overlap_dual,50.0,,0.0,,0.1,100,0.0,0.0,0.0,0.0,1.0,0.0,0.08041399841687971,0.0,0.0,0.0,0.0,0.0,0.0,0.0,20
mwu,overlap_dual,50.0,,0.0,,0.1,500,0.0,0.0,0.0,0.0,1.0,0.0,0.08041399841687971,0.0,0.0,0.0,0.0,0.0,0.0,0.0,20
mwu,overlap_dual,50.0,,0.0,,0.2,100,0.0,0.0,0.0,0.0,1.0,0.0,0.16082799683375942,0.0,0.0,0.0,0.0,0.0,0.0,0.0,20
mwu,overlap_dual,50.0,,0.0,,0.2,500,0.0,0.0,0.0,0.0,1.0,0.0,0.16082799683375942,0.0,0.0,0.0,0.0,0.0,0.0,0.0,20
mwu,overlap_dual,50.0,,0.0,,0.3,100,0.0,0.0,0.0,0.0,1.0,0.0,0.2412419952506391,0.0,0.0,0.0,0.0,0.0,0.0,0.0,20
mwu,overlap_dual,50.0,,0.0,,0.3,500,0.0,0.0,0.0,0.0,1.0,0.0,0.2412419952506391,0.0,0.0,0.0,0.0,0.0,0.0,0.0,20
mwu,overlap_dual,50.0,,0.0,,0.5,100,0.0,0.0,0.0,0.0,1.0,0.0,0.40206999208439853,0.0,0.0,0.0,0.0,0.0,0.0,0.0,20
mwu,overlap_dual,50.0,,0.0,,0.5,500,0.0,0.0,0.0,0.0,1.0,0.0,0.40206999208439853,0.0,0.0,0.0,0.0,0.0,0.0,0.0,20
mwu,overlap_dual,50.0,,1e-05,,0.0,100,0.0007798680245654166,2.9546317294586003e-05,6.144221966203635e-05,6.38205121592711e-05,1.0,0.25,0.0,0.0,4.131345792536234e-05,5.600833801694583e-06,1.142238150191699e-05,6.442245129738534e-06,0.0,0.1758438302346117,20
mwu,overlap_dual,50.0,,1e-05,,0.0,500,0.0008905555367631393,2.8869782023108736e-05,5.7746467821525726e-05,8.228471437735224e-05,1.0,0.25,0.0,0.0,5.742739215461674e-05,1.1672379191686557e-05,2.3343946140913205e-05,9.920523190070796e-06,0.0,0.1758438302346117,20
mwu,overlap_dual,50.0,,1e-05,,0.01,100,0.0007791813117893176,2.9515254838240104e-05,6.135116298515513e-05,6.39200262032319e-05,1.0,0.25,0.00804139984168797,0.0,4.148935286863846e-05,5.630110440779681e-06,1.146803535701502e-05,6.46975212935017e-06,0.0,0.1758438302346117,20
mwu,overlap_dual,50.0,,1e-05,,0.01,500,0.0008900760027921728,2.907338017939632e-05,5.815369229544091e-05,8.253737268657107e-05,1.0,0.25,0.00804139984168797,0.0,5.7689449932423624e-05,1.1787367449007281e-05,2.3573921807069786e-05,1.002327776173752e-05,0.0,0.1758438302346117,20
mwu,overlap_dual,50.0,,1e-05,,0.03,100,0.0007783296034261561,2.9483759049767077e-05,6.123144176801343e-05,6.421815187919039e-05,1.0,0.25,0.02412419952506391,0.0,4.186647882661338e-05,5.692532052376738e-06,1.1569707175157275e-05,6.531009468216967e-06,0.0,0.1758438302346117,20
mwu,overlap_dual,50.0,,1e-05,,0.03,500,0.0008896492106739596,2.9480315718306762e-05,5.896762209821445e-05,8.312640483822963e-05,1.0,0.25,0.02412419952506391,0.0,5.821881657239934e-05,1.2015456832199224e-05,2.40300983678911e-05,1.0227640075852649e-05,0.0,0.1758438302346117,20
mwu,overlap_dual,50.0,,1e-05,,0.1,100,0.0007801747775807416,2.964608964672183e-05,6.15058095607009e-05,6.571352092028248e-05,1.0,0.25,0.08041399841687971,0.0,4.332229207962669e-05,5.9405141603756225e-06,1.1979352484861696e-05,6.788910688623236e-06,0.0,0.1758438302346117,20
mwu,overlap_dual,50.0,,1e-05,,0.1,500,0.0008947810479357276,3.0985461099674714e-05,6.197814288652189e-05,8.56504509349737e-05,1.0,0.25,0.08041399841687971,0.0,6.038367350077789e-05,1.2800408627389949e-05,2.559998732218711e-05,1.0959915525265811e-05,0.0,0.1758438302346117,20
mwu,overlap_dual,50.0,,1e-05,,0.2,100,0.0007958640610828849,3.065815239550358e-05,6.341414410664652e-05,6.899611317257998e-05,1.0,0.25,0.16082799683375942,0.0,4.5368030672584085e-05,6.4390067933882605e-06,1.2736602940324693e-05,7.217466801950907e-06,0.0,0.1758438302346117,20
mwu,overlap_dual,50.0,,1e-05,,0.2,500,0.0009180856565391444,3.385320874214628e-05,6.771403533020576e-05,9.099424191523764e-05,1.0,0.25,0.16082799683375942,0.0,6.282265114802464e-05,1.389285507089104e-05,2.7784828110075837e-05,1.2071826238987296e-05,0.0,0.1758438302346117,20
mwu,overlap_dual,50.0,,1e-05,,0.3,100,0.0008231047276275078,3.231389282287913e-05,6.72719324695392e-05,7.340953098326497e-05,1.0,0.3,0.2412419952506391,0.0,4.7601516995928267e-05,7.042877483694393e-06,1.381919473627078e-05,7.712158776776403e-06,0.0,0.1791794161110442,20
mwu,overlap_dual,50.0,,1e-05,,0.3,500,0.0009539640226067334,3.699796224780311e-05,7.400403518409853e-05,9.757850713906918e-05,1.0,0.3,0.2412419952506391,0.0,6.510016547572001e-05,1.5125169108371327e-05,3.0249394991321123e-05,1.3295436727404892e-05,0.0,0.1791794161110442,20
mwu,overlap_dual,50.0,,1e-05,,0.5,100,0.0009197334838717721,3.886643401475772e-05,8.046146949003101e-05,8.686022687268425e-05,1.0,0.25,0.40206999208439853,0.0,5.26715733561269e-05,8.42797412936587e-06,1.6600914540716716e-05,8.982394227590263e-06,0.0,0.20358626776148883,20
mwu,overlap_dual,50.0,,1e-05,,0.5,500,0.0010629625075824045,4.522993476344495e-05,9.04694067713262e-05,0.00011701167274901225,1.0,0.25,0.40206999208439853,0.0,7.242071546732471e-05,1.8418495631886697e-05,3.68358769050542e-05,1.6318589522830192e-05,0.0,0.20358626776148883,20
mwu,overlap_dual,50.0,,0.0001,,0.0,100,0.00778971228244337,0.00029533313119256235,0.0006141660094747118,0.000637965995591644,0.9979949494949494,0.15,0.0,0.0,0.0004104729869658667,5.596128300290506e-05,0.00011413010829984281,6.43390841780161e-05,0.0009199912106339894,0.2209429552479196,20
mwu,overlap_dual,50.0,,0.0001,,0.0,500,0.008896609423237407,0.00028899543390655,0.000578059982679574,0.0008230905190276222,0.9992997995991985,0.2,0.0,0.0,0.0005721184377083182,0.00011685466116549501,0.00023370118732189585,9.926939889485134e-05,0.00041741824318525006,0.21275139927797615,20
mwu,overlap_dual,50.0,,0.0001,,0.01,100,0.007781916596927532,0.00029502204447320375,0.0006132547059072317,0.0006389623064871023,0.9979949494949494,0.15,0.00804139984168797,0.0,0.000412423236346418,5.625391617189121e-05,0.00011458629869248146,6.461407664913658e-05,0.0009199912106339894,0.2209429552479196,20
mwu,overlap_dual,50.0,,0.0001,,0.01,500,0.008891831904261549,0.0002910353412930227,0.0005821400790572656,0.000825635165133301,0.9992997995991985,0.2,0.00804139984168797,0.0,0.0005747561867617677,0.00011800636976843715,0.000236004595998745,0.00010029677294949173,0.00041741824318525006,0.21275139927797615,20
mwu,overlap_dual,50.0,,0.0001,,0.03,100,0.007773068376321479,0.0002947052109044324,0.0006120555813221611,0.0006419460817536319,0.9979949494949494,0.15,0.02412419952506391,0.0,0.00041626771559375185,5.6878034520122546e-05,0.00011560228843023198,6.522602011442173e-05,0.0009199912106339894,0.2209429552479196,20
mwu,overlap_dual,50.0,,0.0001,,0.03,500,0.00888758987716502,0.00029511262476620566,0.0005902952333825939,0.0008315990388015032,0.9992997995991985,0.2,0.02412419952506391,0.0,0.0005800806848556874,0.00012029105469060185,0.0002405739436876918,0.00010235141057811495,0.00041741824318525006,0.21275139927797615,20
mwu,overlap_dual,50.0,,0.0001,,0.1,100,0.0077877593104249965,0.0002963230436078563,0.0006148024783773085,0.0006568897269069729,0.9979949494949494,0.15,0.08041399841687971,0.0,0.0004316401938582064,5.935646536815741e-05,0.00011969300326580658,6.780123279728818e-05,0.0009199912106339894,0.2209429552479196,20
mwu,overlap_dual,50.0,,0.0001,,0.1,500,0.00893553740645259,0.0003101941275171752,0.0006204605408599923,0.0008568625727770257,0.9992997995991985,0.2,0.08041399841687971,0.0,0.0006026748921058314,0.00012815515957087203,0.0002563020065887164,0.00010968408082697244,0.00041741824318525006,0.21275139927797615,20
mwu,overlap_dual,50.0,,0.0001,,0.2,100,0.007946358706068937,0.0003063949599600373,0.0006337731105374703,0.0006897037811272793,0.9979949494949494,0.15,0.16082799683375942,0.0,0.00045180000317042364,6.432614806678645e-05,0.00012723859820238984,7.207811718015642e-05,0.0009199912106339894,0.2209429552479196,20
mwu,overlap_dual,50.0,,0.0001,,0.2,500,0.009169587368334686,0.0003389227056531287,0.0006779216739168433,0.0009104059087341243,0.9992997995991985,0.2,0.16082799683375942,0.0,0.000627319381261463,0.00013910457530808576,0.0002782003159931235,0.00012082674127956804,0.0004174182431852498,0.21275139927797615,20
mwu,overlap_dual,50.0,,0.0001,,0.3,100,0.008224943329154166,0.0003229236956640836,0.0006723048399588839,0.0007338264088193782,0.9979949494949494,0.2,0.2412419952506391,0.0,0.00047179774133865245,7.035763936862477e-05,0.00013804823400471043,7.700696727651948e-05,0.0009199912106339894,0.22478059477960655,20
mwu,overlap_dual,50.0,,0.0001,,0.3,500,0.009535098022863942,0.000370436395495625,0.0007409539902971064,0.0009763523028147661,0.9992997995991985,0.25,0.2412419952506391,0.0,0.0006479946806929752,0.00015145902649011395,0.00030290860482426886,0.00013308299473442514,0.00041741824318525006,0.2161261814676544,20
mwu,overlap_dual,50.0,,0.0001,,0.5,100,0.009186180856596879,0.00038833976195293935,0.0008039941727548666,0.000868234789768299,0.9979949494949494,0.15,0.40206999208439853,0.0,0.0005221105849002418,8.418183486947181e-05,0.00016581032879406336,8.966725202405087e-05,0.0009199912106339894,0.24360235069300518,20
mwu,overlap_dual,50.0,,0.0001,,0.5,500,0.010623104768853751,0.0004529661181737185,0.0009060277309065215,0.0011709766587584241,0.9992997995991985,0.2,0.40206999208439853,0.0,0.0007216460511244214,0.00018449065891039816,0.0003689701528554901,0.00016338988424348502,0.00041741824318525006,0.23619795444544078,20
mwu,overlap_dual,50.0,,0.001,,0.0,100,0.0765582043905906,0.0029403408799480073,0.006116057000263824,0.0063557167774786,0.9778270427821237,0.85,0.0,0.0,0.0037431059334737914,0.000554931447221427,0.0011319809252567149,0.0006348855624578516,0.0034811439163159245,0.35,20
mwu,overlap_dual,50.0,,0.001,,0.0,500,0.08871271786706184,0.002919482896725777,0.005839664732719433,0.008258258617980086,0.9913853457871274,0.85,0.0,0.0,0.0057624453751150585,0.0011814272911958648,0.0023627719674829974,0.00099950597510387,0.002678526341052448,0.39252891278021934,20
mwu,overlap_dual,50.0,,0.001,,0.01,100,0.07649595015213247,0.0029371839624616667,0.006106870782843792,0.006366875496762933,0.9778270427821237,0.85,0.00804139984168797,0.0,0.0037575464573881365,0.0005578446923484263,0.0011365083631198712,0.0006376352024095793,0.0034811439163159245,0.35,20
mwu,overlap_dual,50.0,,0.001,,0.01,500,0.08869004984920931,0.00294026095861177,0.005881223671308719,0.00828720498213611,0.9913853457871274,0.85,0.00804139984168797,0.0,0.005771884253042421,0.001193119259925696,0.002386155815526048,0.0010099484496085272,0.002678526341052448,0.39252891278021934,20
mwu,overlap_dual,50.0,,0.001,,0.03,100,0.07646021876123711,0.002933828194629043,0.006094689239971532,0.006395477147386687,0.9778270427821237,0.85,0.02412419952506391,0.0,0.0037818445381911175,0.0005640767388259784,0.0011465962367929396,0.0006436936510532146,0.0034811439163159245,0.35,20
mwu,overlap_dual,50.0,,0.001,,0.03,500,0.08870556139920474,0.002981799695832856,0.0059643070320759915,0.008348584586663698,0.9913853457871274,0.85,0.02412419952506391,0.0,0.005790376605779025,0.001216329682562876,0.002432576429831271,0.0010309272266823908,0.002678526341052448,0.39252891278021934,20
mwu,overlap_dual,50.0,,0.001,,0.1,100,0.07686356715622394,0.0029494602996173605,0.0061224898476514005,0.006545215701837826,0.9783373531230675,0.8,0.08041399841687971,0.0,0.0038801626362023286,0.000588724340218348,0.0011869322437977538,0.0006690028310122169,0.003614636853194378,0.37416573867739417,20
mwu,overlap_dual,50.0,,0.001,,0.1,500,0.08937394849694674,0.0031355249068438077,0.00627178064656761,0.008606224694981755,0.9914857482032338,0.8,0.08041399841687971,0.0,0.005904115791631913,0.0012963724373023578,0.0025926604223834573,0.0011055076045736645,0.002763481335647383,0.41422089199896844,20
mwu,overlap_dual,50.0,,0.001,,0.2,100,0.07830549223693249,0.0030453160967726994,0.006300945986240454,0.006870757557056628,0.9788475572047,0.85,0.16082799683375942,0.0,0.004073421999114806,0.0006368900997087307,0.0012596793836886625,0.0007109627450846418,0.0035067429546303502,0.35,20
mwu,overlap_dual,50.0,,0.001,,0.2,500,0.09158017756378405,0.0034277714391011934,0.0068563140043236106,0.009148994571952476,0.9913853465968081,0.75,0.16082799683375942,0.0,0.0061306578788058825,0.0014082657070162807,0.002816441634107568,0.0012187977409645523,0.0029211540684794834,0.33146405695434245,20
mwu,overlap_dual,50.0,,0.001,,0.3,100,0.0810703917215596,0.003207905520034071,0.006681660628511009,0.007310739698686959,0.9778373531230674,1.05,0.2412419952506391,0.0,0.0042293580593058735,0.0006964555703002303,0.0013661597532593033,0.0007584200667040275,0.0037086935219265236,0.35150054278613474,20
mwu,overlap_dual,50.0,,0.001,,0.3,500,0.09531426737436802,0.003749334596385678,0.007499490523687352,0.009818403232348224,0.9911847445895807,1.05,0.2412419952506391,0.0,0.006320565889907168,0.001534815478901357,0.003069534883566483,0.0013432109761580277,0.002878717734294289,0.35890916604857587,20
mwu,overlap_dual,50.0,,0.001,,0.5,100,0.09071592525283934,0.00385105356190158,0.007978009444628838,0.008644588018617517,0.9768271490414348,1.0,0.40206999208439853,0.0,0.004572491195410224,0.0008320810161975556,0.0016383241450006957,0.0008807443743951785,0.004156182959757933,0.36273812505500586,20
mwu,overlap_dual,50.0,,0.001,,0.5,500,0.10691438286346844,0.004594975678904699,0.00919091865589948,0.011792348635895521,0.9904827365574522,0.95,0.40206999208439853,0.0,0.007072508225265319,0.001874521062429614,0.0037489283355640244,0.001653266509156957,0.0032538916155053607,0.3439323678925997,20
