construction,sweep,beta,beta_max,sigma,dim,rho,T,max_err_mean,final_err_mean,greedy_agree_mean,select_agree_mean,max_cos_mean,diverged_mean,max_err_sem,final_err_sem,greedy_agree_sem,select_agree_sem,n
q,beta_max,,1.0,,,,100,0.45983654499232784,0.4564505839458078,0.9875932201234108,0.5689072532873468,0.0,0.0,0.03226893741949046,0.031612443628054904,0.004656422847011147,0.03047647472346541,20
q,beta_max,,1.0,,,,500,2.3198814729762516,2.3057620798118874,0.9481374658683288,0.6384271459140095,0.0,0.0,0.10127841160935208,0.1002496552335547,0.016600831226271585,0.027650719201933672,20
q,beta_max,,2.0,,,,100,0.43724477085053176,0.4342318223006051,0.9885599921772201,0.6952894886046843,0.0,0.0,0.029441571980141936,0.028860267700901332,0.004623626885936958,0.024259409141161748,20
q,beta_max,,2.0,,,,500,2.1692392583444233,2.159313195406481,0.9651861596052227,0.8605101471277485,0.0,0.0,0.08904616891437016,0.08826495910890043,0.014188359100102186,0.019991983433159537,20
q,beta_max,,5.0,,,,100,0.28221390863783075,0.28182969957564585,0.9946761337137818,0.8789864116365038,0.0,0.0,0.010551350445774156,0.010530005431513998,0.0025971335507634224,0.013192032101872846,20
q,beta_max,,5.0,,,,500,0.47242643091499126,0.3771494691122752,0.995147327624324,0.9704131853274992,0.0,0.0,0.031059671635286116,0.03979272229208606,0.0030691423174744738,0.006316768587810601,20
q,beta_max,,10.0,,,,100,0.10090507934638863,0.10027598994943447,0.9922661457122223,0.9541477569292514,0.0,0.0,0.0040165085407563835,0.004106573698469245,0.002700613782834371,0.0058832714756220945,20
q,beta_max,,10.0,,,,500,0.11114940995324263,0.06862063748850002,0.9980645737051196,0.9911908094296903,0.0,0.0,0.005964755497391234,0.005058974019901773,0.000652230037027136,0.0011015942695426694,20
q,beta_max,,20.0,,,,100,0.03087208384132683,0.02833709620818996,0.9949569321672371,0.9872156720469372,0.0,0.0,0.001580709044506515,0.0017101914335658874,0.002328351179485519,0.0023883116754983514,20
q,beta_max,,20.0,,,,500,0.03087208384132683,0.01570573524798871,0.9990388631168908,0.9975702259870344,0.0,0.0,0.001580709044506515,0.0010697270889103022,0.000443907873652252,0.0004548999701568351,20
q,beta_max,,50.0,,,,100,0.00563213528894963,0.00438490855474552,1.0,0.9989247311827956,0.0,0.0,0.0003753699452294639,0.00032608094337761287,0.0,0.0010752688172042998,20
q,beta_max,,50.0,,,,500,0.00563213528894963,0.0024902871701180497,1.0,0.9997971602434077,0.0,0.0,0.0003753699452294639,0.00021511013809942075,0.0,0.00020283975659229477,20
q,beta_max,,100.0,,,,100,0.0014297705544418892,0.000986124849360429,0.9985989492119088,0.9994565217391305,0.0,0.0,0.0001414361855445996,0.00010783605886332051,0.001401050788091066,0.0005434782608695655,20
q,beta_max,,100.0,,,,500,0.0014297705544418892,0.0005369478543905959,0.9997307303938069,0.9998983739837399,0.0,0.0,0.0001414361855445996,7.388930792931464e-05,0.0002692696061931984,0.00010162601626016572,20
q,beta_max,,1000.0,,,,100,4.52079225250028e-06,3.231372520438869e-06,1.0,1.0,0.0,0.0,1.7989899128600759e-06,1.4148997877150148e-06,0.0,0.0,20
q,beta_max,,1000.0,,,,500,5.852025472804015e-06,1.529464103988687e-06,1.0,1.0,0.0,0.0,2.019888489793365e-06,5.549945918386052e-07,0.0,0.0,20
q,beta_max,,10000.0,,,,100,4.849223897082644e-08,4.530664503010762e-08,1.0,1.0,0.0,0.0,1.5685037233556894e-08,1.385328535421211e-08,0.0,0.0,20
q,beta_max,,10000.0,,,,500,2.528843989858809e-07,2.4891815558758523e-07,1.0,1.0,0.0,0.0,1.2747398908516972e-08,1.1914453454965942e-08,0.0,0.0,20
q,beta_max,,1000000.0,,,,100,3.220914496504523e-08,3.179856507273815e-08,1.0,1.0,0.0,0.0,2.1398748590929358e-09,2.0573382084352025e-09,0.0,0.0,20
q,beta_max,,1000000.0,,,,500,2.505635978700127e-07,2.490423840484368e-07,1.0,1.0,0.0,0.0,1.1989519285007931e-08,1.1862328839112085e-08,0.0,0.0,20
q,beta_route,1.0,,,,,100,0.6208896616667517,0.6146087923707804,0.9862569609912208,0.8704020334773551,0.0,0.0,0.0304387745539338,0.02892546705325277,0.005786489429280306,0.015235297589306742,20
q,beta_route,1.0,,,,,500,1.9460730086772162,1.9447568602372307,0.9959262082101406,0.9252751084340316,0.0,0.0,0.08073189335074989,0.08058441868154155,0.0016746864826774192,0.013858175648507935,20
q,beta_route,2.0,,,,,100,0.4257584381592946,0.41823334292143255,0.9929663569509719,0.967436252929779,0.0,0.0,0.02059579118261132,0.01916394055572427,0.0041047303839190025,0.009676073918803228,20
q,beta_route,2.0,,,,,500,1.7720011575064185,1.7708963925674925,0.9973600407625666,0.9874434015557888,0.0,0.0,0.07042756509139891,0.07027509110247639,0.0012299849774579687,0.004554213309751726,20
q,beta_route,5.0,,,,,100,0.08885033509006894,0.08611020174887099,0.9988711749832012,0.9973459042252164,0.0,0.0,0.005562153978543187,0.00524200858538185,0.0007940193413890845,0.0013021196029337897,20
q,beta_route,5.0,,,,,500,0.6932076178583368,0.6872061332671143,0.9992942991628005,0.999393120668876,0.0,0.0,0.03183955322341254,0.030853082026821445,0.0004994981639530751,0.0002582835008292149,20
q,beta_route,10.0,,,,,100,0.000701984935651792,0.0006806160511974163,1.0,1.0,0.0,0.0,4.65666250072753e-05,4.379630264214164e-05,0.0,0.0,20
q,beta_route,10.0,,,,,500,0.006361949571429171,0.006297455987584233,1.0,1.0,0.0,0.0,0.0003142032471265274,0.00030109544963860904,0.0,0.0,20
q,beta_route,20.0,,,,,100,4.507778636299656e-06,3.2228976036233205e-06,1.0,1.0,0.0,0.0,1.8012670555835081e-06,1.4174437326047246e-06,0.0,0.0,20
q,beta_route,20.0,,,,,500,5.7510532967871425e-06,1.4784326179739792e-06,1.0,1.0,0.0,0.0,2.035917351153367e-06,5.788585611543106e-07,0.0,0.0,20
q,beta_route,50.0,,,,,100,4.52079225250028e-06,3.231372520438869e-06,1.0,1.0,0.0,0.0,1.7989899128600759e-06,1.4148997877150148e-06,0.0,0.0,20
q,beta_route,50.0,,,,,500,5.852025472804015e-06,1.529464103988687e-06,1.0,1.0,0.0,0.0,2.019888489793365e-06,5.549945918386052e-07,0.0,0.0,20
q,beta_route,100.0,,,,,100,4.52079225250028e-06,3.231372520438869e-06,1.0,1.0,0.0,0.0,1.7989899128600759e-06,1.4148997877150148e-06,0.0,0.0,20
q,beta_route,100.0,,,,,500,5.852025472804015e-06,1.529464103988687e-06,1.0,1.0,0.0,0.0,2.019888489793365e-06,5.549945918386052e-07,0.0,0.0,20
q,beta_route,1000.0,,,,,100,4.52079225250028e-06,3.231372520438869e-06,1.0,1.0,0.0,0.0,1.798989912860075e-06,1.4148997877150148e-06,0.0,0.0,20
q,beta_route,1000.0,,,,,500,5.852025472804015e-06,1.529464103988687e-06,1.0,1.0,0.0,0.0,2.019888489793365e-06,5.549945918386052e-07,0.0,0.0,20
q,beta_route,10000.0,,,,,100,4.52079225250028e-06,3.231372520438869e-06,1.0,1.0,0.0,0.0,1.7989899128600754e-06,1.414899787715015e-06,0.0,0.0,20
q,beta_route,10000.0,,,,,500,5.852025472804015e-06,1.529464103988687e-06,1.0,1.0,0.0,0.0,2.019888489793365e-06,5.549945918386052e-07,0.0,0.0,20
q,beta_route,1000000.0,,,,,100,4.52079225250028e-06,3.231372520438869e-06,1.0,1.0,0.0,0.0,1.7989899128600759e-06,1.414899787715015e-06,0.0,0.0,20
q,beta_route,1000000.0,,,,,500,5.852025472804015e-06,1.529464103988687e-06,1.0,1.0,0.0,0.0,2.0198884897933645e-06,5.549945918386052e-07,0.0,0.0,20
q,beta_x_dim,10.0,,,32.0,,100,6.263996839760959,4.941124430042952,0.6345395699007873,0.6155309372099342,0.45181358479635786,0.95,,,0.03208801557025651,0.03887282044456651,20
q,beta_x_dim,10.0,,,32.0,,500,,,0.6853397230314271,0.6752196623240532,0.45181358479635786,1.0,,,0.03901343372326003,0.040392499449740264,20
q,beta_x_dim,10.0,,,64.0,,100,1.257406682053302e+89,1.257406682053302e+89,0.6335909998642567,0.6214495475955264,0.3383318772022451,0.6,7.952538120807201e+88,7.952538120807201e+88,0.02986109166231614,0.03949444378895727,20
q,beta_x_dim,10.0,,,64.0,,500,186148923198910.53,186148923198909.94,0.6594507393921781,0.644351988327947,0.3383318772022451,0.8,83248329242228.61,83248329242228.7,0.03686747326381046,0.04055163464802518,20
q,beta_x_dim,10.0,,,128.0,,100,96.0184457637769,94.89798805141598,0.7388748523565323,0.6745038222589388,0.23665230870784323,0.2,81.12750510775763,81.17981344361488,0.021364071774110732,0.02974348057493021,20
q,beta_x_dim,10.0,,,128.0,,500,587.4866683207266,583.9482458558545,0.6902530371967972,0.6290078701486875,0.23665230870784323,0.4,444.53535624976143,444.78193216753164,0.02531075069476132,0.02314988692899526,20
q,beta_x_dim,10.0,,,256.0,,100,249312208642659.0,249312208642658.94,0.8498217843455869,0.7899864773389413,0.16971422476257944,0.05,242999482529009.34,242999482529009.34,0.01835866186518973,0.024325968682865726,20
q,beta_x_dim,10.0,,,256.0,,500,3.0255550668049653,2.9266185402564733,0.7810961250287333,0.7255593548216261,0.16971422476257944,0.3,0.2622944581018951,0.2674582350145289,0.02874767787611259,0.02540119013587131,20
q,beta_x_dim,10.0,,,512.0,,100,0.8986638261091324,0.8545730363000585,0.9400916207999822,0.8583563344217426,0.11945966216356811,0.0,0.203134444203277,0.19166534095344154,0.011461923658182518,0.017315743786934328,20
q,beta_x_dim,10.0,,,512.0,,500,3.4804876570995327,3.325242438469644,0.8740795713329474,0.8101944243607242,0.11945966216356811,0.4,0.6843730131449351,0.6830771999123724,0.024102379218078177,0.029131201336042814,20
q,beta_x_dim,10.0,,,1024.0,,100,0.6106284471804068,0.601813076192615,0.9431130570925867,0.898228704164697,0.09056164138314861,0.0,0.12450115341595605,0.12380373293617349,0.010619944861691712,0.020167603712182736,20
q,beta_x_dim,10.0,,,1024.0,,500,7.571784720099018,7.544024732472607,0.8980373924965693,0.8701020258445,0.09056164138314861,0.4,3.822926136461838,3.8250469752049727,0.022262058553397128,0.023044792412612206,20
q,beta_x_dim,10.0,,,2048.0,,100,0.37454163855968536,0.36521637084958897,0.9666449276787678,0.9406148557137823,0.06342080822861117,0.0,0.07667804431640762,0.07516057134472859,0.007868878838256885,0.010795382839787013,20
q,beta_x_dim,10.0,,,2048.0,,500,5.277129024883554,5.2748609293422835,0.9349801670181177,0.9247082770180398,0.06342080822861117,0.35,1.7375733675780183,1.7378007471761683,0.0176377096132693,0.016453404152315398,20
q,beta_x_dim,10.0,,,4096.0,,100,0.23277702901768724,0.22587030922989798,0.9751387419575626,0.9625796308308295,0.0438351669874574,0.0,0.03176897826306033,0.03079498895566504,0.006192408473618858,0.008261206709901743,20
q,beta_x_dim,10.0,,,4096.0,,500,2.3487660706931663,2.2550344629779384,0.9865735582290076,0.9741737759454863,0.0438351669874574,0.1,0.32081881758940006,0.3007845084096982,0.004254850662352437,0.0075129160196973745,20
q,beta_x_dim,10.0,,,8192.0,,100,0.15362156477104244,0.15039017884616196,0.9860545887580241,0.9753859900414998,0.031054482512492616,0.0,0.013045748315750474,0.01337109233233069,0.0035458082840523967,0.005570838549777507,20
q,beta_x_dim,10.0,,,8192.0,,500,2.476672037773015,2.465625050741994,0.9929299279839059,0.9898737648335093,0.031054482512492616,0.05,0.6345348330908401,0.6362329560695928,0.003651929455272356,0.00313749137655275,20
q,beta_x_dim,10.0,,,16384.0,,100,0.1089829602716196,0.10556081664996131,0.9846696809493668,0.9883137024396808,0.021380935793739203,0.0,0.010532955617482312,0.010561492557416736,0.005798191527569459,0.0030576619722186105,20
q,beta_x_dim,10.0,,,16384.0,,500,1.3986146089379852,1.3851103812991845,0.9961932828796659,0.9969649874291298,0.021380935793739203,0.0,0.2716641481667192,0.2733816466201093,0.0014492959464824208,0.0009098774542448333,20
q,beta_x_dim,20.0,,,32.0,,100,,,0.6324294437063235,0.6150212943956083,0.45181358479635786,1.0,,,0.03214795562628067,0.03809034625364989,20
q,beta_x_dim,20.0,,,32.0,,500,,,0.6866489299130673,0.6768399125834218,0.45181358479635786,1.0,,,0.03949725170411832,0.04085476923771195,20
q,beta_x_dim,20.0,,,64.0,,100,2.297190645481509,1.9227200337991097,0.6407043930188562,0.6330606328793845,0.3383318772022451,0.65,0.2500951834776573,0.1932432698050294,0.02829354852268288,0.03598135767518197,20
q,beta_x_dim,20.0,,,64.0,,500,3.9582312852215895,3.0137619643859925,0.6588902153557594,0.6388816826030761,0.3383318772022451,0.85,0.3480035664592324,0.0921225560519585,0.037575703498570576,0.04128193141358819,20
q,beta_x_dim,20.0,,,128.0,,100,6.185461837200726,4.700282292150276,0.7404190558316583,0.6771066753676588,0.23665230870784323,0.25,3.227235071177272,2.428487915228102,0.0210818961963789,0.02953604734277457,20
q,beta_x_dim,20.0,,,128.0,,500,1328.2403115667137,1324.0144309726102,0.6914653012636561,0.6279891621515042,0.23665230870784323,0.45,977.128987684893,977.4399117070509,0.026298162882263144,0.024144491776146648,20
q,beta_x_dim,20.0,,,256.0,,100,2.219013721327099e+16,2.219013721327099e+16,0.8486707671365107,0.7900037641476195,0.16971422476257944,0.05,2.1628270390084468e+16,2.1628270390084468e+16,0.01837337940754609,0.024304885543086133,20
q,beta_x_dim,20.0,,,256.0,,500,3.0273258584670253,2.9244647927178216,0.7805411166638494,0.7289021063762371,0.16971422476257944,0.3,0.2636776944553379,0.26658964657350204,0.02879374745701735,0.025640759585115355,20
q,beta_x_dim,20.0,,,512.0,,100,0.904557286476052,0.8602245610537487,0.9403543522067895,0.859940636146183,0.11945966216356811,0.0,0.20613673034134625,0.19457100537220123,0.01140124498939997,0.017220489004577448,20
q,beta_x_dim,20.0,,,512.0,,500,3.4789285979234834,3.3250172057303806,0.8743494714115492,0.8104970440620178,0.11945966216356811,0.4,0.6783197815244859,0.6777606764522606,0.024141012420921763,0.029231877002968778,20
q,beta_x_dim,20.0,,,1024.0,,100,0.6116322822579678,0.6029563396930937,0.9429366902495534,0.8971647539666211,0.09056164138314861,0.0,0.12468522376882932,0.1239694465757524,0.010587051326598743,0.02008674422828193,20
q,beta_x_dim,20.0,,,1024.0,,500,6.981809292084393,6.953886839749451,0.8978524460241418,0.870304250520409,0.09056164138314861,0.4,3.3680832961034617,3.3702373179679768,0.02227443480790525,0.023076192192986934,20
q,beta_x_dim,20.0,,,2048.0,,100,0.3751013030528354,0.36578810541172035,0.9668200853513487,0.9406148557137823,0.06342080822861117,0.0,0.07684060620790836,0.07532170883470117,0.007891628048874444,0.010795382839787013,20
q,beta_x_dim,20.0,,,2048.0,,500,5.597286387208792,5.595014233494634,0.9348959010213216,0.924506874395345,0.06342080822861117,0.35,1.975006976649437,1.9752273312215332,0.017684540457679587,0.016402752408974815,20
q,beta_x_dim,20.0,,,4096.0,,100,0.2331077047063146,0.2262035653577925,0.9751387419575626,0.9625796308308295,0.0438351669874574,0.0,0.031814227355561255,0.030837275094191686,0.006192408473618858,0.008261206709901743,20
q,beta_x_dim,20.0,,,4096.0,,500,2.3596773220968776,2.2653571217103163,0.9865734905749317,0.9745784297711927,0.0438351669874574,0.1,0.3241956490746604,0.30399586096499265,0.0043342548607332755,0.007472235200403761,20
q,beta_x_dim,20.0,,,8192.0,,100,0.15387042728570272,0.15064861759022713,0.9860545887580241,0.976472946563239,0.031054482512492616,0.0,0.013105708489266298,0.013429574703457126,0.0035458082840523967,0.005367837382894996,20
q,beta_x_dim,20.0,,,8192.0,,500,2.498103020936699,2.486894666192845,0.9928962692831318,0.9900770168660296,0.031054482512492616,0.05,0.6440839714115919,0.6458000540556873,0.003651022321985776,0.0030598296357749032,20
q,beta_x_dim,20.0,,,16384.0,,100,0.10921684237085343,0.10577333161398006,0.9846696809493668,0.9883137024396808,0.021380935793739203,0.0,0.010559526850100198,0.010592231995815242,0.005798191527569459,0.003057661972218609,20
q,beta_x_dim,20.0,,,16384.0,,500,1.40666063529153,1.3931537089188237,0.9961932771864171,0.9969649874291298,0.021380935793739203,0.0,0.2749780132232147,0.276684043360117,0.0014476440399876927,0.0009098774542448354,20
q,beta_x_dim,50.0,,,32.0,,100,,,0.6358874887559858,0.6203577222875756,0.45181358479635786,1.0,,,0.031772498146344245,0.03755014854505347,20
q,beta_x_dim,50.0,,,32.0,,500,,,0.6873204698184765,0.6778526750721104,0.45181358479635786,1.0,,,0.039335150804707814,0.04080197107552665,20
q,beta_x_dim,50.0,,,64.0,,100,2.3043354550661292,1.9321752203185496,0.6403122711186062,0.6330659872354036,0.3383318772022451,0.65,0.24722622231394117,0.1747526821156413,0.0278913100164916,0.03557417120590097,20
q,beta_x_dim,50.0,,,64.0,,500,3.979798033178472,3.0052885885075664,0.6597144823932929,0.637970341651701,0.3383318772022451,0.85,0.3474397233343244,0.08958373908862906,0.03740100431724154,0.04137099530226892,20
q,beta_x_dim,50.0,,,128.0,,100,6.371015621850827,4.811941869971487,0.7455000005404988,0.679806166029798,0.23665230870784323,0.25,3.3833456174132763,2.520886703680822,0.02088144355164714,0.02901030344074166,20
q,beta_x_dim,50.0,,,128.0,,500,884.1404009095223,878.3350157103031,0.6983688911914584,0.6249490252958448,0.23665230870784323,0.4,675.4916053991286,675.8964686003137,0.025286789934416007,0.025049409089774956,20
q,beta_x_dim,50.0,,,256.0,,100,2.3553067147810628e+16,2.3553067147810628e+16,0.848764172135658,0.7915822220197924,0.16971422476257944,0.05,2.2956690167918636e+16,2.2956690167918636e+16,0.018418059023294357,0.023995875214048647,20
q,beta_x_dim,50.0,,,256.0,,500,3.005086273112776,2.909613080479796,0.7805404155603866,0.7297122327476555,0.16971422476257944,0.3,0.2583976139986725,0.2620078075547964,0.028810551768025015,0.025611542244039442,20
q,beta_x_dim,50.0,,,512.0,,100,0.909863581889541,0.8655707093379629,0.9403535786584303,0.8604783948920673,0.11945966216356811,0.0,0.21018360502068076,0.19859014559334603,0.011388564824470006,0.017175431641971318,20
q,beta_x_dim,50.0,,,512.0,,500,3.439888704259678,3.29479958071506,0.8744333172116441,0.8114083900005611,0.11945966216356811,0.4,0.6477327602848274,0.6528445309129208,0.024201150830618353,0.029446356058057833,20
q,beta_x_dim,50.0,,,1024.0,,100,0.6116553262857335,0.6031179389188035,0.9427501230853743,0.8966384381771475,0.09056164138314861,0.0,0.1244254688340638,0.12367253060863004,0.01060842430084686,0.02005341083669062,20
q,beta_x_dim,50.0,,,1024.0,,500,6.0728280356571185,6.0448990297687155,0.8980209796240433,0.8705066763471139,0.09056164138314861,0.4,2.67543877702143,2.677632552085408,0.022327658853965118,0.023287390901479847,20
q,beta_x_dim,50.0,,,2048.0,,100,0.374916043510886,0.3656041978459651,0.9668200853513487,0.9411524901223846,0.06342080822861117,0.0,0.07662013975644298,0.07509971254092902,0.007891628048874444,0.01073880381067388,20
q,beta_x_dim,50.0,,,2048.0,,500,6.2218256596663855,6.219553282428738,0.9346435673520936,0.9247097141519374,0.06342080822861117,0.35,2.4591016150565936,2.459309863984876,0.01773165338473166,0.016271752608101098,20
q,beta_x_dim,50.0,,,4096.0,,100,0.23299658245597782,0.22609640869536946,0.9751387419575626,0.9620533150413559,0.0438351669874574,0.0,0.031709331465660205,0.030730399769332947,0.006192408473618858,0.008187464159157094,20
q,beta_x_dim,50.0,,,4096.0,,500,2.363676919156197,2.2693387493377366,0.986607279364087,0.9741748008085136,0.0438351669874574,0.1,0.3254571308101992,0.30549518286232025,0.0043423343715352745,0.007466828614589248,20
q,beta_x_dim,50.0,,,8192.0,,100,0.15387458786310088,0.15065307683032383,0.9860545887580241,0.976472946563239,0.031054482512492616,0.0,0.013109174769446194,0.013433679157123561,0.0035458082840523907,0.005367837382894994,20
q,beta_x_dim,50.0,,,8192.0,,500,2.5099742473515447,2.4986613293115822,0.9928626503277869,0.9898741771094374,0.031054482512492616,0.05,0.6498886490510972,0.6516126789963498,0.0036551603639084574,0.0030743595912079806,20
q,beta_x_dim,50.0,,,16384.0,,100,0.10921592766481533,0.1057732668149898,0.9846696809493668,0.9883137024396808,0.021380935793739203,0.0,0.010557664883329635,0.010590074149615847,0.005798191527569459,0.003057661972218608,20
q,beta_x_dim,50.0,,,16384.0,,500,1.4081948660400456,1.3947037579195343,0.9961932771864171,0.9969649874291298,0.021380935793739203,0.0,0.2756458326892536,0.27734869489196656,0.001447644039987693,0.0009098774542448382,20
q,beta_x_dim,100.0,,,32.0,,100,1.5210547214916335,1.0556401297290454,0.6380740958269264,0.622480023579584,0.45181358479635786,0.95,,,0.031082048981083885,0.036806270054341436,20
q,beta_x_dim,100.0,,,32.0,,500,,,0.6869144264509466,0.6771462194457232,0.45181358479635786,1.0,,,0.03933448335142459,0.040818259811028636,20
q,beta_x_dim,100.0,,,64.0,,100,2.3097743552869145,1.9359604523342997,0.6400388816959881,0.6352109296921095,0.3383318772022451,0.65,0.24897968778583252,0.17353317802491594,0.027901174199949377,0.03563228571749003,20
q,beta_x_dim,100.0,,,64.0,,500,3.988007039059116,3.006016765299884,0.6605398557046552,0.6382737817320173,0.3383318772022451,0.85,0.34523476579634726,0.0887725709259379,0.037275210253973866,0.041448045348943426,20
q,beta_x_dim,100.0,,,128.0,,100,6.381056242799334,4.817058702705992,0.7462864769923441,0.6814190692556045,0.23665230870784323,0.25,3.387924883151683,2.522928409102041,0.02109273104934703,0.028742766429900708,20
q,beta_x_dim,100.0,,,128.0,,500,566.8768455323668,561.15056198034,0.6966312102465634,0.6230234847319995,0.23665230870784323,0.4,429.8298372025893,430.2267478277711,0.025442515403630864,0.025029625727420495,20
q,beta_x_dim,100.0,,,256.0,,100,1.2328144128549306e+16,1.2328144128549306e+16,0.8490273638252818,0.7921198564283946,0.16971422476257944,0.05,1.2015988547413418e+16,1.2015988547413418e+16,0.018370387248943684,0.02396869773820401,20
q,beta_x_dim,100.0,,,256.0,,500,3.001793924381193,2.908295178408481,0.7804902529150681,0.7299152778076452,0.16971422476257944,0.3,0.2576201936957564,0.26105800503774523,0.028811045391514488,0.025714482378673034,20
q,beta_x_dim,100.0,,,512.0,,100,0.91255528970926,0.8682633995079001,0.9403535786584303,0.8604725510397999,0.11945966216356811,0.0,0.21251935214436835,0.20090257774731474,0.011388564824469998,0.01742665717445827,20
q,beta_x_dim,100.0,,,512.0,,500,3.4336008325551504,3.284147735560633,0.874365977597963,0.8117118300808773,0.11945966216356811,0.4,0.642369900033615,0.6440107545350311,0.02420836922773603,0.029371333244100423,20
q,beta_x_dim,100.0,,,1024.0,,100,0.6116342705302047,0.6031404301796108,0.9427501230853743,0.8966384381771475,0.09056164138314861,0.0,0.12426170143067672,0.12349032416746786,0.010608424300846863,0.020053410836690617,20
q,beta_x_dim,100.0,,,1024.0,,500,5.659435146747238,5.631481305763136,0.898206811901073,0.8709117399501064,0.09056164138314861,0.4,2.3640798002326218,2.3662974890176547,0.02235334892509256,0.02323321938884558,20
q,beta_x_dim,100.0,,,2048.0,,100,0.37477924882369706,0.36546898036825726,0.9668268637431268,0.9411524901223846,0.06342080822861117,0.0,0.07645101164967107,0.07492945044630067,0.007899217186574266,0.01073880381067388,20
q,beta_x_dim,100.0,,,2048.0,,500,6.482155877833771,6.479881654624385,0.9345091664527245,0.9244060695977323,0.06342080822861117,0.35,2.6654455585684538,2.665649865597867,0.017726516824708365,0.01624299889247379,20
q,beta_x_dim,100.0,,,4096.0,,100,0.23294074875212822,0.22604402433447693,0.9751387419575626,0.9620533150413559,0.0438351669874574,0.0,0.03165864946249699,0.030678064280992824,0.006192408473618858,0.008187464159157094,20
q,beta_x_dim,100.0,,,4096.0,,500,2.3673400762435453,2.273001788202403,0.9867080858156998,0.9741748008085136,0.0438351669874574,0.1,0.32701913373169,0.30728695685597246,0.004348368203662252,0.007466828614589248,20
q,beta_x_dim,100.0,,,8192.0,,100,0.1538706892214917,0.15064882845353084,0.9860545887580241,0.976472946563239,0.031054482512492616,0.0,0.013111497043965524,0.01343675088393103,0.003545808284052396,0.005367837382894987,20
q,beta_x_dim,100.0,,,8192.0,,500,2.523908254753382,2.512478629313571,0.9929299903722553,0.9899753916843361,0.031054482512492616,0.05,0.656316475327995,0.6580500114384366,0.0036915082630075004,0.003090023680288451,20
q,beta_x_dim,100.0,,,16384.0,,100,0.10921400408994539,0.10577268487783538,0.9846696809493668,0.9883137024396808,0.021380935793739203,0.0,0.01055497243465936,0.010586913406990393,0.005798191527569459,0.003057661972218608,20
q,beta_x_dim,100.0,,,16384.0,,500,1.4104178948716168,1.3969478533610251,0.9962101462822336,0.9969649874291298,0.021380935793739203,0.0,0.2766669899665888,0.2783656540837513,0.0014436570601817373,0.0009098774542448382,20
q,beta_x_dim,1000.0,,,32.0,,100,1.1574284637547585,0.9472082266366428,0.6381795975209372,0.6256548360396978,0.45181358479635786,0.95,,,0.03092615811251565,0.03659016595306256,20
q,beta_x_dim,1000.0,,,32.0,,500,,,0.6871690274583065,0.6788640054140697,0.45181358479635786,1.0,,,0.03930857457523034,0.04058648179762828,20
q,beta_x_dim,1000.0,,,64.0,,100,2.3258083134916787,1.9526418204120424,0.6398634403881743,0.635754163204855,0.3383318772022451,0.65,0.24910330631539976,0.17547400584282694,0.027901785524071798,0.03517553487008281,20
q,beta_x_dim,1000.0,,,64.0,,500,4.010806469619651,3.0150755453588314,0.6600854219311952,0.6384745759202141,0.3383318772022451,0.85,0.3393256083465238,0.0850249780591213,0.037369169198321985,0.04138690995317493,20
q,beta_x_dim,1000.0,,,128.0,,100,6.411112356611891,4.833410961606136,0.7465491740151111,0.6830319724814109,0.23665230870784323,0.25,3.410836067853492,2.535657667148578,0.021138938593798305,0.028680869216375544,20
q,beta_x_dim,1000.0,,,128.0,,500,515.3724884025304,509.628426384714,0.6967674017963725,0.623630979143807,0.23665230870784323,0.4,389.91715152439565,390.3145819779584,0.025384310669139803,0.025022000614301116,20
q,beta_x_dim,1000.0,,,256.0,,100,6870529007024284.0,6870529007024284.0,0.8489387113430122,0.7921198564283946,0.16971422476257944,0.05,6696563327151022.0,6696563327151022.0,0.018375937488250765,0.023968697738204005,20
q,beta_x_dim,1000.0,,,256.0,,500,3.00015619214852,2.907059987007976,0.780507239971598,0.7297130531317363,0.16971422476257944,0.3,0.25683562165735174,0.26020784262616703,0.02875799029852023,0.025753009509935733,20
q,beta_x_dim,1000.0,,,512.0,,100,0.9136078277893386,0.8693285680532027,0.9403535786584303,0.8604725510397999,0.11945966216356811,0.0,0.21345416571762935,0.20184254604901017,0.011388564824469998,0.01742665717445827,20
q,beta_x_dim,1000.0,,,512.0,,500,3.4305379754381824,3.276497664858772,0.8743155520499615,0.8116110252832647,0.11945966216356811,0.4,0.6401317771761558,0.6382936555965222,0.024221582505038548,0.029421633556131446,20
q,beta_x_dim,1000.0,,,1024.0,,100,0.6115735038643318,0.6030761845136204,0.9427501230853743,0.8966384381771475,0.09056164138314861,0.0,0.12415486302537546,0.12337302792089205,0.010608424300846863,0.020053410836690617,20
q,beta_x_dim,1000.0,,,1024.0,,500,5.494358810043111,5.4663982108876175,0.8985105973481134,0.8709123558653564,0.09056164138314861,0.4,2.240988087881322,2.2432156131979597,0.022319750809837818,0.023190260830172792,20
q,beta_x_dim,1000.0,,,2048.0,,100,0.3747699058025374,0.3654618475115099,0.9668268637431268,0.9400998585434373,0.06342080822861117,0.0,0.07639086851214458,0.07486922087732155,0.007899217186574273,0.010866181310639414,20
q,beta_x_dim,1000.0,,,2048.0,,500,6.512913052861562,6.510639671602309,0.9344589386978551,0.9242042555336761,0.06342080822861117,0.35,2.6911164166287183,2.6913201044785695,0.017692185187175687,0.016337572659843088,20
q,beta_x_dim,1000.0,,,4096.0,,100,0.23293188141942825,0.22603644677249418,0.9751387419575626,0.9615269992518822,0.0438351669874574,0.0,0.03164201438509808,0.030659633499658254,0.006192408473618858,0.008182835353453934,20
q,beta_x_dim,1000.0,,,4096.0,,500,2.3715665001416695,2.2772346636375356,0.9866408138528296,0.9739725761326048,0.0438351669874574,0.1,0.32905281757463833,0.30957827434073637,0.0043318985720415685,0.007457198286919084,20
q,beta_x_dim,1000.0,,,8192.0,,100,0.15384772674516112,0.1506248422091276,0.9860545887580241,0.976472946563239,0.031054482512492616,0.0,0.013109744743149788,0.013436005412448392,0.0035458082840523967,0.005367837382894996,20
q,beta_x_dim,1000.0,,,8192.0,,500,2.540845088147285,2.529293964487318,0.9928626842921672,0.9899753916843361,0.031054482512492616,0.05,0.6636265253806174,0.6653697625622257,0.003711667228519642,0.0030900236802884505,20
q,beta_x_dim,1000.0,,,16384.0,,100,0.10920574484858385,0.10576928468087854,0.9846696809493668,0.9877817875460637,0.021380935793739203,0.0,0.010547635616477395,0.010577819208245841,0.005798191527569459,0.0029963147731005882,20
q,beta_x_dim,1000.0,,,16384.0,,500,1.4157327425751387,1.402301153571006,0.9962607535696829,0.996964782955241,0.021380935793739203,0.0,0.2795423799869979,0.28123172776810884,0.0014328216312013927,0.0008231005918342875,20
q,beta_x_dim,1000000.0,,,32.0,,100,1.157843915895802,0.9472932567867578,0.6381795975209372,0.6256548360396978,0.45181358479635786,0.95,,,0.03092615811251565,0.03659016595306256,20
q,beta_x_dim,1000000.0,,,32.0,,500,,,0.6871690274583065,0.6788640054140697,0.45181358479635786,1.0,,,0.03930857457523034,0.04058648179762828,20
q,beta_x_dim,1000000.0,,,64.0,,100,2.33565617051448,1.9624823039847932,0.638812652297106,0.635222248311238,0.3383318772022451,0.65,0.2470855092597687,0.1738283388913278,0.02798864837852776,0.03510973607008821,20
q,beta_x_dim,1000000.0,,,64.0,,500,4.226143325543952,3.252901533982971,0.6547504441946692,0.6364496710005724,0.3383318772022451,0.85,0.28956599881903866,0.017693650657925445,0.03879557859594172,0.041795562182117545,20
q,beta_x_dim,1000000.0,,,128.0,,100,6.411369934345861,4.833548617009001,0.7465491740151111,0.6830319724814109,0.23665230870784323,0.25,3.4110384291441194,2.5357673635021327,0.021138938593798305,0.028680869216375544,20
q,beta_x_dim,1000000.0,,,128.0,,500,515.3725666113781,509.62846322971694,0.6967674017963725,0.623630979143807,0.23665230870784323,0.4,389.91714624109477,390.31457942030863,0.025384310669139803,0.025022000614301116,20
q,beta_x_dim,1000000.0,,,256.0,,100,6870528852457357.0,6870528852457357.0,0.8488505279214955,0.7921198564283946,0.16971422476257944,0.05,6696563176497818.0,6696563176497818.0,0.01836739318248213,0.02396869773820401,20
q,beta_x_dim,1000000.0,,,256.0,,500,3.000151376906526,2.907054346654102,0.7804903879325014,0.7297130531317363,0.16971422476257944,0.3,0.25683535288071385,0.2602076745378066,0.02875995737307609,0.025753009509935733,20
q,beta_x_dim,1000000.0,,,512.0,,100,0.913624279482628,0.8693458950055426,0.9403535786584303,0.8604725510397999,0.11945966216356811,0.0,0.2134710475807671,0.20186010323210463,0.011388564824470006,0.01742665717445827,20
q,beta_x_dim,1000000.0,,,512.0,,500,3.430480535471517,3.2763973444140095,0.8742986658628625,0.8115100151822545,0.11945966216356811,0.4,0.6400861550317162,0.6382160027392392,0.024228599297659553,0.02941879431308273,20
q,beta_x_dim,1000000.0,,,1024.0,,100,0.6115777274301885,0.603080397642825,0.9427501230853743,0.8966384381771475,0.09056164138314861,0.0,0.12415511443507575,0.12337329368713269,0.010608424300846863,0.020053410836690617,20
q,beta_x_dim,1000000.0,,,1024.0,,500,5.494082364581819,5.466121712645232,0.8985105973481134,0.8709123558653564,0.09056164138314861,0.4,2.2408010090749753,2.243028535113249,0.022319750809837818,0.023190260830172792,20
q,beta_x_dim,1000000.0,,,2048.0,,100,0.3747703504847708,0.3654623203593221,0.9668268637431268,0.9400998585434373,0.06342080822861117,0.0,0.0763909456548924,0.07486929734019375,0.007899217186574266,0.01086618131063942,20
q,beta_x_dim,1000000.0,,,2048.0,,500,6.512910364275589,6.510636979593006,0.9344589386978551,0.9242042555336761,0.06342080822861117,0.35,2.6911163176778117,2.691320005611587,0.017692185187175684,0.016337572659843085,20
q,beta_x_dim,1000000.0,,,4096.0,,100,0.23293233880338954,0.22603684475648858,0.9751387419575626,0.9615269992518822,0.0438351669874574,0.0,0.031641988978712086,0.0306596062040036,0.006192408473618858,0.008182835353453934,20
q,beta_x_dim,1000000.0,,,4096.0,,500,2.3715759769912514,2.277243843219168,0.9866408138528296,0.9739725761326048,0.0438351669874574,0.1,0.32905615386476483,0.30958225083427304,0.0043318985720415685,0.007457198286919084,20
q,beta_x_dim,1000000.0,,,8192.0,,100,0.15384783953590667,0.15062490791658517,0.9860545887580241,0.976472946563239,0.031054482512492616,0.0,0.013109889175707233,0.01343619568174334,0.0035458082840523967,0.005367837382894996,20
q,beta_x_dim,1000000.0,,,8192.0,,500,2.5411491167190374,2.5295982910715553,0.9928626842921672,0.9899753916843361,0.031054482512492616,0.05,0.6638093826139019,0.6655523328464368,0.003711667228519642,0.0030900236802884505,20
q,beta_x_dim,1000000.0,,,16384.0,,100,0.10920546118531049,0.10576906997868551,0.9846696809493668,0.9877817875460637,0.021380935793739203,0.0,0.010547556106002684,0.010577706705942116,0.005798191527569459,0.0029963147731005882,20
q,beta_x_dim,1000000.0,,,16384.0,,500,1.4158278905133217,1.402397511106165,0.9962607535696829,0.996964782955241,0.021380935793739203,0.0,0.27960716107747247,0.28129603018433014,0.0014328216312013927,0.0008231005918342875,20
q,beta_x_noise,10.0,,0.0,,,100,0.000701984935651792,0.0006806160511974163,1.0,1.0,0.0,0.0,4.656662500727529e-05,4.379630264214163e-05,0.0,0.0,20
q,beta_x_noise,10.0,,0.0,,,500,0.006361949571429171,0.006297455987584233,1.0,1.0,0.0,0.0,0.0003142032471265274,0.0003010954496386091,0.0,0.0,20
q,beta_x_noise,10.0,,1e-05,,,100,0.0008120840780811572,0.0007744578831302973,1.0,1.0,0.0,0.0,7.369647865665308e-05,7.012101727051666e-05,0.0,0.0,20
q,beta_x_noise,10.0,,1e-05,,,500,0.006508566032828511,0.006422745181546985,1.0,1.0,0.0,0.0,0.0004239371883713668,0.00042157984692284544,0.0,0.0,20
q,beta_x_noise,10.0,,0.0001,,,100,0.004144798356767855,0.0038116950633264026,0.9994746059544658,0.9994623655913978,0.0,0.0,0.000456375195928095,0.0004510695111783619,0.000525394045534151,0.0005376344086021499,20
q,beta_x_noise,10.0,,0.0001,,,500,0.01860884719342276,0.016715307436413286,0.9998654781076741,0.9997975700206938,0.0,0.0,0.001892900607978605,0.0020489104032145383,0.00010471357571181505,0.00013932218395004353,20
q,beta_x_noise,10.0,,0.001,,,100,0.04070616128469144,0.03690604867760296,0.9950037172776108,0.9957386001035534,0.0,0.0,0.004523253394439321,0.004524891443108349,0.0019974243092882467,0.001798363176812743,20
q,beta_x_noise,10.0,,0.001,,,500,0.1786240704315334,0.1656062711032136,0.998705096098331,0.9990890655078761,0.0,0.0,0.018164673258076903,0.018040835639452486,0.0005341399809489299,0.00034375708141249115,20
q,beta_x_noise,10.0,,0.01,,,100,0.4045966860571231,0.36574037299255513,0.9135658479940958,0.9125319638432419,0.0,0.0,0.04491840266176402,0.044616696162208175,0.01764597680980308,0.014660958221449812,20
q,beta_x_noise,10.0,,0.01,,,500,1.7231975810368443,1.5986230622154456,0.9293674082261895,0.9310598009667981,0.0,0.0,0.16637584037885547,0.1618025209141659,0.022689465608668573,0.021177261160261723,20
q,beta_x_noise,10.0,,0.03,,,100,1.1690884863922655,1.0474386150319666,0.6856673330514925,0.6874809044110679,0.0,0.0,0.12082524922806125,0.11653996824742362,0.040003245166121366,0.03866371055681415,20
q,beta_x_noise,10.0,,0.03,,,500,4.714714682145267,4.306610690256296,0.723464172006015,0.7279967830753217,0.0,0.0,0.465264399259654,0.43160708920230545,0.05401898593582604,0.050932913779823334,20
q,beta_x_noise,10.0,,0.1,,,100,3.8587018010916774,3.324293024969407,0.5061295526953025,0.51486615287884,0.0,0.0,0.4200479472667759,0.38374159534518054,0.03734685386229545,0.030524923042672746,20
q,beta_x_noise,10.0,,0.1,,,500,17.29473532171536,13.938890495326225,0.5731880212516629,0.5739089331567726,0.0,0.0,1.9301269964306407,1.542268044217473,0.052725389554605345,0.04255462158802014,20
q,beta_x_noise,10.0,,0.3,,,100,19.022964489972065,14.565214164690044,0.4150124065780071,0.4080509515859417,0.0,0.0,2.275497502269297,1.8405958501409865,0.03069290847338921,0.018486495023794392,20
q,beta_x_noise,10.0,,0.3,,,500,217.47130143068551,120.48997779739011,0.38811886429002307,0.37803876834337297,0.0,0.0,51.53493859810105,25.49789066338494,0.017660749429762403,0.011096986467536521,20
q,beta_x_noise,20.0,,0.0,,,100,4.507778636299656e-06,3.2228976036233205e-06,1.0,1.0,0.0,0.0,1.801267055583508e-06,1.4174437326047246e-06,0.0,0.0,20
q,beta_x_noise,20.0,,0.0,,,500,5.7510532967871425e-06,1.4784326179739792e-06,1.0,1.0,0.0,0.0,2.035917351153367e-06,5.788585611543106e-07,0.0,0.0,20
q,beta_x_noise,20.0,,1e-05,,,100,0.0004067611503734583,0.0003686535757180733,1.0,1.0,0.0,0.0,4.494947008247444e-05,4.4996009659409083e-05,0.0,0.0,20
q,beta_x_noise,20.0,,1e-05,,,500,0.0017922588413658235,0.0016684089108228105,1.0,1.0,0.0,0.0,0.0001815895409597147,0.00017861005900722643,0.0,0.0,20
q,beta_x_noise,20.0,,0.0001,,,100,0.004073200915930017,0.0036921088466820877,0.9994746059544658,0.9994623655913978,0.0,0.0,0.00045235926593392386,0.0004525712653032637,0.000525394045534151,0.0005376344086021499,20
q,beta_x_noise,20.0,,0.0001,,,500,0.017922592388868848,0.01668440459286084,0.9998654781076741,0.9997975700206938,0.0,0.0,0.0018153495300899612,0.001785477180378673,0.00010471357571181505,0.00013932218395004353,20
q,beta_x_noise,20.0,,0.001,,,100,0.04071186728696628,0.03688348716870794,0.9950037172776108,0.9957386001035534,0.0,0.0,0.004519248902270495,0.004522461273223861,0.0019974243092882463,0.001798363176812743,20
q,beta_x_noise,20.0,,0.001,,,500,0.17901008324571235,0.16667117373451196,0.998705096098331,0.9990890655078761,0.0,0.0,0.01805667533928213,0.017775236034570242,0.0005341399809489291,0.00034375708141249126,20
q,beta_x_noise,20.0,,0.01,,,100,0.40465552364226853,0.36582819981582737,0.9135658479940958,0.9125319638432419,0.0,0.0,0.04495045711324338,0.04463728290051607,0.017645976809803076,0.014660958221449808,20
q,beta_x_noise,20.0,,0.01,,,500,1.725630905995597,1.6012203492593369,0.929485225107191,0.9310598009667981,0.0,0.0,0.1664545718715667,0.16189902068404713,0.022654663234171202,0.021177261160261727,20
q,beta_x_noise,20.0,,0.03,,,100,1.1693308759685677,1.0477149742777894,0.6858440252854631,0.6874809044110679,0.0,0.0,0.1209094842494672,0.1166063894617107,0.04001167437942636,0.03866371055681415,20
q,beta_x_noise,20.0,,0.03,,,500,4.720303445209124,4.312074925065987,0.7235821822650889,0.7280982029536178,0.0,0.0,0.46622421436189865,0.43260165373722204,0.054035148381879686,0.05093792461258109,20
q,beta_x_noise,20.0,,0.1,,,100,3.861634935038034,3.3279044419683643,0.5072123435879873,0.5138023230916059,0.0,0.0,0.4211526281870508,0.3852288148960157,0.03696908090463482,0.030856119117635333,20
q,beta_x_noise,20.0,,0.1,,,500,17.428224196320155,14.04415049003706,0.5748743735939346,0.5753286153044647,0.0,0.0,1.9536829713404213,1.5640172756948427,0.05278110126415329,0.04277364722642956,20
q,beta_x_noise,20.0,,0.3,,,100,18.80671290028928,14.422877279930756,0.41403734782068413,0.407524635796468,0.0,0.0,2.1783303422709994,1.7536890357014874,0.03100185423982653,0.01819724388644213,20
q,beta_x_noise,20.0,,0.3,,,500,223.90410786281262,122.7501982547509,0.3865671707093182,0.37540656519578375,0.0,0.0,54.63036270795593,26.866504263351988,0.017417468264770634,0.011057557511419205,20
q,beta_x_noise,50.0,,0.0,,,100,4.52079225250028e-06,3.231372520438869e-06,1.0,1.0,0.0,0.0,1.7989899128600754e-06,1.4148997877150148e-06,0.0,0.0,20
q,beta_x_noise,50.0,,0.0,,,500,5.852025472804015e-06,1.529464103988687e-06,1.0,1.0,0.0,0.0,2.019888489793365e-06,5.549945918386052e-07,0.0,0.0,20
q,beta_x_noise,50.0,,1e-05,,,100,0.00040676115625159007,0.0003686520798653402,1.0,1.0,0.0,0.0,4.494911379692173e-05,4.499579576646105e-05,0.0,0.0,20
q,beta_x_noise,50.0,,1e-05,,,500,0.0017922868316067376,0.0016684499425658529,1.0,1.0,0.0,0.0,0.00018157814746335162,0.00017859810684113278,0.0,0.0,20
q,beta_x_noise,50.0,,0.0001,,,100,0.004073200961020496,0.0036921073936337584,0.9994746059544658,0.9994623655913978,0.0,0.0,0.00045235894234594285,0.0004525710830754226,0.000525394045534151,0.0005376344086021499,20
q,beta_x_noise,50.0,,0.0001,,,500,0.0179226210724159,0.016684446294257877,0.9998654781076741,0.9997975700206938,0.0,0.0,0.0018153382700696122,0.0017854653713500618,0.00010471357571181505,0.00013932218395004353,20
q,beta_x_noise,50.0,,0.001,,,100,0.04071186772674658,0.036883486146516486,0.9950037172776108,0.9957386001035534,0.0,0.0,0.00451924872571439,0.004522461226685561,0.0019974243092882467,0.001798363176812743,20
q,beta_x_noise,50.0,,0.001,,,500,0.179010118884615,0.1666712221546573,0.998705096098331,0.9990890655078761,0.0,0.0,0.01805666522737681,0.01777522543199939,0.0005341399809489299,0.00034375708141249115,20
q,beta_x_noise,50.0,,0.01,,,100,0.4046555263813751,0.3658282039805679,0.9135658479940958,0.9125319638432419,0.0,0.0,0.04495045859954283,0.04463728384382158,0.017645976809803076,0.014660958221449808,20
q,beta_x_noise,50.0,,0.01,,,500,1.7256310217215378,1.6012204723074142,0.929485225107191,0.9310598009667981,0.0,0.0,0.1664545758582677,0.1618990257312901,0.022654663234171202,0.021177261160261727,20
q,beta_x_noise,50.0,,0.03,,,100,1.1693308926775425,1.0477149957278329,0.6858440252854631,0.6874809044110679,0.0,0.0,0.12090948890825143,0.11660639279978455,0.04001167437942636,0.03866371055681416,20
q,beta_x_noise,50.0,,0.03,,,500,4.720303922307627,4.312075404332555,0.7235821822650887,0.7280982029536178,0.0,0.0,0.46622430113330154,0.43260174805687845,0.05403514838187968,0.05093792461258109,20
q,beta_x_noise,50.0,,0.1,,,100,3.864502141462279,3.3309978491875123,0.5073989107521665,0.5143342379852229,0.0,0.0,0.4224745454705589,0.38684193096284825,0.03691407683213265,0.030896415016898108,20
q,beta_x_noise,50.0,,0.1,,,500,17.44598475973564,14.065438795965402,0.5750262469846895,0.5753282038631032,0.0,0.0,1.9500706849909453,1.5658946274095427,0.052765527804179146,0.042649908680310614,20
q,beta_x_noise,50.0,,0.3,,,100,18.86617604110654,14.460330162354083,0.41508478862974885,0.406992720902851,0.0,0.0,2.139438085066044,1.7259561793526064,0.030918828456839527,0.018045752330980006,20
q,beta_x_noise,50.0,,0.3,,,500,230.09675775652823,128.99532157559878,0.38431158345991634,0.37662156068075786,0.0,0.0,57.34166628279329,29.407878772125564,0.017335489593130804,0.01121896011902345,20
q,beta_x_noise,100.0,,0.0,,,100,4.52079225250028e-06,3.231372520438869e-06,1.0,1.0,0.0,0.0,1.7989899128600754e-06,1.414899787715015e-06,0.0,0.0,20
q,beta_x_noise,100.0,,0.0,,,500,5.852025472804015e-06,1.529464103988687e-06,1.0,1.0,0.0,0.0,2.019888489793365e-06,5.549945918386052e-07,0.0,0.0,20
q,beta_x_noise,100.0,,1e-05,,,100,0.00040676115625159007,0.0003686520798653402,1.0,1.0,0.0,0.0,4.494911379692173e-05,4.499579576646105e-05,0.0,0.0,20
q,beta_x_noise,100.0,,1e-05,,,500,0.0017922868316067376,0.0016684499425658529,1.0,1.0,0.0,0.0,0.00018157814746335162,0.00017859810684113278,0.0,0.0,20
q,beta_x_noise,100.0,,0.0001,,,100,0.004073200961020496,0.0036921073936337584,0.9994746059544658,0.9994623655913978,0.0,0.0,0.00045235894234594285,0.0004525710830754226,0.000525394045534151,0.0005376344086021499,20
q,beta_x_noise,100.0,,0.0001,,,500,0.0179226210724159,0.016684446294257877,0.9998654781076741,0.9997975700206938,0.0,0.0,0.0018153382700696122,0.0017854653713500618,0.00010471357571181505,0.00013932218395004353,20
q,beta_x_noise,100.0,,0.001,,,100,0.04071186772674658,0.036883486146516486,0.9950037172776108,0.9957386001035534,0.0,0.0,0.004519248725714389,0.004522461226685561,0.001997424309288246,0.0017983631768127425,20
q,beta_x_noise,100.0,,0.001,,,500,0.179010118884615,0.1666712221546573,0.998705096098331,0.9990890655078761,0.0,0.0,0.018056665227376815,0.017775225431999386,0.0005341399809489313,0.00034375708141248465,20
q,beta_x_noise,100.0,,0.01,,,100,0.4046555263813751,0.3658282039805679,0.9135658479940958,0.9125319638432419,0.0,0.0,0.04495045859954283,0.04463728384382158,0.017645976809803076,0.014660958221449805,20
q,beta_x_noise,100.0,,0.01,,,500,1.7256310217215378,1.6012204723074142,0.929485225107191,0.9310598009667981,0.0,0.0,0.1664545758582677,0.16189902573129017,0.02265466323417121,0.021177261160261727,20
q,beta_x_noise,100.0,,0.03,,,100,1.1693308926775425,1.0477149957278329,0.6858440252854631,0.6874809044110679,0.0,0.0,0.12090948890825146,0.11660639279978452,0.040011674379426376,0.03866371055681417,20
q,beta_x_noise,100.0,,0.03,,,500,4.720303922307627,4.312075404332555,0.7235821822650889,0.7280982029536178,0.0,0.0,0.46622430113330166,0.43260174805687834,0.054035148381879686,0.05093792461258109,20
q,beta_x_noise,100.0,,0.1,,,100,3.8648461686866256,3.3313386513571075,0.5073989107521665,0.5143342379852229,0.0,0.0,0.4226496998358237,0.38705910440815583,0.03691407683213266,0.030896415016898115,20
q,beta_x_noise,100.0,,0.1,,,500,17.48420111077283,14.093487780518952,0.5749925201565277,0.5754300335186854,0.0,0.0,1.9699588697489476,1.5710716260365465,0.05276788581075558,0.04256313194418655,20
q,beta_x_noise,100.0,,0.3,,,100,18.8361468571806,14.538248189143598,0.4151703617786152,0.4085999046136723,0.0,0.0,2.132578484401107,1.6827053828405598,0.031141108867939513,0.018113714096723993,20
q,beta_x_noise,100.0,,0.3,,,500,228.77748935762202,128.87814768211973,0.38587576680838753,0.3767250327786929,0.0,0.0,57.37535711123564,29.478069961946147,0.017443825053399684,0.011298675314409671,20
q,beta_x_noise,1000.0,,0.0,,,100,4.52079225250028e-06,3.231372520438869e-06,1.0,1.0,0.0,0.0,1.7989899128600759e-06,1.4148997877150148e-06,0.0,0.0,20
q,beta_x_noise,1000.0,,0.0,,,500,5.852025472804015e-06,1.529464103988687e-06,1.0,1.0,0.0,0.0,2.019888489793365e-06,5.549945918386052e-07,0.0,0.0,20
q,beta_x_noise,1000.0,,1e-05,,,100,0.00040676115625159007,0.0003686520798653402,1.0,1.0,0.0,0.0,4.494911379692173e-05,4.499579576646105e-05,0.0,0.0,20
q,beta_x_noise,1000.0,,1e-05,,,500,0.0017922868316067376,0.0016684499425658529,1.0,1.0,0.0,0.0,0.00018157814746335162,0.00017859810684113278,0.0,0.0,20
q,beta_x_noise,1000.0,,0.0001,,,100,0.004073200961020496,0.0036921073936337584,0.9994746059544658,0.9994623655913978,0.0,0.0,0.00045235894234594285,0.0004525710830754226,0.000525394045534151,0.0005376344086021499,20
q,beta_x_noise,1000.0,,0.0001,,,500,0.0179226210724159,0.016684446294257877,0.9998654781076741,0.9997975700206938,0.0,0.0,0.0018153382700696122,0.0017854653713500618,0.00010471357571181505,0.00013932218395004353,20
q,beta_x_noise,1000.0,,0.001,,,100,0.04071186772674658,0.036883486146516486,0.9950037172776108,0.9957386001035534,0.0,0.0,0.00451924872571439,0.004522461226685561,0.0019974243092882467,0.001798363176812743,20
q,beta_x_noise,1000.0,,0.001,,,500,0.179010118884615,0.1666712221546573,0.998705096098331,0.9990890655078761,0.0,0.0,0.01805666522737681,0.01777522543199939,0.0005341399809489299,0.00034375708141249115,20
q,beta_x_noise,1000.0,,0.01,,,100,0.4046555263813751,0.3658282039805679,0.9135658479940958,0.9125319638432419,0.0,0.0,0.04495045859954283,0.04463728384382158,0.017645976809803076,0.014660958221449808,20
q,beta_x_noise,1000.0,,0.01,,,500,1.7256310217215378,1.6012204723074142,0.929485225107191,0.9310598009667981,0.0,0.0,0.1664545758582677,0.1618990257312901,0.022654663234171202,0.021177261160261727,20
q,beta_x_noise,1000.0,,0.03,,,100,1.1693308926775425,1.0477149957278329,0.6858440252854631,0.6874809044110679,0.0,0.0,0.12090948890825146,0.11660639279978452,0.040011674379426376,0.03866371055681417,20
q,beta_x_noise,1000.0,,0.03,,,500,4.720303922307627,4.312075404332555,0.7235821822650889,0.7280982029536178,0.0,0.0,0.46622430113330166,0.43260174805687834,0.054035148381879686,0.05093792461258109,20
q,beta_x_noise,1000.0,,0.1,,,100,3.8648538849858722,3.3313445083685354,0.5073989107521665,0.5143342379852229,0.0,0.0,0.4226536172349721,0.38706421322739665,0.03691407683213266,0.030896415016898108,20
q,beta_x_noise,1000.0,,0.1,,,500,17.48819773651934,14.095822091673147,0.574975747261526,0.575125773883797,0.0,0.0,1.970023085268627,1.5716625807012186,0.05276449336337623,0.04266840202231867,20
q,beta_x_noise,1000.0,,0.3,,,100,18.815639123415473,14.436690752523617,0.4164899529523726,0.4091375390222744,0.0,0.0,2.1253250625496487,1.6877346769566137,0.03089852179261117,0.0180544095610582,20
q,beta_x_noise,1000.0,,0.3,,,500,228.8100792775837,127.59217781379171,0.3870492118187012,0.37784004136160904,0.0,0.0,57.28348968226508,29.102966569528114,0.01803354921943597,0.011701984383943131,20
q,beta_x_noise,1000000.0,,0.0,,,100,4.52079225250028e-06,3.231372520438869e-06,1.0,1.0,0.0,0.0,1.7989899128600759e-06,1.4148997877150148e-06,0.0,0.0,20
q,beta_x_noise,1000000.0,,0.0,,,500,5.852025472804015e-06,1.529464103988687e-06,1.0,1.0,0.0,0.0,2.019888489793365e-06,5.549945918386052e-07,0.0,0.0,20
q,beta_x_noise,1000000.0,,1e-05,,,100,0.00040676115625159007,0.0003686520798653402,1.0,1.0,0.0,0.0,4.494911379692173e-05,4.499579576646105e-05,0.0,0.0,20
q,beta_x_noise,1000000.0,,1e-05,,,500,0.0017922868316067376,0.0016684499425658529,1.0,1.0,0.0,0.0,0.00018157814746335164,0.0001785981068411328,0.0,0.0,20
q,beta_x_noise,1000000.0,,0.0001,,,100,0.004073200961020496,0.0036921073936337584,0.9994746059544658,0.9994623655913978,0.0,0.0,0.00045235894234594285,0.0004525710830754226,0.000525394045534151,0.0005376344086021499,20
q,beta_x_noise,1000000.0,,0.0001,,,500,0.0179226210724159,0.016684446294257877,0.9998654781076741,0.9997975700206938,0.0,0.0,0.0018153382700696122,0.0017854653713500618,0.00010471357571181505,0.00013932218395004353,20
q,beta_x_noise,1000000.0,,0.001,,,100,0.04071186772674658,0.036883486146516486,0.9950037172776108,0.9957386001035534,0.0,0.0,0.00451924872571439,0.004522461226685561,0.0019974243092882463,0.0017983631768127425,20
q,beta_x_noise,1000000.0,,0.001,,,500,0.179010118884615,0.1666712221546573,0.998705096098331,0.9990890655078761,0.0,0.0,0.01805666522737681,0.01777522543199939,0.0005341399809489293,0.00034375708141249104,20
q,beta_x_noise,1000000.0,,0.01,,,100,0.4046555263813751,0.3658282039805679,0.9135658479940958,0.9125319638432419,0.0,0.0,0.04495045859954283,0.04463728384382158,0.017645976809803076,0.014660958221449808,20
q,beta_x_noise,1000000.0,,0.01,,,500,1.7256310217215378,1.6012204723074142,0.929485225107191,0.9310598009667981,0.0,0.0,0.1664545758582677,0.1618990257312901,0.022654663234171202,0.021177261160261727,20
q,beta_x_noise,1000000.0,,0.03,,,100,1.1693308926775425,1.0477149957278329,0.6858440252854631,0.6874809044110679,0.0,0.0,0.12090948890825146,0.11660639279978452,0.040011674379426376,0.03866371055681417,20
q,beta_x_noise,1000000.0,,0.03,,,500,4.720303922307627,4.312075404332555,0.7235821822650889,0.7280982029536178,0.0,0.0,0.46622430113330166,0.43260174805687834,0.054035148381879686,0.05093792461258109,20
q,beta_x_noise,1000000.0,,0.1,,,100,3.8648538849858722,3.3313445083685354,0.5073989107521665,0.5143342379852229,0.0,0.0,0.4226536172349721,0.38706421322739665,0.03691407683213266,0.030896415016898108,20
q,beta_x_noise,1000000.0,,0.1,,,500,17.48477181846412,14.094421303817242,0.574975747261526,0.575125773883797,0.0,0.0,1.969902527988454,1.571588698833018,0.05276449336337623,0.04266840202231867,20
q,beta_x_noise,1000000.0,,0.3,,,100,18.8142565943962,14.457006838694529,0.4160505856413005,0.4086056241286574,0.0,0.0,2.124353495942707,1.684962516613116,0.030772466642197797,0.01783757010779175,20
q,beta_x_noise,1000000.0,,0.3,,,500,228.29011430231043,127.93606462175217,0.3869312075128075,0.3780424721754819,0.0,0.0,56.67336461975581,28.962520028614822,0.018108686646353463,0.011730845990481457,20
q,dual_x_dim,50.0,,0.0,16.0,,100,4.52079225250028e-06,3.231372520438869e-06,1.0,1.0,0.634593137311432,0.0,1.7989899128600754e-06,1.4148997877150148e-06,0.0,0.0,20
q,dual_x_dim,50.0,,0.0,16.0,,500,5.852025472804015e-06,1.529464103988687e-06,1.0,1.0,0.634593137311432,0.0,2.019888489793365e-06,5.549945918386052e-07,0.0,0.0,20
q,dual_x_dim,50.0,,0.0,24.0,,100,4.52079225250028e-06,3.231372520438869e-06,1.0,1.0,0.5441336563940811,0.0,1.7989899128600759e-06,1.4148997877150148e-06,0.0,0.0,20
q,dual_x_dim,50.0,,0.0,24.0,,500,5.852025472804015e-06,1.529464103988687e-06,1.0,1.0,0.5441336563940811,0.0,2.019888489793365e-06,5.549945918386052e-07,0.0,0.0,20
q,dual_x_dim,50.0,,0.0,32.0,,100,4.52079225250028e-06,3.231372520438869e-06,1.0,1.0,0.45181358479635786,0.0,1.7989899128600754e-06,1.414899787715015e-06,0.0,0.0,20
q,dual_x_dim,50.0,,0.0,32.0,,500,5.852025472804015e-06,1.529464103988687e-06,1.0,1.0,0.45181358479635786,0.0,2.019888489793365e-06,5.549945918386052e-07,0.0,0.0,20
q,dual_x_dim,50.0,,0.0,64.0,,100,4.52079225250028e-06,3.231372520438869e-06,1.0,1.0,0.3383318772022451,0.0,1.7989899128600754e-06,1.414899787715015e-06,0.0,0.0,20
q,dual_x_dim,50.0,,0.0,64.0,,500,5.852025472804015e-06,1.529464103988687e-06,1.0,1.0,0.3383318772022451,0.0,2.019888489793365e-06,5.549945918386052e-07,0.0,0.0,20
q,dual_x_dim,50.0,,0.0,128.0,,100,4.52079225250028e-06,3.231372520438869e-06,1.0,1.0,0.23665230870784323,0.0,1.7989899128600759e-06,1.4148997877150148e-06,0.0,0.0,20
q,dual_x_dim,50.0,,0.0,128.0,,500,5.852025472804015e-06,1.529464103988687e-06,1.0,1.0,0.23665230870784323,0.0,2.019888489793365e-06,5.549945918386052e-07,0.0,0.0,20
q,dual_x_dim,50.0,,0.0,256.0,,100,4.52079225250028e-06,3.231372520438869e-06,1.0,1.0,0.16971422476257944,0.0,1.7989899128600759e-06,1.4148997877150148e-06,0.0,0.0,20
q,dual_x_dim,50.0,,0.0,256.0,,500,5.852025472804015e-06,1.529464103988687e-06,1.0,1.0,0.16971422476257944,0.0,2.019888489793365e-06,5.549945918386052e-07,0.0,0.0,20
q,dual_x_dim,50.0,,0.0,512.0,,100,4.52079225250028e-06,3.231372520438869e-06,1.0,1.0,0.11945966216356811,0.0,1.798989912860075e-06,1.4148997877150148e-06,0.0,0.0,20
q,dual_x_dim,50.0,,0.0,512.0,,500,5.852025472804015e-06,1.529464103988687e-06,1.0,1.0,0.11945966216356811,0.0,2.0198884897933645e-06,5.549945918386052e-07,0.0,0.0,20
q,dual_x_dim,50.0,,0.0,1024.0,,100,4.52079225250028e-06,3.231372520438869e-06,1.0,1.0,0.09056164138314861,0.0,1.7989899128600759e-06,1.4148997877150148e-06,0.0,0.0,20
q,dual_x_dim,50.0,,0.0,1024.0,,500,5.852025472804015e-06,1.529464103988687e-06,1.0,1.0,0.09056164138314861,0.0,2.019888489793365e-06,5.549945918386052e-07,0.0,0.0,20
q,dual_x_dim,50.0,,0.0,4096.0,,100,4.52079225250028e-06,3.231372520438869e-06,1.0,1.0,0.0438351669874574,0.0,1.7989899128600759e-06,1.4148997877150148e-06,0.0,0.0,20
q,dual_x_dim,50.0,,0.0,4096.0,,500,5.852025472804015e-06,1.529464103988687e-06,1.0,1.0,0.0438351669874574,0.0,2.019888489793365e-06,5.549945918386052e-07,0.0,0.0,20
q,dual_x_dim,50.0,,0.0,16384.0,,100,4.52079225250028e-06,3.231372520438869e-06,1.0,1.0,0.021380935793739203,0.0,1.7989899128600754e-06,1.4148997877150148e-06,0.0,0.0,20
q,dual_x_dim,50.0,,0.0,16384.0,,500,5.852025472804015e-06,1.529464103988687e-06,1.0,1.0,0.021380935793739203,0.0,2.0198884897933645e-06,5.549945918386052e-07,0.0,0.0,20
q,dual_x_dim,50.0,,1e-05,16.0,,100,0.0015373302300503594,0.001377086768698704,0.9990367775831874,1.0,0.634593137311432,0.0,0.00015893032866838675,0.00015806742988594695,0.0009632224168126087,0.0,20
q,dual_x_dim,50.0,,1e-05,16.0,,500,0.0062879787723702065,0.005648726005012023,0.9998148771457421,1.0,0.634593137311432,0.0,0.001174233319359061,0.0011754218007242656,0.0001851228542578249,0.0,20
q,dual_x_dim,50.0,,1e-05,24.0,,100,0.0006366238932612052,0.0005974601551928866,1.0,1.0,0.5441336563940811,0.0,7.281016059270235e-05,7.403312251228362e-05,0.0,0.0,20
q,dual_x_dim,50.0,,1e-05,24.0,,500,0.0027248986571109745,0.0024863523221469452,1.0,1.0,0.5441336563940811,0.0,0.00031703785841312947,0.00031578046266888307,0.0,0.0,20
q,dual_x_dim,50.0,,1e-05,32.0,,100,0.0005491246307275451,0.0004967995245282198,1.0,1.0,0.45181358479635786,0.0,5.712594023840878e-05,5.886297254520154e-05,0.0,0.0,20
q,dual_x_dim,50.0,,1e-05,32.0,,500,0.002301853896266498,0.002018986981670301,1.0,1.0,0.45181358479635786,0.0,0.00023270907100677348,0.0002442381583182117,0.0,0.0,20
q,dual_x_dim,50.0,,1e-05,64.0,,100,0.00047183400134601626,0.000428321528921137,1.0,1.0,0.3383318772022451,0.0,4.6089891513585806e-05,4.774542764465686e-05,0.0,0.0,20
q,dual_x_dim,50.0,,1e-05,64.0,,500,0.0021361504390064513,0.001967098220448671,1.0,1.0,0.3383318772022451,0.0,0.00023817801242602166,0.00024571831187339394,0.0,0.0,20
q,dual_x_dim,50.0,,1e-05,128.0,,100,0.00044214360948287626,0.00039905921316936893,1.0,1.0,0.23665230870784323,0.0,5.0571575808933534e-05,5.149208771149519e-05,0.0,0.0,20
q,dual_x_dim,50.0,,1e-05,128.0,,500,0.0019316361538611326,0.0017514211667434831,1.0,1.0,0.23665230870784323,0.0,0.000186475334054175,0.0001958709791282443,0.0,0.0,20
q,dual_x_dim,50.0,,1e-05,256.0,,100,0.0004236905964608736,0.0003835579142430584,1.0,1.0,0.16971422476257944,0.0,4.841925121412846e-05,4.8906438152412575e-05,0.0,0.0,20
q,dual_x_dim,50.0,,1e-05,256.0,,500,0.0018379672643802415,0.0016713538338559986,1.0,1.0,0.16971422476257944,0.0,0.00017644242711725618,0.00018394301236757904,0.0,0.0,20
q,dual_x_dim,50.0,,1e-05,512.0,,100,0.00041743716758815944,0.0003801453572769995,1.0,1.0,0.11945966216356811,0.0,4.72841656387834e-05,4.714585692161275e-05,0.0,0.0,20
q,dual_x_dim,50.0,,1e-05,512.0,,500,0.0017886473060231612,0.0016479895714935134,1.0,1.0,0.11945966216356811,0.0,0.00017492255182709112,0.00017763694256386233,0.0,0.0,20
q,dual_x_dim,50.0,,1e-05,1024.0,,100,0.0004149115184475115,0.0003755352923780155,1.0,1.0,0.09056164138314861,0.0,4.5982459211612917e-05,4.6314939725270795e-05,0.0,0.0,20
q,dual_x_dim,50.0,,1e-05,1024.0,,500,0.001789139732652234,0.0016596222397891104,1.0,1.0,0.09056164138314861,0.0,0.00017701486999877682,0.00017721813686357796,0.0,0.0,20
q,dual_x_dim,50.0,,1e-05,4096.0,,100,0.0004102917848655903,0.0003716954443371733,1.0,1.0,0.0438351669874574,0.0,4.589604100910646e-05,4.602380058352406e-05,0.0,0.0,20
q,dual_x_dim,50.0,,1e-05,4096.0,,500,0.0017968876099836717,0.001667007533198095,1.0,1.0,0.0438351669874574,0.0,0.00018211869598985594,0.0001810471402678283,0.0,0.0,20
q,dual_x_dim,50.0,,1e-05,16384.0,,100,0.0004069815303148331,0.0003687781885412764,1.0,1.0,0.021380935793739203,0.0,4.492252680289702e-05,4.499436040367655e-05,0.0,0.0,20
q,dual_x_dim,50.0,,1e-05,16384.0,,500,0.0017894354885422347,0.0016604413356592074,1.0,1.0,0.021380935793739203,0.0,0.00018076311963199744,0.00017855491354120526,0.0,0.0,20
q,dual_x_dim,50.0,,0.0001,16.0,,100,0.015380965774543967,0.013781019370665218,0.9970258017537716,0.9989360498019242,0.634593137311432,0.0,0.0015993880350184508,0.0015886137088483982,0.002006845313814794,0.0007323067852686739,20
q,dual_x_dim,50.0,,0.0001,16.0,,500,0.06288193364182001,0.05644155102342553,0.9993608235685956,0.9996965599196838,0.634593137311432,0.0,0.011738726359733307,0.011747239983508672,0.00038667476819050436,0.00016571465204929,20
q,dual_x_dim,50.0,,0.0001,24.0,,100,0.006372352681473285,0.005975921942956173,0.9985989492119088,0.9994623655913978,0.5441336563940811,0.0,0.0007289086162746525,0.0007416015800602439,0.0014010507880910694,0.0005376344086021499,20
q,dual_x_dim,50.0,,0.0001,24.0,,500,0.02724824458031907,0.024866106126450647,0.9996300930237968,0.9997975700206938,0.5441336563940811,0.0,0.0031718020200883486,0.003159259560600803,0.0002824562239203774,0.00013932218395004353,20
q,dual_x_dim,50.0,,0.0001,32.0,,100,0.005494582174923818,0.00497105623109639,0.9989492119089316,0.9994623655913978,0.45181358479635786,0.0,0.0005725413072398393,0.0005895150773668843,0.0010507880910682994,0.0005376344086021499,20
q,dual_x_dim,50.0,,0.0001,32.0,,500,0.023018372822293704,0.02019109279301004,0.9997645020053518,0.9997975700206938,0.45181358479635786,0.0,0.0023271054552833014,0.002442735845691285,0.0002029701759624492,0.00013932218395004353,20
q,dual_x_dim,50.0,,0.0001,64.0,,100,0.004723648162096061,0.0042883999930259705,0.9995621716287216,0.9994623655913978,0.3383318772022451,0.0,0.00046291694818640934,0.0004791633938221612,0.00043782837127845787,0.0005376344086021499,20
q,dual_x_dim,50.0,,0.0001,64.0,,500,0.021361732580306457,0.019670779480227562,0.9999158532480645,0.9997975700206938,0.3383318772022451,0.0,0.0023817490115178364,0.002457345435636429,8.414675193537593e-05,0.00013932218395004353,20
q,dual_x_dim,50.0,,0.0001,128.0,,100,0.004426751630684017,0.003996121195457122,0.9994746059544658,0.9994623655913978,0.23665230870784323,0.0,0.0005080552924757834,0.0005169135522365012,0.000525394045534151,0.0005376344086021499,20
q,dual_x_dim,50.0,,0.0001,128.0,,500,0.019315955515200645,0.017514644348478985,0.9998990238976775,0.9997975700206938,0.23665230870784323,0.0,0.0018644777371771433,0.0019584835972342564,0.0001009761023224465,0.00013932218395004353,20
q,dual_x_dim,50.0,,0.0001,256.0,,100,0.004242371711875311,0.003841082335190431,0.9994746059544658,0.9994623655913978,0.16971422476257944,0.0,0.0004866710887884116,0.0004912514921099814,0.000525394045534151,0.0005376344086021499,20
q,dual_x_dim,50.0,,0.0001,256.0,,500,0.018379170525887216,0.016713954500075227,0.9998654781076741,0.9997975700206938,0.16971422476257944,0.0,0.0017641838238568871,0.0018391562143335906,0.00010471357571181505,0.00013932218395004353,20
q,dual_x_dim,50.0,,0.0001,512.0,,100,0.004179808974094691,0.003806804663159314,1.0,0.9994623655913978,0.11945966216356811,0.0,0.000475607583947485,0.0004739870524023473,0.0,0.0005376344086021499,20
q,dual_x_dim,50.0,,0.0001,512.0,,500,0.01788595104598902,0.01647966395913954,0.9999664542099966,0.9997975700206938,0.11945966216356811,0.0,0.0017487719380504744,0.0017760075492138571,3.354579000335311e-05,0.00013932218395004353,20
q,dual_x_dim,50.0,,0.0001,1024.0,,100,0.004154492598621702,0.0037610069908573726,1.0,0.9994623655913978,0.09056164138314861,0.0,0.0004627334941161001,0.00046573125734852535,0.0,0.0005376344086021499,20
q,dual_x_dim,50.0,,0.0001,1024.0,,500,0.01789065270205618,0.016596282266111057,0.9999664542099966,0.9997975700206938,0.09056164138314861,0.0,0.001769829673537994,0.0017718318791491968,3.354579000335311e-05,0.00013932218395004353,20
q,dual_x_dim,50.0,,0.0001,4096.0,,100,0.004108261062529919,0.003722571608024643,0.9994746059544658,0.9994623655913978,0.0438351669874574,0.0,0.0004618176965117877,0.00046277584229422765,0.000525394045534151,0.0005376344086021499,20
q,dual_x_dim,50.0,,0.0001,4096.0,,500,0.01796845320901357,0.016670042807344475,0.9998654781076741,0.9997975700206938,0.0438351669874574,0.0,0.0018207086274705858,0.0018099660877509299,0.00010471357571181505,0.00013932218395004353,20
q,dual_x_dim,50.0,,0.0001,16384.0,,100,0.0040751649839499415,0.0036934028647098425,0.9994746059544658,0.9994623655913978,0.021380935793739203,0.0,0.00045212893712144744,0.00045251976805289567,0.000525394045534151,0.0005376344086021499,20
q,dual_x_dim,50.0,,0.0001,16384.0,,500,0.01789417365092113,0.016604409362667476,0.9998654781076741,0.9997975700206938,0.021380935793739203,0.0,0.0018072042776344844,0.0017850539661042708,0.00010471357571181505,0.00013932218395004353,20
q,dual_x_dim,50.0,,0.001,16.0,,100,0.15355634917398012,0.13776047131326868,0.9649576120453205,0.968482422896488,0.634593137311432,0.0,0.015977258399242952,0.015798529222741543,0.00886030093750279,0.008445170142798525,20
q,dual_x_dim,50.0,,0.001,16.0,,500,0.6082057148750625,0.5416635760203427,0.9795936591675138,0.9805614421132965,0.634593137311432,0.0,0.1013088317853854,0.10074088506572083,0.014107894069788162,0.013654989791833338,20
q,dual_x_dim,50.0,,0.001,24.0,,100,0.06371732897967787,0.059610898108169774,0.991707176219584,0.9930731857096413,0.5441336563940811,0.0,0.007255440410372201,0.007405215605811845,0.002964350579571926,0.0022300318438792646,20
q,dual_x_dim,50.0,,0.001,24.0,,500,0.27230950808163057,0.2487524783973864,0.9979823696719426,0.9984815719255774,0.5441336563940811,0.0,0.03181226302399365,0.03167612895005264,0.0008230791695738458,0.00043771704236393653,20
q,dual_x_dim,50.0,,0.001,32.0,,100,0.054916423281518835,0.049662303887258244,0.994219116800549,0.994663331286349,0.45181358479635786,0.0,0.0057083318404493105,0.005876571674134827,0.002331957808402412,0.002125208091289159,20
q,dual_x_dim,50.0,,0.001,32.0,,500,0.23000681797978895,0.20187658569968742,0.9984525308144606,0.9987850111763852,0.45181358479635786,0.0,0.02323301949735031,0.024447753637296753,0.0005735497415140316,0.00039986973575657553,20
q,dual_x_dim,50.0,,0.001,64.0,,100,0.04717208818488555,0.04281569537954599,0.9955268702895446,0.9957386001035534,0.3383318772022451,0.0,0.004636764582283068,0.004797242106916537,0.0020115880360665876,0.001798363176812743,20
q,dual_x_dim,50.0,,0.001,64.0,,500,0.21345238929676186,0.196504810265296,0.9987888708702112,0.9989878509329774,0.3383318772022451,0.0,0.023790717434039405,0.024575607895981656,0.0004597858599591168,0.0003445403809431357,20
q,dual_x_dim,50.0,,0.001,128.0,,100,0.04420257690550688,0.03991575045358202,0.9954385310669297,0.9957386001035534,0.23665230870784323,0.0,0.00508404501164082,0.005164724657678559,0.0020031712890776644,0.001798363176812743,20
q,dual_x_dim,50.0,,0.001,128.0,,500,0.19300768157241127,0.17499966917660742,0.9988226711377178,0.9990890655078761,0.23665230870784323,0.0,0.018578410840262665,0.019537768449846615,0.0004712981848523892,0.00034375708141249115,20
q,dual_x_dim,50.0,,0.001,256.0,,100,0.04238366138194601,0.03836176409797883,0.9947477822057605,0.9957386001035534,0.16971422476257944,0.0,0.00486754143453202,0.004911761633358749,0.0020424738862375104,0.001798363176812743,20
q,dual_x_dim,50.0,,0.001,256.0,,500,0.1836185690882819,0.1670008603918586,0.9986548573618667,0.9990890655078761,0.16971422476257944,0.0,0.01756970145672593,0.018341273270933007,0.0005709693952993227,0.00034375708141249115,20
q,dual_x_dim,50.0,,0.001,512.0,,100,0.04175543302290589,0.038019978202772406,0.9948319134976785,0.9962705149971705,0.11945966216356811,0.0,0.004757805448687077,0.004739619286261537,0.0020210690615334137,0.0017776373114285694,20
q,dual_x_dim,50.0,,0.001,512.0,,500,0.17865522738485312,0.1646070206100716,0.9986715616833081,0.999190280082775,0.11945966216356811,0.0,0.017387373904497523,0.01769245826418156,0.0005580971437095062,0.0003413962962333053,20
q,dual_x_dim,50.0,,0.001,1024.0,,100,0.04149625942078854,0.03758718040777405,0.9949176587578175,0.9957386001035534,0.09056164138314861,0.0,0.004631360313072698,0.004653111372055157,0.002007438237075984,0.001798363176812743,20
q,dual_x_dim,50.0,,0.001,1024.0,,500,0.178675574418323,0.1657948723833786,0.9986883232033295,0.9990890655078761,0.09056164138314861,0.0,0.017615241117437827,0.01765436660420933,0.000545992171151686,0.00034375708141249115,20
q,dual_x_dim,50.0,,0.001,4096.0,,100,0.041034028388959934,0.03720084398704164,0.9950037172776108,0.9957386001035534,0.0438351669874574,0.0,0.004620984049091234,0.004622751674496746,0.0019974243092882467,0.001798363176812743,20
q,dual_x_dim,50.0,,0.001,4096.0,,500,0.17946593701927582,0.1665289101750608,0.998705096098331,0.9990890655078761,0.0438351669874574,0.0,0.018110299575400137,0.0180205764655894,0.0005341399809489299,0.00034375708141249115,20
q,dual_x_dim,50.0,,0.001,16384.0,,100,0.04071646452343484,0.03690907456852679,0.9950037172776108,0.9957386001035534,0.021380935793739203,0.0,0.0045211301048203685,0.004520584678158776,0.0019974243092882467,0.001798363176812743,20
q,dual_x_dim,50.0,,0.001,16384.0,,500,0.17872194363436394,0.16587529657875472,0.998705096098331,0.9990890655078761,0.021380935793739203,0.0,0.017981159506764245,0.017773799643132842,0.0005341399809489299,0.00034375708141249115,20
q,exact,,,,,,100,4.52079225250028e-06,3.231372520438869e-06,1.0,1.0,0.0,0.0,1.7989899128600754e-06,1.414899787715015e-06,0.0,0.0,20
q,exact,,,,,,500,5.852025472804015e-06,1.529464103988687e-06,1.0,1.0,0.0,0.0,2.019888489793365e-06,5.549945918386052e-07,0.0,0.0,20
q,overlap,50.0,,,,0.0,100,4.52079225250028e-06,3.231372520438869e-06,1.0,1.0,0.0,0.0,1.7989899128600754e-06,1.414899787715015e-06,0.0,0.0,20
q,overlap,50.0,,,,0.0,500,5.852025472804015e-06,1.529464103988687e-06,1.0,1.0,0.0,0.0,2.019888489793365e-06,5.549945918386052e-07,0.0,0.0,20
q,overlap,50.0,,,,0.01,100,0.5253996000414043,0.5171345923068136,0.954200802986545,0.9527399316904059,0.007441714319998698,0.0,0.06712195648964965,0.06718540121742142,0.013295796353296268,0.017346446574050264,20
q,overlap,50.0,,,,0.01,500,5.397514090019978,5.318435643198226,0.8063062459448517,0.8283825867462896,0.007441714319998698,0.35,1.382938939633458,1.3844333628386414,0.04818672362848253,0.0418962341678575,20
q,overlap,50.0,,,,0.03,100,2.534546219807203,2.517955452798482,0.8202028920868848,0.8431896688021269,0.02232514295999609,0.0,0.8815200378329839,0.882505616853815,0.03284117610287706,0.03339092271667236,20
q,overlap,50.0,,,,0.03,500,6.925508544788516,6.5083252100756726,0.6971062387328636,0.7339258006087457,0.02232514295999609,0.7,0.97283962588286,0.8538901631935316,0.05309722821252189,0.04515371680366398,20
q,overlap,50.0,,,,0.1,100,3.928559057375901,3.8217916065312223,0.617618299846213,0.6720364575235049,0.07441714319998698,0.5,0.7243713068050107,0.7245389347486918,0.040904582405496485,0.03124056809262558,20
q,overlap,50.0,,,,0.1,500,3.6017027578830216,3.5874491300112807,0.6774835464073805,0.6955354600199892,0.07441714319998698,0.85,0.06657168513010528,0.07016163014575363,0.03474729807618515,0.03415686414772042,20
q,overlap,50.0,,,,0.2,100,1.0220131839528808,0.9833058448712415,0.6377454407098754,0.6483400174438663,0.14883428639997395,0.9,0.014806144081442485,0.027046479447685432,0.033017251950211435,0.03705738529646287,20
q,overlap,50.0,,,,0.2,500,,,0.6911296095231677,0.6829052082966187,0.14883428639997395,1.0,,,0.03759984021040134,0.04166272374450235,20
q,overlap,50.0,,,,0.3,100,2.058994827032013,2.0453840527667535,0.6687430027743602,0.6468347248638441,0.2232514295999609,0.9,0.13204082798086486,0.12773672324120242,0.02981544908418621,0.03987735142198865,20
q,overlap,50.0,,,,0.3,500,,,0.6942159482628683,0.6818949028429768,0.2232514295999609,1.0,,,0.038532869373411716,0.043702005124333275,20
q,overlap,50.0,,,,0.5,100,,,0.6764408451031697,0.666088197276935,0.3720857159999348,1.0,,,0.035699171350996796,0.04188297855945143,20
q,overlap,50.0,,,,0.5,500,,,0.6950717571462904,0.6865565325923498,0.3720857159999348,1.0,,,0.041286371198774235,0.04398791973297916,20
q,overlap_dual,50.0,,0.0,,0.0,100,4.52079225250028e-06,3.231372520438869e-06,1.0,1.0,0.0,0.0,1.7989899128600759e-06,1.4148997877150148e-06,0.0,0.0,20
q,overlap_dual,50.0,,0.0,,0.0,500,5.852025472804015e-06,1.529464103988687e-06,1.0,1.0,0.0,0.0,2.019888489793365e-06,5.549945918386052e-07,0.0,0.0,20
q,overlap_dual,50.0,,0.0,,0.01,100,4.52079225250028e-06,3.231372520438869e-06,1.0,1.0,0.007441714319998698,0.0,1.7989899128600754e-06,1.414899787715015e-06,0.0,0.0,20
q,overlap_dual,50.0,,0.0,,0.01,500,5.852025472804015e-06,1.529464103988687e-06,1.0,1.0,0.007441714319998698,0.0,2.019888489793365e-06,5.549945918386052e-07,0.0,0.0,20
q,overlap_dual,50.0,,0.0,,0.03,100,4.52079225250028e-06,3.231372520438869e-06,1.0,1.0,0.02232514295999609,0.0,1.7989899128600759e-06,1.4148997877150148e-06,0.0,0.0,20
q,overlap_dual,50.0,,0.0,,0.03,500,5.852025472804015e-06,1.529464103988687e-06,1.0,1.0,0.02232514295999609,0.0,2.019888489793365e-06,5.549945918386052e-07,0.0,0.0,20
q,overlap_dual,50.0,,0.0,,0.1,100,4.52079225250028e-06,3.231372520438869e-06,1.0,1.0,0.07441714319998698,0.0,1.7989899128600759e-06,1.4148997877150148e-06,0.0,0.0,20
q,overlap_dual,50.0,,0.0,,0.1,500,5.852025472804015e-06,1.529464103988687e-06,1.0,1.0,0.07441714319998698,0.0,2.019888489793365e-06,5.549945918386052e-07,0.0,0.0,20
q,overlap_dual,50.0,,0.0,,0.2,100,4.52079225250028e-06,3.231372520438869e-06,1.0,1.0,0.14883428639997395,0.0,1.7989899128600759e-06,1.4148997877150148e-06,0.0,0.0,20
q,overlap_dual,50.0,,0.0,,0.2,500,5.852025472804015e-06,1.529464103988687e-06,1.0,1.0,0.14883428639997395,0.0,2.019888489793365e-06,5.549945918386052e-07,0.0,0.0,20
q,overlap_dual,50.0,,0.0,,0.3,100,4.52079225250028e-06,3.231372520438869e-06,1.0,1.0,0.2232514295999609,0.0,1.7989899128600754e-06,1.414899787715015e-06,0.0,0.0,20
q,overlap_dual,50.0,,0.0,,0.3,500,5.852025472804015e-06,1.529464103988687e-06,1.0,1.0,0.2232514295999609,0.0,2.019888489793365e-06,5.549945918386052e-07,0.0,0.0,20
q,overlap_dual,50.0,,0.0,,0.5,100,4.52079225250028e-06,3.231372520438869e-06,1.0,1.0,0.3720857159999348,0.0,1.7989899128600759e-06,1.4148997877150148e-06,0.0,0.0,20
q,overlap_dual,50.0,,0.0,,0.5,500,5.852025472804015e-06,1.529464103988687e-06,1.0,1.0,0.3720857159999348,0.0,2.019888489793365e-06,5.549945918386052e-07,0.0,0.0,20
q,overlap_dual,50.0,,1e-05,,0.0,100,0.00040676115625159007,0.0003686520798653402,1.0,1.0,0.0,0.0,4.494911379692173e-05,4.499579576646105e-05,0.0,0.0,20
q,overlap_dual,50.0,,1e-05,,0.0,500,0.0017922868316067376,0.0016684499425658529,1.0,1.0,0.0,0.0,0.00018157814746335162,0.00017859810684113278,0.0,0.0,20
q,overlap_dual,50.0,,1e-05,,0.01,100,0.0004072589602759965,0.0003692681133202779,1.0,1.0,0.007441714319998698,0.0,4.489190152201341e-05,4.493070990936621e-05,0.0,0.0,20
q,overlap_dual,50.0,,1e-05,,0.01,500,0.0017934547332948913,0.0016715351396287769,1.0,1.0,0.007441714319998698,0.0,0.00018111189410607536,0.0001777384160981784,0.0,0.0,20
q,overlap_dual,50.0,,1e-05,,0.03,100,0.0004084133876827178,0.0003706376428598818,1.0,1.0,0.02232514295999609,0.0,4.480510063065377e-05,4.482939500983292e-05,0.0,0.0,20
q,overlap_dual,50.0,,1e-05,,0.03,500,0.0017968482214141602,0.0016783108137521595,1.0,1.0,0.02232514295999609,0.0,0.000180343385422034,0.00017631722870727713,0.0,0.0,20
q,overlap_dual,50.0,,1e-05,,0.1,100,0.00041428223353121295,0.0003775816008204062,1.0,1.0,0.07441714319998698,0.0,4.4741580193484515e-05,4.458268259479108e-05,0.0,0.0,20
q,overlap_dual,50.0,,1e-05,,0.1,500,0.001820244502102275,0.00170824416549869,1.0,1.0,0.07441714319998698,0.0,0.00017884582984745376,0.00017417564755102042,0.0,0.0,20
q,overlap_dual,50.0,,1e-05,,0.2,100,0.00042809298267028367,0.0003917776740452373,1.0,1.0,0.14883428639997395,0.0,4.5111906911682575e-05,4.4767976533461625e-05,0.0,0.0,20
q,overlap_dual,50.0,,1e-05,,0.2,500,0.0018785537363176952,0.0017678907970060998,1.0,1.0,0.14883428639997395,0.0,0.00018181689377905704,0.00017771747573940943,0.0,0.0,20
q,overlap_dual,50.0,,1e-05,,0.3,100,0.00044823493100230665,0.0004131045620740936,1.0,1.0,0.2232514295999609,0.0,4.613106400377639e-05,4.5255175272420167e-05,0.0,0.0,20
q,overlap_dual,50.0,,1e-05,,0.3,500,0.0019775690062021566,0.001849608298090316,1.0,1.0,0.2232514295999609,0.0,0.00018761845226222807,0.00018810942686210341,0.0,0.0,20
q,overlap_dual,50.0,,1e-05,,0.5,100,0.0005135185152004572,0.00047838652545730074,1.0,1.0,0.3720857159999348,0.0,5.0664681942564824e-05,4.881754287727652e-05,0.0,0.0,20
q,overlap_dual,50.0,,1e-05,,0.5,500,0.0022849157200255043,0.002114652167592673,1.0,1.0,0.3720857159999348,0.0,0.00021867499160667438,0.00022823709465949013,0.0,0.0,20
q,overlap_dual,50.0,,0.0001,,0.0,100,0.004073200961020496,0.0036921073936337584,0.9994746059544658,0.9994623655913978,0.0,0.0,0.00045235894234594285,0.0004525710830754226,0.000525394045534151,0.0005376344086021499,20
q,overlap_dual,50.0,,0.0001,,0.0,500,0.0179226210724159,0.016684446294257877,0.9998654781076741,0.9997975700206938,0.0,0.0,0.0018153382700696122,0.0017854653713500618,0.00010471357571181505,0.00013932218395004353,20
q,overlap_dual,50.0,,0.0001,,0.01,100,0.004078178744297886,0.0036982677095476592,0.9994746059544658,0.9994623655913978,0.007441714319998698,0.0,0.00045179034984181154,0.00045192089786485194,0.000525394045534151,0.0005376344086021499,20
q,overlap_dual,50.0,,0.0001,,0.01,500,0.017934276029373385,0.01671527998419296,0.9998654781076741,0.9997975700206938,0.007441714319998698,0.0,0.0018106845429973894,0.0017768734140946778,0.00010471357571181505,0.00013932218395004353,20
q,overlap_dual,50.0,,0.0001,,0.03,100,0.004089722439329625,0.003711962729796574,0.9994746059544658,0.9994623655913978,0.02232514295999609,0.0,0.0004509290210385808,0.0004509087334185281,0.000525394045534151,0.0005376344086021499,20
q,overlap_dual,50.0,,0.0001,,0.03,500,0.01796819130659008,0.01678300001117003,0.9998654781076741,0.9997975700206938,0.02232514295999609,0.0,0.00180300547622517,0.0017626715875364437,0.00010471357571181505,0.00013932218395004353,20
q,overlap_dual,50.0,,0.0001,,0.1,100,0.004148414630750977,0.003778552452624322,0.9994746059544658,0.9994623655913978,0.07441714319998698,0.0,0.00045031281841835806,0.0004490754655093196,0.000525394045534151,0.0005376344086021499,20
q,overlap_dual,50.0,,0.0001,,0.1,500,0.018201571466521765,0.01708219979615644,0.9998654781076741,0.9997975700206938,0.07441714319998698,0.0,0.0017880964715585046,0.0017412930754685603,0.00010471357571181505,0.00013932218395004353,20
q,overlap_dual,50.0,,0.0001,,0.2,100,0.004286486192789963,0.003920588159242906,0.9992994746059545,0.9994623655913978,0.14883428639997395,0.0,0.0004540531904211364,0.0004509044532157493,0.0007005253940455319,0.0005376344086021499,20
q,overlap_dual,50.0,,0.0001,,0.2,500,0.018784439053138424,0.017678517415299078,0.9998150465118985,0.9997975700206938,0.14883428639997395,0.0,0.0018178530858769927,0.001776758596255746,0.00014122811196019518,0.00013932218395004353,20
q,overlap_dual,50.0,,0.0001,,0.3,100,0.004488324090112519,0.004134265750245515,0.999124343257443,0.9994623655913978,0.2232514295999609,0.0,0.0004642295535246144,0.0004557661949943467,0.0008756567425569185,0.0005376344086021499,20
q,overlap_dual,50.0,,0.0001,,0.3,500,0.0197745524936628,0.018495429004386693,0.9996975233361158,0.9997975700206938,0.2232514295999609,0.0,0.0018757788259394018,0.0018807419285377816,0.000209644353650243,0.00013932218395004353,20
q,overlap_dual,50.0,,0.0001,,0.5,100,0.005141245769965899,0.004787122179589312,0.999124343257443,0.9994623655913978,0.3720857159999348,0.0,0.0005095848337906938,0.0004913703141289135,0.0008756567425569185,0.0005376344086021499,20
q,overlap_dual,50.0,,0.0001,,0.5,500,0.022847436407450038,0.021144785003097532,0.9995465672811008,0.9997975700206938,0.3720857159999348,0.0,0.0021864275720531344,0.0022822014524147144,0.0003233818239590871,0.00013932218395004353,20
q,overlap_dual,50.0,,0.001,,0.0,100,0.04071186772674658,0.036883486146516486,0.9950037172776108,0.9957386001035534,0.0,0.0,0.00451924872571439,0.004522461226685561,0.0019974243092882463,0.001798363176812743,20
q,overlap_dual,50.0,,0.001,,0.0,500,0.179010118884615,0.1666712221546573,0.998705096098331,0.9990890655078761,0.0,0.0,0.01805666522737681,0.01777522543199939,0.0005341399809489291,0.00034375708141249126,20
q,overlap_dual,50.0,,0.001,,0.01,100,0.0407617733437364,0.03694527558670528,0.9950037172776108,0.9957386001035534,0.007441714319998698,0.0,0.0045136843133637625,0.00451606354338865,0.0019974243092882467,0.001798363176812743,20
q,overlap_dual,50.0,,0.001,,0.01,500,0.17912438951387916,0.1669777715658435,0.998705096098331,0.9990890655078761,0.007441714319998698,0.0,0.0180110719068582,0.017689969642704056,0.0005341399809489299,0.00034375708141249115,20
q,overlap_dual,50.0,,0.001,,0.03,100,0.040877477205093445,0.03708259092770814,0.9948316002380239,0.9957386001035534,0.02232514295999609,0.0,0.0045053086929644345,0.004506144031061718,0.0020210702159182727,0.001798363176812743,20
q,overlap_dual,50.0,,0.001,,0.03,500,0.17945218070163177,0.16765138447977374,0.9986715503083279,0.9990890655078761,0.02232514295999609,0.0,0.017938556168102505,0.017549327987609643,0.0005580968040431873,0.00034375708141249115,20
q,overlap_dual,50.0,,0.001,,0.1,100,0.04146464220173114,0.03772545252185555,0.994659483198437,0.9957386001035534,0.07441714319998698,0.0,0.0045000288129680675,0.00449400466362514,0.002058881811722222,0.001798363176812743,20
q,overlap_dual,50.0,,0.001,,0.1,500,0.18172495788328769,0.17063031869167075,0.9986380045183244,0.9990890655078761,0.07441714319998698,0.0,0.017807972953466172,0.01734090194293468,0.0005830001768200513,0.00034375708141249115,20
q,overlap_dual,50.0,,0.001,,0.2,100,0.04284546711840129,0.03915508003117692,0.9946617236859672,0.9957386001035534,0.14883428639997395,0.0,0.00453956912094896,0.004511660251963537,0.002063070694228642,0.001798363176812743,20
q,overlap_dual,50.0,,0.001,,0.2,500,0.18751082065835412,0.17657170321413598,0.998638084466865,0.9990890655078761,0.14883428639997395,0.0,0.01811261883451454,0.01770458866709573,0.0005835204394657335,0.00034375708141249115,20
q,overlap_dual,50.0,,0.001,,0.3,100,0.04489529524801905,0.04132366347782566,0.9944896066463802,0.9962705149971705,0.2232514295999609,0.0,0.0046400477601375644,0.004560455834465867,0.0021141947235780007,0.0017776373114285694,20
q,overlap_dual,50.0,,0.001,,0.3,500,0.19745191269570483,0.18471495200711865,0.9986045386768616,0.999190280082775,0.2232514295999609,0.0,0.01868331346133933,0.018754599160051514,0.0006092324590222726,0.0003413962962333053,20
q,overlap_dual,50.0,,0.001,,0.5,100,0.051431623659355594,0.04785407022448642,0.9932847873692717,0.9957386001035534,0.3720857159999348,0.0,0.005095443559032583,0.0049198436493457015,0.002761102900228523,0.0017983631768127425,20
q,overlap_dual,50.0,,0.001,,0.5,500,0.22811305182707167,0.21108430741186032,0.9983697181468381,0.9990890655078761,0.3720857159999348,0.0,0.02180307672974838,0.022804341357746893,0.0008055176668452334,0.00034375708141248465,20
