layer,head,query_token,ctx_0,ctx_1,ctx_2,ctx_3,S1,A2,R,S3,S3,A0,EVAL,S3,A1,EVAL,S3,A2,EVAL,S3,A3,EVAL,SEL,QCUR,QNXT,UPD
1,0,SELECT,2.4137671061907895e-06,3.1901785746413225e-07,4.766618530993583e-06,3.249567453167401e-05,4.013424259596832e-08,3.419596396270208e-05,8.081318810582161e-06,0.1600765436887741,0.1755223572254181,3.7454351513588335e-06,4.2614765334292315e-06,0.20291921496391296,5.732552381232381e-06,6.1296009334910195e-06,0.2234586477279663,1.5073518625285942e-05,1.4461445061897393e-05,0.2378489226102829,4.208163318253355e-06,1.3651962945004925e-05,2.4671309802215546e-05,0.0,0.0,0.0
1,0,UPDATE,4.0694714698474854e-05,4.220960909151472e-05,3.046472556889057e-05,0.00011881555838044733,6.985579238971695e-05,0.00014821071818005294,0.9691268801689148,0.00023286994837690145,0.00030779140070080757,0.00699662696570158,0.0004654699587263167,0.0003002115699928254,0.00019116088515147567,0.0005785118555650115,0.00035170852788724005,0.00030137624708004296,0.00034378765849396586,0.0002525976742617786,0.011709571816027164,0.0009676227928139269,0.00011093580542365089,0.005965346470475197,0.0012221125653013587,0.00012520578457042575
1,1,SELECT,4.881528958833314e-09,1.4851008200977844e-09,6.841152089265279e-09,1.6778642475401284e-07,2.3513010205533647e-07,1.8438321702785032e-10,1.6722417894854402e-10,0.24480323493480682,0.19995546340942383,1.5470199565825737e-09,1.7703415267078526e-07,0.18983978033065796,1.6470863561934834e-09,1.9325601385844493e-07,0.17470106482505798,4.597189573463112e-10,2.1205376299349155e-07,0.19069914519786835,4.576603629402598e-08,2.540862169553293e-07,1.3643917107231118e-09,0.0,0.0,0.0
1,1,UPDATE,0.019372954964637756,0.008721605874598026,0.015421968884766102,0.0027357295621186495,0.009245102293789387,0.6292744874954224,0.10748014599084854,3.3002295367623447e-06,3.7613676795444917e-06,0.02730768918991089,0.013390328735113144,3.6457606711337576e-06,0.018647339195013046,0.015695566311478615,4.349643859313801e-06,0.07393676042556763,0.008321325294673443,4.567081759887515e-06,0.014308852143585682,0.011621678248047829,0.012397252023220062,0.005147880408912897,0.003755581332370639,0.003198091173544526
1,2,SELECT,0.006108658853918314,0.004666061606258154,0.01562660187482834,0.011813363060355186,0.0002518307010177523,0.0011003273539245129,0.00015544015332125127,0.19341224431991577,0.187491312623024,0.002626692643389106,0.0009784330613911152,0.18822991847991943,0.0040556155145168304,0.001926914439536631,0.1861877739429474,0.0030049120541661978,0.002102601807564497,0.1838192194700241,0.0018581533804535866,0.0014138031983748078,0.003170079318806529,0.0,0.0,0.0
1,2,UPDATE,1.810116714295873e-07,0.00038698644493706524,1.6176045392057858e-07,1.4952802303014323e-06,1.1099909897893667e-05,0.9995447993278503,2.871725428121863e-06,1.0487071904208278e-06,9.69539541983977e-07,3.7359643556555966e-06,8.626171620562673e-06,8.776870572546613e-07,6.553463549607841e-08,1.3492346624843776e-05,8.92556784037879e-07,7.625830676261103e-06,4.087854904355481e-06,5.745712883253873e-07,2.1578409814537736e-06,2.1730547814513557e-06,3.1761130685481476e-06,9.719076388137182e-07,4.356292606644274e-07,1.5426263644258142e-06
1,3,SELECT,0.0003927247889805585,0.0005031278124079108,0.0010730900103226304,0.0011026756837964058,0.003561135148629546,0.0028626746498048306,0.020463434979319572,0.14259201288223267,0.14973270893096924,0.0046442728489637375,0.019184643402695656,0.1628410965204239,0.04854578524827957,0.048153333365917206,0.0928826704621315,0.015539679676294327,0.06933999806642532,0.10136660188436508,0.01026153564453125,0.06055799126625061,0.04439884424209595,0.0,0.0,0.0
1,3,UPDATE,0.024897688999772072,0.05884059891104698,0.006050312425941229,0.0009079325245693326,0.0036946104373782873,0.01063049491494894,0.013259632512927055,0.03840448707342148,0.045941319316625595,0.0008421029197052121,0.02094017155468464,0.093697689473629,0.039816975593566895,0.03632786124944687,0.05994410440325737,0.02004372328519821,0.07700566947460175,0.0746648907661438,0.021235927939414978,0.05860258638858795,0.04509832337498665,0.0936068743467331,0.11106202751398087,0.04448402673006058
1,4,SELECT,0.009438899345695972,0.006356716621667147,0.0038754427805542946,0.015250788070261478,0.0374428853392601,0.0027477028779685497,0.0006599324406124651,0.20344001054763794,0.17401568591594696,0.002849358832463622,0.0007903326186351478,0.16691875457763672,0.00524860480800271,0.0020689975935965776,0.16559220850467682,0.0035947102587670088,0.002923708176240325,0.18577177822589874,0.007636683061718941,0.0013729686615988612,0.0020038015209138393,0.0,0.0,0.0
1,4,UPDATE,0.0630764439702034,0.06752081960439682,0.08310027420520782,0.01308873575180769,0.0033397958613932133,0.1561686247587204,0.2590586543083191,0.0035128199961036444,0.0028144048992544413,0.02386917918920517,0.019850824028253555,0.0038680103607475758,0.023112071678042412,0.013569002971053123,0.004704735707491636,0.02416309155523777,0.025901392102241516,0.004380782134830952,0.05146660655736923,0.04686092957854271,0.018742332234978676,0.03273065760731697,0.03500635176897049,0.020093390718102455
1,5,SELECT,4.23185065301368e-06,5.193619472265709e-07,8.635884114482906e-07,1.3077407174932887e-06,0.006266745273023844,1.4262472802784032e-07,2.5838355668383883e-06,0.20204651355743408,0.19010911881923676,5.142058512319636e-07,2.092484692184371e-07,0.21122480928897858,4.882500661551603e-07,2.8027548637510336e-07,0.21002502739429474,2.561402538958646e-07,2.7659021384351945e-07,0.18031108379364014,3.7497479752346408e-06,2.92240599719662e-07,9.901769999487442e-07,0.0,0.0,0.0
1,5,UPDATE,0.009986183606088161,0.012152181938290596,0.006347538437694311,0.0014644981129094958,0.017720552161335945,0.007530808914452791,0.23122622072696686,8.409772999584675e-05,9.833032527239993e-05,0.003544874954968691,0.07548838108778,0.00010513770394027233,0.01582237333059311,0.15059545636177063,9.869909263215959e-05,0.023746710270643234,0.0783630982041359,0.00011356415052432567,0.11575433611869812,0.1989993453025818,0.025664454326033592,0.0022213554475456476,0.0014395200414583087,0.021432219073176384
1,6,SELECT,1.3797771316603757e-06,2.6722101864606884e-08,6.452890829677926e-06,2.2083622752688825e-06,0.9821330904960632,5.497211077454267e-07,7.624126219241134e-09,0.003158875973895192,0.003081885166466236,3.4326191666878e-08,1.1769420105167683e-08,0.0037428836803883314,4.339907988537561e-08,6.413613107270066e-08,0.004104796797037125,3.428536032856755e-08,5.2702834096862716e-08,0.003766902955248952,5.698668132936291e-07,5.20528757874672e-08,1.3609263760372414e-07,0.0,0.0,0.0
1,6,UPDATE,0.0007109201396815479,0.0004853027348872274,0.000536518928129226,0.0001449885021429509,4.3457734477669874e-07,0.6680582761764526,0.11262769997119904,1.5463573390661622e-06,1.6084201206467696e-06,0.026583662256598473,0.03910268098115921,8.467546877000132e-07,0.014187012799084187,0.0438615158200264,1.3422305755739217e-06,0.015174680389463902,0.01665402017533779,1.20309653084405e-06,0.012865251861512661,0.04736630246043205,0.0005264598876237869,0.00048180605517700315,0.00021591194672510028,0.00040997902397066355
1,7,SELECT,1.1330031135514673e-08,6.667575291885441e-08,3.694713086588308e-07,6.053047627574415e-07,3.074833790361886e-11,1.115038159582582e-07,1.7091406334657222e-07,0.2172391265630722,0.20356294512748718,7.955636505130315e-08,6.567010046865107e-08,0.2016577571630478,7.07668519339677e-08,6.112795603030463e-08,0.18318264186382294,2.056147785367557e-08,1.1956555567849136e-07,0.19435545802116394,2.9875973694970526e-08,1.7375413108311477e-07,1.2592717268944398e-07,0.0,0.0,0.0
1,7,UPDATE,0.0004193548229523003,0.0014280646573752165,0.002662079641595483,0.0009525089990347624,0.0327247679233551,0.7324913144111633,0.01442924328148365,0.0003869599604513496,0.0003482022148091346,0.04712998867034912,0.028933042660355568,0.00030489571508951485,0.008486180566251278,0.04177498444914818,0.0003006882034242153,0.021939843893051147,0.015883561223745346,0.0003129310207441449,0.012779530137777328,0.017992397770285606,0.006104667671024799,0.004380457103252411,0.0026878872886300087,0.005146362818777561
2,0,SELECT,6.890239455970004e-05,6.185955135151744e-05,0.00017592860967852175,0.00011154935782542452,0.0001153519915533252,0.00039942938019521534,0.004937697667628527,0.17949999868869781,0.21872998774051666,0.02319011278450489,0.011435047723352909,0.18101008236408234,0.007677638903260231,0.006581534631550312,0.1598445326089859,0.00693044438958168,0.01113851647824049,0.14506448805332184,0.022991729900240898,0.012385079637169838,0.007649971637874842,0.0,0.0,0.0
2,0,UPDATE,0.0004239908594172448,0.0045477175153791904,0.8331223130226135,0.0447312593460083,0.11636800318956375,1.679650813457556e-05,3.623262273322325e-06,2.616320489323698e-05,1.652647006267216e-05,1.3569414250014233e-06,4.444521550794889e-07,1.4239861229725648e-05,1.7120194684139278e-07,2.2471752458841365e-07,1.639676520426292e-05,2.5089141786338587e-07,2.786320294489997e-07,1.5679659554734826e-05,3.516350489007891e-06,6.960398764022102e-07,4.786406407220056e-06,6.106528189775418e-07,7.033921178845048e-07,0.0006841968861408532
2,1,SELECT,0.009013846516609192,0.011079985648393631,0.016664689406752586,0.0124290706589818,0.008241170085966587,0.04946520924568176,0.05566660314798355,0.07382137328386307,0.06916214525699615,0.06524977087974548,0.044490132480859756,0.0687541589140892,0.028919195756316185,0.03873613104224205,0.07710402458906174,0.03387872129678726,0.049325644969940186,0.07101915031671524,0.06690410524606705,0.05506138876080513,0.09501348435878754,0.0,0.0,0.0
2,1,UPDATE,0.07063005864620209,0.07148522883653641,0.35532230138778687,0.13652709126472473,0.18111827969551086,0.021596267819404602,0.01257040724158287,0.013753063976764679,0.012701514177024364,0.006133753806352615,0.004646423738449812,0.010648796334862709,0.0031318229157477617,0.003199158702045679,0.010263259522616863,0.0030698729678988457,0.003913630731403828,0.01033643539994955,0.005594915710389614,0.00436006486415863,0.008054803125560284,0.017471324652433395,0.019190436229109764,0.014281061477959156
2,2,SELECT,0.03896251693367958,0.020661385729908943,0.01530848816037178,0.022019241005182266,0.012417004443705082,0.011385169811546803,0.003944795113056898,0.0024471981450915337,0.002261232351884246,0.005740426015108824,0.004114953801035881,0.003021841635927558,0.004784475080668926,0.004665644373744726,0.0042318482883274555,0.005920107942074537,0.0047944895923137665,0.004481302574276924,0.007431595586240292,0.006695830263197422,0.8147104382514954,0.0,0.0,0.0
2,2,UPDATE,0.0004328209033701569,0.0003989032993558794,0.0003686915442813188,0.0003254748007748276,0.00032259916770271957,0.006537875160574913,0.12613831460475922,0.058150459080934525,0.06200449913740158,0.041990719735622406,0.047879572957754135,0.057761985808610916,0.0418388806283474,0.0444001778960228,0.05307261645793915,0.03179473057389259,0.04532843455672264,0.053559012711048126,0.028782863169908524,0.03851054236292839,0.006782149896025658,0.1270219087600708,0.12147819250822067,0.00511856097728014
2,3,SELECT,5.189180956222117e-05,4.665227606892586e-05,6.135974399512634e-05,5.112743383506313e-05,2.6250882001477294e-05,0.0012445467291399837,0.06320168823003769,0.048079315572977066,0.06487821787595749,0.05905791372060776,0.04161607474088669,0.08261321485042572,0.031151575967669487,0.034420233219861984,0.11423293501138687,0.03655308857560158,0.06266847252845764,0.11865275353193283,0.09263474494218826,0.09382399171590805,0.05493396520614624,0.0,0.0,0.0
2,3,UPDATE,0.04465935379266739,0.05757477134466171,0.06816945970058441,0.053601671010255814,0.04702289402484894,0.05184406042098999,0.058487895876169205,0.019274670630693436,0.020965861156582832,0.017033100128173828,0.020179301500320435,0.020290398970246315,0.021325113251805305,0.01908339001238346,0.019771479070186615,0.018003441393375397,0.022122232243418694,0.02034865878522396,0.01671270839869976,0.019233644008636475,0.05414668470621109,0.1405370980501175,0.15571162104606628,0.013900486752390862
2,4,SELECT,0.11916805058717728,0.15094603598117828,0.21953436732292175,0.24214567244052887,0.20938870310783386,0.006221596151590347,0.0014962893910706043,0.001483732950873673,0.001197364996187389,0.002601153217256069,0.0014731106348335743,0.0012555249268189073,0.0011965783778578043,0.0012093199184164405,0.001725217793136835,0.0017540814587846398,0.0013007248053327203,0.00166144291870296,0.00305790058337152,0.002083537867292762,0.029099520295858383,0.0,0.0,0.0
2,4,UPDATE,7.335576810874045e-05,5.544164014281705e-05,3.4972341381944716e-05,3.61873499059584e-05,3.463587927399203e-05,0.00915583223104477,0.1258889138698578,0.045577991753816605,0.04353231564164162,0.0636911392211914,0.0724191665649414,0.03764179348945618,0.07057611644268036,0.06834153085947037,0.028559193015098572,0.05524491146206856,0.06767766922712326,0.026863403618335724,0.03657373785972595,0.05545193329453468,0.008428698405623436,0.09454850852489471,0.08847754448652267,0.001114972517825663
2,5,SELECT,3.130597178824246e-05,1.183405129268067e-05,5.271964619169012e-05,3.235050826333463e-05,3.063945041503757e-05,0.00017895044584292918,0.0068429699167609215,0.17425796389579773,0.2165319323539734,0.022214092314243317,0.009016120806336403,0.17759349942207336,0.006170838605612516,0.0055786133743822575,0.1625855267047882,0.005933333653956652,0.01036197878420353,0.1641867309808731,0.02261330373585224,0.01312938891351223,0.0026458550710231066,0.0,0.0,0.0
2,5,UPDATE,0.00025523893418721855,0.0020688408985733986,0.06235742196440697,0.008626841008663177,0.011064169928431511,0.007709916681051254,0.007385556120425463,0.007910113781690598,0.00884217768907547,0.0069035752676427364,0.004225261975079775,0.01005201693624258,0.003037768881767988,0.0036922055296599865,0.013724954798817635,0.005485862493515015,0.0065666981972754,0.016503458842635155,0.02519739232957363,0.0123957684263587,0.001326155848801136,0.002138499403372407,0.002731164451688528,0.7697989344596863
2,6,SELECT,0.047317612916231155,0.1379459947347641,0.24185329675674438,0.33379891514778137,0.23894618451595306,9.4567374617327e-05,1.1802824673168288e-07,1.3825633686792571e-06,8.285247758976766e-07,2.327472202523495e-06,2.220387614215724e-06,1.0577577995718457e-06,3.0851203973725205e-06,3.037475607925444e-06,1.567583467476652e-06,4.860903572989628e-06,2.4990404199343175e-06,1.4421492551264237e-06,3.055196884815814e-06,1.9706353668880183e-06,1.3917449905420654e-05,0.0,0.0,0.0
2,6,UPDATE,0.02176811546087265,0.016432024538517,0.013634766452014446,0.010776412673294544,0.010758132673799992,0.017509423196315765,0.022662777453660965,0.004043229389935732,0.004562020767480135,0.004226649645715952,0.005911507643759251,0.0038987346924841404,0.0063255527056753635,0.0062071792781353,0.0035273092798888683,0.004620032850652933,0.005848526023328304,0.003640649374574423,0.003966537304222584,0.004910339135676622,0.0781845897436142,0.3490104377269745,0.3950968086719513,0.002478271722793579
2,7,SELECT,0.009398514404892921,0.010615088976919651,0.02815733104944229,0.019443925470113754,0.015413415618240833,0.026513809338212013,0.06290078163146973,0.0829261988401413,0.08414431661367416,0.057767320424318314,0.04738142713904381,0.0821441039443016,0.036965664476156235,0.03937108814716339,0.08145774155855179,0.0436067134141922,0.04404151067137718,0.08032067865133286,0.06608784198760986,0.0506046824157238,0.030737806111574173,0.0,0.0,0.0
2,7,UPDATE,0.004469854757189751,0.013773334212601185,0.7941471934318542,0.06224222108721733,0.10475216060876846,0.0011888560838997364,0.00019133770547341555,0.0004346041241660714,0.00035941367968916893,0.00011982735304627568,8.338463521795347e-05,0.0003611967258621007,4.177145819994621e-05,5.7772351283347234e-05,0.0004135094932280481,6.654377648374066e-05,6.400343409040943e-05,0.0004326340276747942,0.0002597742131911218,0.00010027554526459426,0.00019838281150441617,0.00012730983144138008,0.00015264260582625866,0.015961937606334686
3,0,SELECT,0.1336013823747635,0.21907062828540802,0.21339792013168335,0.2247881442308426,0.19945047795772552,0.0014765012310817838,0.00016526333638466895,0.000125637132441625,0.00011564625310711563,0.00017609303176868707,0.0001667623146204278,0.00012141527986386791,0.00014988276234362274,0.00015713715401943773,0.00014007750723976642,0.00016999943181872368,0.0001603224518476054,0.0001446134556317702,0.00021032548102084547,0.00018571692635305226,0.006026047747582197,0.0,0.0,0.0
3,0,UPDATE,0.00016163947293534875,6.955044227652252e-05,5.995366154820658e-05,5.846226849826053e-05,5.654373671859503e-05,0.008651724085211754,0.042399872094392776,0.035427745431661606,0.03832823783159256,0.043085262179374695,0.046870674937963486,0.04119788482785225,0.05888291075825691,0.05600949004292488,0.040635302662849426,0.0527571476995945,0.060374509543180466,0.04229235649108887,0.048049479722976685,0.0590040385723114,0.06846248358488083,0.1207277774810791,0.12956643104553223,0.006870508659631014
3,1,SELECT,0.16990084946155548,0.12972714006900787,0.1041594073176384,0.11614420264959335,0.10458618402481079,0.009891939349472523,0.00408870168030262,0.00253276783041656,0.002386315492913127,0.002438495634123683,0.0024621968623250723,0.0025759332347661257,0.0026692531537264585,0.0025466594379395247,0.0028359070420265198,0.002753825392574072,0.002320113591849804,0.0029046025592833757,0.002644905587658286,0.0025239125825464725,0.32790663838386536,0.0,0.0,0.0
3,1,UPDATE,0.000644062994979322,0.0010394491255283356,0.0011606082553043962,0.0008268276578746736,0.0007554221083410084,0.016450395807623863,0.03845321759581566,0.02326776832342148,0.022253597155213356,0.02035624533891678,0.022298196330666542,0.021806122735142708,0.023288153111934662,0.020885171368718147,0.019996345043182373,0.020111050456762314,0.02179715223610401,0.019785335287451744,0.018094219267368317,0.02010454423725605,0.18120287358760834,0.22925753891468048,0.25428465008735657,0.0018810364417731762
3,2,SELECT,0.017242668196558952,0.03288458660244942,0.028995273634791374,0.03262866288423538,0.031157564371824265,0.0026478462386876345,0.0009577442542649806,0.0007718932465650141,0.000762883631978184,0.0008849166333675385,0.000881238142028451,0.0008409642614424229,0.0010732144583016634,0.0009914665715768933,0.0009555564029142261,0.0011399599025025964,0.0009763090638443828,0.0009738666121847928,0.00106042658444494,0.0009683751268312335,0.8412045836448669,0.0,0.0,0.0
3,2,UPDATE,0.0005900489632040262,0.00031294560176320374,0.00032395595917478204,0.00030037632677704096,0.00033349916338920593,0.023171789944171906,0.04685209318995476,0.08183352649211884,0.07591459155082703,0.07822894304990768,0.07866603881120682,0.06768682599067688,0.07810159027576447,0.07483768463134766,0.05730884149670601,0.0638279989361763,0.07511661946773529,0.05574170872569084,0.059676386415958405,0.06772200763225555,0.0001950176083482802,0.002597982296720147,0.0023186898324638605,0.008340785279870033
3,3,SELECT,0.17232638597488403,0.226475790143013,0.1873338222503662,0.22322960197925568,0.1884535700082779,0.0005189753137528896,4.3277748773107305e-05,4.2029001633636653e-05,3.42911334882956e-05,4.142130637774244e-05,4.049567723996006e-05,3.585597369237803e-05,4.048054324812256e-05,4.41732227045577e-05,4.008883115602657e-05,4.4381780753610656e-05,3.966945951106027e-05,4.143493788433261e-05,4.257003456586972e-05,3.8547092117369175e-05,0.0010931332362815738,0.0,0.0,0.0
3,3,UPDATE,0.00041897979099303484,0.0003382729191798717,0.0003505633503664285,0.00033283003722317517,0.00035623033181764185,0.024508027359843254,0.05764060094952583,0.06650999933481216,0.07050994038581848,0.06927160918712616,0.07012302428483963,0.06513162702322006,0.07235506922006607,0.06941656023263931,0.05757372826337814,0.06373569369316101,0.0737009048461914,0.05610029026865959,0.060612861067056656,0.06665951013565063,0.00610717199742794,0.017075195908546448,0.016476528719067574,0.014694771729409695
3,4,SELECT,0.05580906569957733,0.21099862456321716,0.20404833555221558,0.2561216950416565,0.2605295777320862,0.00345174060203135,0.00042465634760446846,0.0005035845097154379,0.0005174966645427048,0.000559982203412801,0.000584165973123163,0.0005196891725063324,0.0005296750459820032,0.0005749099655076861,0.0005947841564193368,0.0005682741175405681,0.0005831418675370514,0.0005913062486797571,0.0006403066799975932,0.0006039994186721742,0.0012450239155441523,0.0,0.0,0.0
3,4,UPDATE,0.00044668366899713874,0.00015497984713874757,0.0001140362219302915,0.00010276497050654143,9.712210157886147e-05,0.0051613315008580685,0.041621796786785126,0.032195404171943665,0.02845507115125656,0.03717975318431854,0.03842731937766075,0.031281135976314545,0.046624742448329926,0.04015456140041351,0.03002494014799595,0.04143480211496353,0.04118131101131439,0.03093750961124897,0.03445320203900337,0.040716249495744705,0.05087517946958542,0.22215670347213745,0.2050861418247223,0.0011172541417181492
3,5,SELECT,0.1268613040447235,0.20338280498981476,0.19941233098506927,0.26261046528816223,0.20543727278709412,0.0008956467499956489,9.695228072814643e-05,6.572474376298487e-05,5.636896094074473e-05,7.839560566935688e-05,6.821159331593663e-05,5.908137609367259e-05,6.533222767757252e-05,6.596958701265976e-05,6.805505836382508e-05,7.188472227426246e-05,6.518951704492792e-05,7.024595834081993e-05,7.724890019744635e-05,6.821425631642342e-05,0.0004233049985487014,0.0,0.0,0.0
3,5,UPDATE,0.0001652780338190496,8.066619921009988e-05,8.735910523682833e-05,6.871617370052263e-05,7.212895434349775e-05,0.005072656087577343,0.03838053718209267,0.05255383998155594,0.05652949959039688,0.0627211183309555,0.06532609462738037,0.06042410805821419,0.0776592418551445,0.07153390347957611,0.05586918070912361,0.07411547750234604,0.07505908608436584,0.057217180728912354,0.06752773374319077,0.07710965722799301,0.017701229080557823,0.03905181959271431,0.03907460719347,0.0065988777205348015
3,6,SELECT,0.14847204089164734,0.06580852717161179,0.046075377613306046,0.0607149600982666,0.06045880168676376,0.03599889948964119,0.02710016630589962,0.036293674260377884,0.03796400874853134,0.039117831736803055,0.04054023325443268,0.03844045102596283,0.041898105293512344,0.04378994554281235,0.040044836699962616,0.044234421104192734,0.045426830649375916,0.041020289063453674,0.04366842284798622,0.04597392678260803,0.016958270221948624,0.0,0.0,0.0
3,6,UPDATE,0.00010880421177716926,0.00018365414871368557,0.0003012523811776191,0.00023549319303128868,0.0002082560968119651,0.0025137763004750013,0.008562748320400715,0.006957485806196928,0.005507904104888439,0.0066808070987463,0.007019757758826017,0.005824919790029526,0.008536226116120815,0.007396609056740999,0.00542735168710351,0.006915707141160965,0.007279824465513229,0.005472021643072367,0.005373703315854073,0.006630002520978451,0.11741533130407333,0.37857961654663086,0.4067411720752716,0.00012758396042045206
3,7,SELECT,0.19236351549625397,0.19711120426654816,0.19662418961524963,0.21857650578022003,0.19216202199459076,0.0007798451697453856,5.3644453146262094e-05,5.457124279928394e-05,5.358651833375916e-05,6.167565152281895e-05,5.714284998248331e-05,5.54928628844209e-05,5.696812513633631e-05,6.093210686231032e-05,6.660382496193051e-05,6.602786743314937e-05,6.851108628325164e-05,7.141283276723698e-05,9.714590123621747e-05,7.699052366660908e-05,0.0014819790376350284,0.0,0.0,0.0
3,7,UPDATE,0.00010140598897123709,7.166498835431412e-05,6.573843711521477e-05,5.664249329129234e-05,5.014224007027224e-05,0.00518839294090867,0.04692273959517479,0.047427210956811905,0.04622888192534447,0.045527178794145584,0.050054848194122314,0.04796641319990158,0.054270919412374496,0.0479586124420166,0.04521643742918968,0.047603536397218704,0.046696506440639496,0.043268900364637375,0.03340177983045578,0.04339347779750824,0.002099371515214443,0.1774459183216095,0.16785123944282532,0.0011321371421217918
4,0,SELECT,0.1381034553050995,0.22492137551307678,0.19001346826553345,0.22636863589286804,0.18743649125099182,0.0019980191718786955,0.0010084420209750533,0.0014178133569657803,0.001468778122216463,0.0015692519955337048,0.0017023212276399136,0.0017162881558761,0.0018173501593992114,0.001853063702583313,0.0019950096029788256,0.002127384301275015,0.0020489050075411797,0.002146927872672677,0.002476551104336977,0.002283864887431264,0.005526645574718714,0.0,0.0,0.0
4,0,UPDATE,0.0001992204342968762,0.00013814469275530428,0.00012887324555777013,0.00012985589273739606,0.0001631671329960227,0.0071051823906600475,0.06804162263870239,0.08105891942977905,0.0737537071108818,0.07210643589496613,0.07061252743005753,0.06643221527338028,0.06491109728813171,0.061192888766527176,0.06234683841466904,0.05792661011219025,0.05569951608777046,0.05880986899137497,0.05253196507692337,0.05542266368865967,0.002883866662159562,0.04153621569275856,0.0380086824297905,0.008859885856509209
4,1,SELECT,0.0001718904240988195,0.00041094119660556316,0.0014680450549349189,0.0013089666608721018,0.001213675714097917,9.009785571834072e-05,9.214197052642703e-05,0.00014016502245794982,0.0001407329400535673,0.0001602775591891259,0.00015573526616208255,0.00018761483079288155,0.00017804568051360548,0.00015732372412458062,0.00024402914277743548,0.0002339881903026253,0.00018831860506907105,0.00027100142324343324,0.00032392831053584814,0.0002588213246781379,0.9926041960716248,0.0,0.0,0.0
4,1,UPDATE,0.0013681427808478475,0.0006072063697502017,0.0005729555268771946,0.0005379453068599105,0.0005717693711631,0.03478320688009262,0.05882357060909271,0.07124979794025421,0.07075896859169006,0.07236222922801971,0.07013281434774399,0.0651697888970375,0.06818836182355881,0.06660191714763641,0.05789510905742645,0.06291592121124268,0.0634927898645401,0.05538434907793999,0.055789344012737274,0.06179675832390785,0.003832818241789937,0.02155827172100544,0.021093277260661125,0.014512693509459496
4,2,SELECT,0.19310395419597626,0.14291948080062866,0.23604126274585724,0.23188289999961853,0.18464648723602295,0.0014531072229146957,0.0005067413439974189,0.0008024859125725925,0.0007702581933699548,0.0008234438137151301,0.0007056913455016911,0.0007274635718204081,0.0005747777759097517,0.0006342980777844787,0.000763786374591291,0.0006851637735962868,0.0006382690626196563,0.0007670430350117385,0.0008701498154550791,0.0006750220200046897,8.20096283860039e-06,0.0,0.0,0.0
4,2,UPDATE,0.027536015957593918,0.04868873953819275,0.051206741482019424,0.052457839250564575,0.05256448686122894,0.05552143231034279,0.03985879197716713,0.035735130310058594,0.034746259450912476,0.03372110426425934,0.03483002632856369,0.03434160724282265,0.03450671583414078,0.03510570153594017,0.03447793796658516,0.03404068201780319,0.034472011029720306,0.03472070395946503,0.03314131498336792,0.034024592489004135,0.048564594238996506,0.07206949591636658,0.07725875824689865,0.026409324258565903
4,3,SELECT,0.008737822063267231,0.003980105742812157,0.006745552644133568,0.0072849043644964695,0.005371511448174715,0.0001318524737143889,7.374988490482792e-05,0.00016556971240788698,0.00017798611952457577,0.00022184982663020492,0.00022204221750143915,0.0002485695295035839,0.00028216998907737434,0.0002580022264737636,0.00031440085149370134,0.0003666755510494113,0.00028745908639393747,0.0003545839572325349,0.0004649801121558994,0.000398166012018919,0.9639121294021606,0.0,0.0,0.0
4,3,UPDATE,0.006589753553271294,0.0054232459515333176,0.004307068418711424,0.004117890726774931,0.004481927026063204,0.04658110812306404,0.055367060005664825,0.07841402292251587,0.07583781331777573,0.07067500054836273,0.06960194557905197,0.06521598994731903,0.06499888002872467,0.06529974937438965,0.05681492015719414,0.059677205979824066,0.060897890478372574,0.05434298515319824,0.05334281548857689,0.05698772519826889,0.0032961429096758366,0.007718583103269339,0.007463342044502497,0.02254694700241089
4,4,SELECT,0.04027145355939865,0.10264916718006134,0.13373807072639465,0.1306404173374176,0.13371451199054718,0.024701355025172234,0.023656068369746208,0.027222871780395508,0.026052167639136314,0.02482382394373417,0.025746384635567665,0.026806598529219627,0.02324535697698593,0.023127876222133636,0.028891438618302345,0.02422977238893509,0.02373342774808407,0.02968689799308777,0.028605271130800247,0.026805294677615166,0.07165177911520004,0.0,0.0,0.0
4,4,UPDATE,0.000985689228400588,0.0005834546755068004,0.0005624014302156866,0.0005534784286282957,0.0006836137035861611,0.010397866368293762,0.04884881526231766,0.049983564764261246,0.0492253378033638,0.04252045229077339,0.03930586203932762,0.046252354979515076,0.03409105911850929,0.0331941656768322,0.0438607819378376,0.03253129869699478,0.030282506719231606,0.04120893403887749,0.03255579620599747,0.03256576880812645,0.18404927849769592,0.10843571275472641,0.12134391814470291,0.015977943316102028
4,5,SELECT,0.23700234293937683,0.1811140477657318,0.21051998436450958,0.19255517423152924,0.17084148526191711,0.000810733123216778,9.455090912524611e-05,0.00011212501703994349,0.00012564707139972597,0.00010764042235678062,0.00010436977026984096,0.0001316555863013491,0.0001009361440083012,0.00010579671652521938,0.00014513666974380612,0.00011953063221881166,0.00010947302507702261,0.0001503103121649474,0.00014735547301825136,0.000126672865008004,0.0054750023409724236,0.0,0.0,0.0
4,5,UPDATE,0.0001708086347207427,0.00021985117928124964,0.0001880199124570936,0.00020941316324751824,0.00025386500055901706,0.012789914384484291,0.07307273894548416,0.0716836228966713,0.06078048795461655,0.07255636900663376,0.07293802499771118,0.05742764472961426,0.07511485368013382,0.06980247795581818,0.052117858082056046,0.06491731107234955,0.0625542476773262,0.049761854112148285,0.05232921987771988,0.05777056887745857,0.009209168143570423,0.03979497030377388,0.036607857793569565,0.007728783413767815
4,6,SELECT,0.03004537895321846,0.03748809173703194,0.036968737840652466,0.04506760463118553,0.040546923875808716,0.009885553270578384,0.007061830721795559,0.008479245938360691,0.008262820541858673,0.008882432244718075,0.009070230647921562,0.008859011344611645,0.009501912631094456,0.009270605631172657,0.009552410803735256,0.010387472808361053,0.009664789773523808,0.0097724050283432,0.010781816206872463,0.010479291900992393,0.6699714660644531,0.0,0.0,0.0
4,6,UPDATE,0.004309202078729868,0.004798851441591978,0.006529877427965403,0.005445966962724924,0.005817566532641649,0.040219515562057495,0.04905689135193825,0.06730463355779648,0.06652805954217911,0.06440860778093338,0.06633822619915009,0.06414813548326492,0.06488769501447678,0.06550639867782593,0.05986650660634041,0.06300583481788635,0.06373148411512375,0.05928235128521919,0.06260431557893753,0.06279432773590088,0.0014269311213865876,0.008629471994936466,0.008004281669855118,0.03535492345690727
4,7,SELECT,0.009658780880272388,0.08789626508951187,0.2642483711242676,0.376697301864624,0.2351645827293396,0.0010006589582189918,0.0007797302096150815,0.0013278820551931858,0.0013463693903759122,0.0012087366776540875,0.0012041890295222402,0.0016085893148556352,0.001261813915334642,0.001241356017999351,0.0021762957330793142,0.0016474711010232568,0.0016077245818451047,0.002472436288371682,0.002983345417305827,0.002216480439528823,0.0022516606841236353,0.0,0.0,0.0
4,7,UPDATE,0.0034029383677989244,0.0008645772468298674,0.00047105090925469995,0.00042152326204814017,0.0005433144979178905,0.026107046753168106,0.06806278228759766,0.06393583863973618,0.058904241770505905,0.06497945636510849,0.06585266441106796,0.05332924798130989,0.06055246666073799,0.06002224609255791,0.046632107347249985,0.051660165190696716,0.05004054307937622,0.042621348053216934,0.038208551704883575,0.04639727994799614,0.008425169624388218,0.09002939611673355,0.09174861013889313,0.00678739370778203
