block,condition,agent,n_mdps,final_cumreward_mean,final_cumreward_sd,final_cumreward_sem,opt_frac_mean,opt_frac_sd,opt_frac_sem,gap_regret_mean,gap_regret_sd,gap_regret_sem,pre_rate_mean,pre_rate_sd,pre_rate_sem,pre_pct_opt_mean,pre_pct_opt_sd,pre_pct_opt_sem,post_rate_mean,post_rate_sd,post_rate_sem,post_pct_opt_mean,post_pct_opt_sd,post_pct_opt_sem,end_rate_mean,end_rate_sd,end_rate_sem,end_pct_opt_mean,end_pct_opt_sd,end_pct_opt_sem,model
nonstationary,action_permute,tf_legacy,50,77.92559211730958,8.884803055752567,1.2565008980459198,0.2830666666666667,0.1176890865307203,0.01664375023150454,33.97500658035278,9.395110680117218,1.3286692943818084,0.5088029643893242,0.105031156601715,0.014853648613787778,68.34967018127442,14.717039183729435,2.081303641160643,0.5071184182167053,0.10232878739648849,0.014471475895730704,67.83545997619629,14.479243269210365,2.0476742204216647,0.5132097578048707,0.1032828709186943,0.01460640368140472,68.93390335083008,14.375315067959571,2.0329765532494735,overwrite
nonstationary,action_permute,tf_self,50,76.83249938964843,11.419686565416665,1.6149875618862075,0.2768,0.11738836062780822,0.016601221166459023,35.63951798439026,12.245443522187058,1.73176723063507,0.5207047942280769,0.10659225766170118,0.015074421642914525,70.05251644134522,15.511641943603225,2.1936774411319035,0.5144645178318024,0.12589193030555487,0.017803807523144415,69.03212543487548,18.385391203514413,2.6000869589545084,0.49548789888620376,0.13287694162618496,0.018791637297440884,66.64288078308105,18.957790515436443,2.6810364459558245,overwrite
nonstationary,action_permute,optimal,50,112.1449819946289,6.673476860468286,0.9437721484257272,1.0,0.0,0.0,0.0,0.0,0.0,0.7476444089412689,0.05865873886789663,0.008295598405868122,100.00000091552734,3.3202135820067952e-06,4.695491077649364e-07,0.7521168255805969,0.05727986972186899,0.008100596861163113,99.99999938964844,4.315837287515549e-06,6.103515625e-07,0.747207053899765,0.05633074385952495,0.007966370194470511,99.99999984741211,3.6115464402947327e-06,5.107497957005085e-07,overwrite
nonstationary,action_permute,epsgreedy,50,77.51251129150391,9.064594542617495,1.2819272539582804,0.27826666666666666,0.10966706986671947,0.015509265755123243,34.79263998985291,9.307965159424484,1.316345056655435,0.5419934266805648,0.0954276814565218,0.013495512134163265,73.08197456359864,14.913443580665893,2.1090794173463676,0.5068604201078415,0.11249453175624069,0.015909129250248642,67.40072078704834,14.001434656944596,1.980101878453173,0.5000058451294899,0.10534919672584053,0.014898626279479493,67.01268089294433,14.153816803252674,2.0016519682504135,overwrite
nonstationary,action_permute,greedy,50,75.75514266967774,9.870919266790352,1.3959587900184802,0.28026666666666666,0.11761777520036629,0.01663366528645079,36.33972096443176,10.067689635249856,1.4237863223933385,0.5173769921064377,0.08938062720165618,0.012640329520199575,69.66916961669922,13.331920943712305,1.8854183411083854,0.4955061745643616,0.1100373137650388,0.015561626149362151,66.23044357299804,15.35737355877999,2.1718605969256624,0.49293245702981947,0.11699048258075175,0.016544952713427243,66.17564052581787,16.242475336730116,2.2970328907714235,overwrite
nonstationary,action_permute,random,50,76.54237808227539,5.753691380488402,0.8136948383995873,0.26066666666666666,0.04005098791107483,0.0056640650290282896,36.14172002792358,6.3566911256949865,0.8989718801774547,0.5064195680618286,0.06932778970225466,0.009804430044627834,67.95104484558105,9.576246078720022,1.3542857081148023,0.5036549353599549,0.08463593605455766,0.011969328863249746,67.3134415435791,12.187876456340437,1.7236260181084382,0.5199025517702103,0.08027930561599886,0.011353208278004016,69.83912414550781,11.054543752446882,1.5633485700557146,overwrite
nonstationary,action_permute,optimal_frozen,50,86.22724349975586,12.092571797807917,1.7101479040430356,0.48013333333333336,0.15854491412820018,0.02242163678053784,26.060476388931274,11.87337369786706,1.6791486114647582,0.7476444089412689,0.05865873886789663,0.008295598405868122,100.00000091552734,3.3202135820067952e-06,4.695491077649364e-07,0.4866532415151596,0.11914712156089025,0.01684994752291268,65.07921131134033,16.8780370302783,2.3869148874454886,0.48133795589208606,0.13118257037909858,0.018552017017708426,64.72379684448242,18.439704888990303,2.607768074016755,overwrite
nonstationary,reward_resample,tf_legacy,50,76.3403476715088,9.482819748410046,1.3410732297740908,0.29053333333333337,0.12589518009789766,0.017804267113185022,34.1049861907959,8.755733859950544,1.2382477573271389,0.5088029643893242,0.105031156601715,0.014853648613787778,68.34967018127442,14.717039183729435,2.081303641160643,0.5020107713341713,0.10470808160203446,0.014807958909166589,69.08941535949707,14.971249631081907,2.117254427394923,0.4880373650789261,0.09981799512907845,0.014116396248043428,67.92475620269775,13.9131343917738,1.9676143351966051,overwrite
nonstationary,reward_resample,tf_self,50,76.4822509765625,8.725676074157137,1.2339969444947447,0.28613333333333335,0.10382996740594344,0.01468377480862416,33.854295349121095,8.805326915686562,1.245261274529279,0.5207047942280769,0.10659225766170118,0.015074421642914525,70.05251644134522,15.511641943603225,2.1936774411319035,0.49115356922149656,0.09586090778171226,0.013556779588629404,67.53398628234864,13.450986173214773,1.902256707345331,0.5043880584836006,0.09910788861400753,0.014015972021609148,70.22401550292969,13.93130607331918,1.970184199045865,overwrite
nonstationary,reward_resample,optimal,50,110.49433898925781,5.380017601454161,0.7608493857782442,1.0,0.0,0.0,0.0,0.0,0.0,0.7476444089412689,0.05865873886789663,0.008295598405868122,100.00000091552734,3.3202135820067952e-06,4.695491077649364e-07,0.7297138559818268,0.052635642789748825,0.00744380398974884,99.99999954223632,3.5851362399288784e-06,5.070148293462702e-07,0.7207517898082734,0.05854781819328707,0.00827991185363008,99.99999938964844,4.315837287515549e-06,6.103515625e-07,overwrite
nonstationary,reward_resample,epsgreedy,50,75.7558837890625,7.710802507162341,1.0904721482409445,0.25093333333333334,0.0857752164386779,0.012130447440306594,34.56720628738403,6.464541702893147,0.9142242550757951,0.5419934266805648,0.0954276814565218,0.013495512134163265,73.08197456359864,14.913443580665893,2.1090794173463676,0.47467424273490905,0.08835241600751949,0.01249491849862638,65.12709938049316,11.626279024990074,1.6442041477074807,0.4872851902246475,0.09678037656967053,0.013686812111640339,67.85587020874023,13.590322405873579,1.9219618263409364,overwrite
nonstationary,reward_resample,greedy,50,74.40285919189454,9.632182208283691,1.3621962714203624,0.252,0.11510027177360738,0.016277636537506468,36.34325336456299,8.890566964068972,1.2573160377772532,0.5173769921064377,0.08938062720165618,0.012640329520199575,69.66916961669922,13.331920943712305,1.8854183411083854,0.5042863130569458,0.10404099716142534,0.01471361892285084,69.27665664672851,14.227417432657912,2.012060669080822,0.48690917998552324,0.11660903520216447,0.016491007907814263,67.74282653808594,16.315746694027133,2.307395025493716,overwrite
nonstationary,reward_resample,random,50,74.62529037475586,4.861169473871007,0.6874731798942461,0.25360000000000005,0.0389187187182038,0.0055039379841467445,36.03846876144409,4.977238932859147,0.7038878802020796,0.5064195680618286,0.06932778970225466,0.009804430044627834,67.95104484558105,9.576246078720022,1.3542857081148023,0.4870501893758774,0.08378367065274152,0.01184880033425077,66.92335739135743,11.537907349315732,1.6317065054806517,0.4962663698196411,0.08107919908496218,0.011466330297230175,69.13053443908692,11.466696061321143,1.621635708553051,overwrite
nonstationary,reward_resample,optimal_frozen,50,87.62213745117188,7.804640711067472,1.1037428743040814,0.5149333333333334,0.11396430996403317,0.016116987277762698,22.647275285720823,6.992064406466871,0.9888272312611633,0.7476444089412689,0.05865873886789663,0.008295598405868122,100.00000091552734,3.3202135820067952e-06,4.695491077649364e-07,0.49695914328098295,0.09224986459844227,0.01304610096421987,68.34961837768554,13.107224038477018,1.8536414000276848,0.5025880539417267,0.11086271297886219,0.015678355225618265,69.82355216979981,14.844620488730097,2.0993463623443627,overwrite
nonstationary,transition_resample,tf_legacy,50,76.79020042419434,9.455917661670385,1.3372687001817543,0.28146666666666664,0.11322756168717749,0.016012795337244264,35.093181657791135,11.11873308012418,1.5724263118317992,0.5088029643893242,0.105031156601715,0.014853648613787778,68.34967018127442,14.717039183729435,2.081303641160643,0.5078900760412216,0.09244689478251585,0.013073965240071242,68.54009773254394,14.17500719564907,2.0046487422823125,0.4919918692111969,0.09384639099013348,0.013271883891801499,66.87874897003174,14.662583782102388,2.0736024844080987,overwrite
nonstationary,transition_resample,tf_self,50,78.38787681579589,10.66403267230153,1.5081219634758625,0.30279999999999996,0.1323507331044599,0.018717220174634897,33.00275518417359,10.7539893316645,1.520843756245551,0.5207047942280769,0.10659225766170118,0.015074421642914525,70.05251644134522,15.511641943603225,2.1936774411319035,0.5219277340173721,0.10073759558127279,0.014246447391189195,70.17760276794434,13.986256220960085,1.9779553234506824,0.5291798877716064,0.09882688208877698,0.01397623169769951,71.7502555847168,14.39643893056475,2.0359639185480685,overwrite
nonstationary,transition_resample,optimal,50,111.75272140502929,7.013937089134309,0.9919204957085408,1.0,0.0,0.0,0.0,0.0,0.0,0.7476444089412689,0.05865873886789663,0.008295598405868122,100.00000091552734,3.3202135820067952e-06,4.695491077649364e-07,0.7466840040683747,0.05772659712520799,0.008163773656411685,100.00000061035156,4.315837287515549e-06,6.103515625e-07,0.7422201311588288,0.06510176116839418,0.009206779357871717,100.00000061035156,3.3910150116193595e-06,4.795619419642856e-07,overwrite
nonstationary,transition_resample,epsgreedy,50,80.91685775756837,8.110280930389273,1.1469669286412392,0.31679999999999997,0.13728986829518022,0.019415719371945986,30.835502672195435,9.269604808229268,1.3109200837636683,0.5419934266805648,0.0954276814565218,0.013495512134163265,73.08197456359864,14.913443580665893,2.1090794173463676,0.5418910557031631,0.0850910030461337,0.012033685054377262,72.86282272338867,11.700235194438902,1.65466312949305,0.5470161455869674,0.07826204323548372,0.011067924296265061,74.24740379333497,12.186839942425133,1.7234794329047771,overwrite
nonstationary,transition_resample,greedy,50,77.976743850708,10.440531733371168,1.4765141575720184,0.28573333333333334,0.15296323272895818,0.021632267826972473,33.532988719940185,11.332022958776244,1.6025900557424653,0.5173769921064377,0.08938062720165618,0.012640329520199575,69.66916961669922,13.331920943712305,1.8854183411083854,0.5259567856788635,0.09494804645189295,0.013427681501309763,70.94867431640625,14.462253236215643,2.0452714669130345,0.5068540316820145,0.1037008223403771,0.014665510938300413,68.47609672546386,13.923311411749381,1.969053583164006,overwrite
nonstationary,transition_resample,random,50,76.9449105834961,5.436630534399277,0.7688556635359145,0.25653333333333334,0.03576795966749446,0.005058353366018452,35.268376207351686,5.485357936704562,0.775746758855849,0.5064195680618286,0.06932778970225466,0.009804430044627834,67.95104484558105,9.576246078720022,1.3542857081148023,0.5053022891283036,0.07107285631480664,0.010051219731699382,67.91424758911133,9.950926435169025,1.407273512279299,0.514973104596138,0.07076913818784901,0.010008267502271179,69.5603394317627,8.866553736196156,1.253920054523844,overwrite
nonstationary,transition_resample,optimal_frozen,50,111.1673713684082,7.4089878329465355,1.0477891076810237,0.9176000000000001,0.08525549170706338,0.012056947263891596,0.5375068759918213,0.7221431548373322,0.1021264643545849,0.7476444089412689,0.05865873886789663,0.008295598405868122,100.00000091552734,3.3202135820067952e-06,4.695491077649364e-07,0.7398684024810791,0.06442751419621687,0.0091114264366275,99.0652116394043,3.4529948046416563,0.4883272083528066,0.7384597146511078,0.06687680761343619,0.009457808833513772,99.58449234008789,4.7113908359789685,0.6662912817881771,overwrite
nonstationary,full_resample,tf_legacy,50,75.9253190612793,10.224534259931836,1.4459675019343958,0.2808,0.12548059086889596,0.01774563534213822,35.911459827423094,10.649477789745477,1.5060635922449106,0.5088029643893242,0.105031156601715,0.014853648613787778,68.34967018127442,14.717039183729435,2.081303641160643,0.4800912892818451,0.10365191927353229,0.014658595000263057,64.71130859375,14.0934662071473,1.9931171050994614,0.5183331614732742,0.10408612006166733,0.014720000264600422,69.94914016723632,14.951387072886522,2.114445437476589,overwrite
nonstationary,full_resample,tf_self,50,75.73397903442383,9.863308756611561,1.3948825013473378,0.2636,0.13188471568492127,0.01865131535913353,36.08577070236206,9.44197378754735,1.3352967385920724,0.5207047942280769,0.10659225766170118,0.015074421642914525,70.05251644134522,15.511641943603225,2.1936774411319035,0.5058880457282067,0.12412113275174846,0.017553378931463404,67.99858680725097,16.24218145834989,2.296991330092323,0.48212291181087497,0.11981383372311423,0.016944234861114304,64.95276115417481,16.171234802072664,2.2869579577410954,overwrite
nonstationary,full_resample,optimal,50,111.74441711425781,5.694540045387955,0.8053295763664345,1.0,0.0,0.0,0.0,0.0,0.0,0.7476444089412689,0.05865873886789663,0.008295598405868122,100.00000091552734,3.3202135820067952e-06,4.695491077649364e-07,0.7443497169017792,0.06141494812926181,0.008685385257684218,100.00000015258789,3.2661054477738945e-06,4.618970620382492e-07,0.7454500770568848,0.0645803857951663,0.009133045745481095,99.99999969482423,2.651874010488551e-06,3.75031619133764e-07,overwrite
nonstationary,full_resample,epsgreedy,50,77.75407051086425,7.654448877033252,1.0825025414391931,0.29519999999999996,0.10401499979044318,0.014709942339387938,33.84748875617981,7.427393884750714,1.0503921164901449,0.5419934266805648,0.0954276814565218,0.013495512134163265,73.08197456359864,14.913443580665893,2.1090794173463676,0.5002977114915848,0.10704202749602754,0.01513802870287959,67.4658528137207,14.838067861025099,2.0984196808474036,0.4986315929889679,0.10931452100339285,0.015459407816731672,67.03800048828126,14.187837368704956,2.0064632027566356,overwrite
nonstationary,full_resample,greedy,50,75.2090640258789,9.871939260769672,1.3961030389503897,0.2656,0.1182361678304061,0.016721119210878172,36.62539525985718,9.714523212728784,1.3738410479429297,0.5173769921064377,0.08938062720165618,0.012640329520199575,69.66916961669922,13.331920943712305,1.8854183411083854,0.5012296387553214,0.1139226441346343,0.016111094839660355,67.4520708847046,14.790553797197942,2.0917001775006208,0.4973834550380707,0.09988962565019611,0.014126526333487873,66.6686619567871,11.942452298246979,1.6889178008174615,overwrite
nonstationary,full_resample,random,50,75.60272537231445,4.809850545462028,0.6802155874380029,0.25706666666666667,0.04362611712309607,0.006169664650915957,36.426726751327514,4.405652108144677,0.623053296243582,0.5064195680618286,0.06932778970225466,0.009804430044627834,67.95104484558105,9.576246078720022,1.3542857081148023,0.5042889928817749,0.08533563109104114,0.012068280684261754,68.2539892578125,12.876543389949216,1.821018229855181,0.5066970497369766,0.07176938769592717,0.010149724144279294,68.23858345031738,9.776650189211082,1.3826271292159797,overwrite
nonstationary,full_resample,optimal_frozen,50,85.66734130859375,8.753950159153272,1.2379955039412671,0.47759999999999997,0.11866804248992237,0.016782195510951493,26.059554147720338,9.34005797173381,1.3208836656976894,0.7476444089412689,0.05865873886789663,0.008295598405868122,100.00000091552734,3.3202135820067952e-06,4.695491077649364e-07,0.4884517136216164,0.10744998741813033,0.015195722948353833,65.98154342651367,15.07365326943293,2.1317364888141594,0.486463822722435,0.10540662991742984,0.01490674855932709,65.70152397155762,14.807376241677153,2.094079230414098,overwrite
nonstationary,contrast_permute,tf_legacy,50,47.70399620056153,13.566596080502196,1.9186064172283879,0.2821333333333333,0.09520418443899342,0.013463904882829406,102.29599477767944,13.566594275580137,1.9186061619738624,0.3768000000715256,0.22559618422044428,0.03190411833441715,37.679999351501465,22.55961815414147,3.1904117955545157,0.2665999926626682,0.17489774897839214,0.024734276863376727,26.659998722076416,17.489774379048008,2.473427612969517,0.2969999957084656,0.19853288529381666,0.02807678989595775,29.699999294281007,19.853288565004384,2.807678994633588,overwrite
nonstationary,contrast_permute,tf_self,50,41.813996906280515,15.94471303051045,2.254922941589489,0.24080000000000001,0.11189272478320667,0.015824020891929098,108.18599464416504,15.94471106828827,2.254922664089367,0.3102999922633171,0.18688207368571336,0.026429116317074394,31.02999870300293,18.688207122378333,2.642911596890491,0.27989999547600747,0.19954154025875842,0.02821943524907531,27.989999084472657,19.954153661703018,2.821943473405716,0.27799999244511125,0.18409181446797132,0.02603451407424766,27.799998893737794,18.409181093510483,2.6034513574624887,overwrite
nonstationary,contrast_permute,optimal,50,150.0,0.0,0.0,1.0,0.0,0.0,0.0,0.0,0.0,1.0,0.0,0.0,100.0,0.0,0.0,1.0,0.0,0.0,100.0,0.0,0.0,1.0,0.0,0.0,100.0,0.0,0.0,overwrite
nonstationary,contrast_permute,epsgreedy,50,54.58199642181396,13.499526994882599,1.9091214161784682,0.3304000000000001,0.09473352051569207,0.013397342952464157,95.41799591064454,13.499524866304123,1.9091211151520133,0.44519999489188194,0.19793825613753,0.027992696634217443,44.519998741149905,19.793825300475973,2.7992696191176822,0.31789999805390834,0.21172299198292474,0.029942152672846223,31.789999256134035,21.172298542949424,2.9942151746051193,0.41289999715983866,0.1916312681884655,0.027100753844688373,41.289999122619626,19.16312691617918,2.71007539823375,overwrite
nonstationary,contrast_permute,greedy,50,46.4309975528717,19.818458868161244,2.802753331668697,0.2732,0.13907690493941957,0.019668444517820086,103.5689962387085,19.818460892685977,2.8027536179797305,0.30649999633431435,0.1996891766096564,0.02824031418204923,30.649999198913573,19.968917241495337,2.8240313588828636,0.2855999950319529,0.19501344968462966,0.027579066538916643,28.559999103546144,19.501344472726867,2.757906583783993,0.3235999947786331,0.23944246375420736,0.033862277964922825,32.359999141693116,23.944246330614217,3.386227790155684,overwrite
nonstationary,contrast_permute,random,50,43.82799430847168,4.683854149506011,0.6623970062408899,0.25493333333333335,0.032869148945187984,0.004648399622194615,106.17199291229248,4.6838496422745735,0.6623963688221071,0.2874999899417162,0.12475383754200924,0.017642856900999922,28.749998245239258,12.475383243459897,1.7642856178703037,0.30269999101758005,0.1267458098155324,0.017924564321508688,30.26999839782715,12.67458056099206,1.7924563726745362,0.29129998713731764,0.11388684982153413,0.016106032759356147,29.12999822616577,11.38868442596042,1.6106031972780472,overwrite
nonstationary,contrast_permute,optimal_frozen,50,73.98100296020507,20.91804527945908,2.9582583332545527,0.46653333333333324,0.14679332811520532,0.020759711548640713,76.01899715423583,20.91804974839469,2.958258965257488,1.0,0.0,0.0,100.0,0.0,0.0,0.24379999421536921,0.21795562175909633,0.030823579628717446,24.37999881744385,21.795561519400348,3.082357870027311,0.23239999383687973,0.22451589346502013,0.03175134215065444,23.23999900817871,22.451589148751392,3.175134187099283,overwrite
