block,condition,agent,n_mdps,return_mean,return_sd,return_sem,pct_opt_mean,pct_opt_sd,pct_opt_sem,opt_frac_mean,opt_frac_sd,opt_frac_sem,gap_regret_mean,gap_regret_sd,gap_regret_sem,return_regret_mean,return_regret_sd,return_regret_sem,n_states,n_actions,agreement_mean,agreement_sd,agreement_sem,tf_pred_true_opt_mean,tf_pred_true_opt_sd,tf_pred_true_opt_sem,teacher_true_opt_mean,teacher_true_opt_sd,teacher_true_opt_sem,model
size_sweep,2x2,tf_legacy,50,115.7350019645691,69.18081422522646,9.783644573332879,57.867500705718996,34.59040702250487,4.891822273923194,0.5565,0.36410955124264793,0.05149286655569341,84.26500484466553,69.18081782158443,9.7836450819347,84.26499801635742,69.18081435102806,9.783644591123913,2,2,0.9840000000000001,0.014568627181693683,0.0020603150145508528,0.42840000000000006,0.33738707861494416,0.047713738234669165,0.43000000000000005,0.3375844565529083,0.04774165169034738,overwrite
size_sweep,2x2,tf_self,50,108.00200281143188,70.43907720757986,9.961589830800499,54.00100109100342,35.21953847704367,4.980794897475622,0.5158,0.37073198416326675,0.05242942000091793,91.99800682067871,70.43908548518775,9.961591001431033,91.99799758911132,70.43907781980273,9.961589917381888,2,2,0.9840000000000001,0.014568627181693683,0.0020603150145508528,0.42840000000000006,0.33738707861494416,0.047713738234669165,0.43000000000000005,0.3375844565529083,0.04774165169034738,overwrite
size_sweep,2x2,optimal,50,200.0,0.0,0.0,100.0,0.0,0.0,1.0,0.0,0.0,0.0,0.0,0.0,0.0,0.0,0.0,2,2,0.9840000000000001,0.014568627181693683,0.0020603150145508528,0.42840000000000006,0.33738707861494416,0.047713738234669165,0.43000000000000005,0.3375844565529083,0.04774165169034738,overwrite
size_sweep,2x2,random,50,103.9740054321289,6.866230866214633,0.9710316813385498,51.98700218200683,3.4331155347891755,0.4855158550492613,0.4946,0.03613805727586182,0.005110693071733949,96.026003074646,6.866226949092314,0.9710311273737989,96.0259945678711,6.866230866214633,0.9710316813385498,2,2,0.9840000000000001,0.014568627181693683,0.0020603150145508528,0.42840000000000006,0.33738707861494416,0.047713738234669165,0.43000000000000005,0.3375844565529083,0.04774165169034738,overwrite
size_sweep,2x3,tf_legacy,50,84.65100177764893,71.36199728880588,10.092110440386131,42.32550077438354,35.68099858623072,5.046055211966271,0.3928999999999999,0.37558945509094127,0.05311637012739296,115.34901317596436,71.36201095451042,10.092112373008602,115.34899826049805,71.36199747047365,10.092110466077834,2,3,0.9791999999999998,0.013376799897965298,0.0018917651836853557,0.36920000000000003,0.3426954380573312,0.04846445362640667,0.37160000000000004,0.3440239668917245,0.04865233597596694,overwrite
size_sweep,2x3,tf_self,50,67.13300113677978,68.9548804635803,9.751692714341083,33.566500453948976,34.4774402175358,4.875846355154672,0.3007,0.36292042474057257,0.05132469867303219,132.86701736450195,68.95488810852126,9.751693795499001,132.86699951171875,68.95488110732155,9.751692805379845,2,3,0.9791999999999998,0.013376799897965298,0.0018917651836853557,0.36920000000000003,0.3426954380573312,0.04846445362640667,0.37160000000000004,0.3440239668917245,0.04865233597596694,overwrite
size_sweep,2x3,optimal,50,200.0,0.0,0.0,100.0,0.0,0.0,1.0,0.0,0.0,0.0,0.0,0.0,0.0,0.0,0.0,2,3,0.9791999999999998,0.013376799897965298,0.0018917651836853557,0.36920000000000003,0.3426954380573312,0.04846445362640667,0.37160000000000004,0.3440239668917245,0.04865233597596694,overwrite
size_sweep,2x3,random,50,72.07300025939941,6.413445173596932,0.9069981146037049,36.036500129699704,3.206722586798466,0.45349905730185247,0.32669999999999993,0.03375496939983316,0.004773673552273287,127.92700706481934,6.413440813469668,0.906997497988594,127.9270004272461,6.413445877727903,0.9069982141828619,2,3,0.9791999999999998,0.013376799897965298,0.0018917651836853557,0.36920000000000003,0.3426954380573312,0.04846445362640667,0.37160000000000004,0.3440239668917245,0.04865233597596694,overwrite
size_sweep,2x4,tf_legacy,50,53.41500171661377,58.06930251894504,8.21223951798382,26.70750072479248,29.034651188754584,4.106119748990884,0.2285,0.3056279083580996,0.04322231330397459,146.5849917984009,58.06930871546037,8.212240394303423,146.58499893188477,58.069303230199964,8.212239618570456,2,4,0.9767999999999999,0.014205489022464072,0.002008959523571081,0.26520000000000005,0.35333536130851717,0.04996916600285027,0.2676,0.35888466682436104,0.05075395631507609,overwrite
size_sweep,2x4,tf_self,50,41.12200201034546,53.425446100624434,7.555499045133586,20.561000843048095,26.712722650227175,3.7777494659862234,0.1638,0.28118655293420486,0.03976578367164927,158.87799003601074,53.425449625522724,7.555499543629483,158.87799911499025,53.42544681003792,7.555499145459803,2,4,0.9767999999999999,0.014205489022464072,0.002008959523571081,0.26520000000000005,0.35333536130851717,0.04996916600285027,0.2676,0.35888466682436104,0.05075395631507609,overwrite
size_sweep,2x4,optimal,50,200.0,0.0,0.0,100.0,0.0,0.0,1.0,0.0,0.0,0.0,0.0,0.0,0.0,0.0,0.0,2,4,0.9767999999999999,0.014205489022464072,0.002008959523571081,0.26520000000000005,0.35333536130851717,0.04996916600285027,0.2676,0.35888466682436104,0.05075395631507609,overwrite
size_sweep,2x4,random,50,58.18399772644043,5.881425939577376,0.8317592329843249,29.09199893951416,2.940712916722575,0.4158796089874808,0.25360000000000005,0.030954871694656612,0.0043776799372102415,141.81599851608277,5.881429052495905,0.8317596732174851,141.81600189208984,5.88142555478781,0.8317591785668624,2,4,0.9767999999999999,0.014205489022464072,0.002008959523571081,0.26520000000000005,0.35333536130851717,0.04996916600285027,0.2676,0.35888466682436104,0.05075395631507609,overwrite
size_sweep,3x2,tf_legacy,50,117.27400318145752,56.8219511486354,8.035837395490164,58.63700168609619,28.41097545925786,4.017918681473163,0.5646,0.29906289011660736,0.042293879520540076,82.72599761962891,56.821944586601894,8.035836467478486,82.72599716186524,56.821951674006,8.035837469788788,3,2,0.9743999999999999,0.016182631152578637,0.002288569645085806,0.5792,0.2999580923110045,0.04242048022897833,0.5832,0.30203013770422427,0.04271351169867274,overwrite
size_sweep,3x2,tf_self,50,119.3450040435791,60.32687104192564,8.531507920302397,59.67250186920166,30.16343557392436,4.265753967641091,0.5755,0.3175098423671304,0.044902672526253934,80.65499235153199,60.326863925870555,8.531506913940236,80.65499649047851,60.32687183598092,8.53150803259877,3,2,0.9743999999999999,0.016182631152578637,0.002288569645085806,0.5792,0.2999580923110045,0.04242048022897833,0.5832,0.30203013770422427,0.04271351169867274,overwrite
size_sweep,3x2,optimal,50,200.0,0.0,0.0,100.0,0.0,0.0,1.0,0.0,0.0,0.0,0.0,0.0,0.0,0.0,0.0,3,2,0.9743999999999999,0.016182631152578637,0.002288569645085806,0.5792,0.2999580923110045,0.04242048022897833,0.5832,0.30203013770422427,0.04271351169867274,overwrite
size_sweep,3x2,random,50,105.13300521850586,7.064994589898393,0.9991411167126849,52.56650230407715,3.5324973531532766,0.49957056658764243,0.5007,0.03718418030972477,0.005258637209973937,94.86699535369873,7.064994896667754,0.9991411600964241,94.86699478149414,7.064994589898393,0.9991411167126849,3,2,0.9743999999999999,0.016182631152578637,0.002288569645085806,0.5792,0.2999580923110045,0.04242048022897833,0.5832,0.30203013770422427,0.04271351169867274,overwrite
size_sweep,3x3,tf_legacy,50,78.89400180816651,52.89454387585726,7.480418132477607,39.4470005607605,26.447271625201854,3.7402090220125586,0.3626,0.27839232337527864,0.039370619937787545,121.10599645614624,52.89453477891274,7.480416845975376,121.10599899291992,52.894544482630636,7.480418218288321,3,3,0.9603999999999999,0.022311340577548164,0.0031553000439493778,0.43799999999999994,0.3223953714156022,0.04559359067022559,0.44799999999999995,0.334615222216168,0.047321738543459176,overwrite
size_sweep,3x3,tf_self,50,74.22000072479248,59.02058147689739,8.346770678377457,37.110000419616696,29.510290731932592,4.173385338267212,0.338,0.31063463675356684,0.04393037162397341,125.78000337600707,59.02057993404456,8.346770460185116,125.77999954223633,59.02058199267149,8.346770751318928,3,3,0.9603999999999999,0.022311340577548164,0.0031553000439493778,0.43799999999999994,0.3223953714156022,0.04559359067022559,0.44799999999999995,0.334615222216168,0.047321738543459176,overwrite
size_sweep,3x3,optimal,50,200.0,0.0,0.0,100.0,0.0,0.0,1.0,0.0,0.0,0.0,0.0,0.0,0.0,0.0,0.0,3,3,0.9603999999999999,0.022311340577548164,0.0031553000439493778,0.43799999999999994,0.3223953714156022,0.04559359067022559,0.44799999999999995,0.334615222216168,0.047321738543459176,overwrite
size_sweep,3x3,random,50,73.32700096130371,7.134004599302777,1.0089006058366026,36.66350040435791,3.567002202823359,0.50445028922475,0.3333,0.03754738502810788,0.005310002113839466,126.67300271987915,7.134003641416212,1.0089004703709852,126.67299880981446,7.134003790882363,1.008900491508691,3,3,0.9603999999999999,0.022311340577548164,0.0031553000439493778,0.43799999999999994,0.3223953714156022,0.04559359067022559,0.44799999999999995,0.334615222216168,0.047321738543459176,overwrite
size_sweep,3x4,tf_legacy,50,52.959001007080076,40.21143111943408,5.68675512515352,26.479500484466552,20.105715550622,2.843377561290527,0.22610000000000002,0.21163910849580223,0.02993028975633144,147.04099306106568,40.21142035005767,5.686753602133702,147.0409992980957,40.21143127187025,5.686755146711249,3,4,0.9555999999999999,0.02434111328428441,0.003442353252989492,0.2212,0.24389392140428423,0.03449180914302964,0.2244,0.2488599310980425,0.03519410896900856,overwrite
size_sweep,3x4,tf_self,50,34.909000854492184,36.42824798315942,5.15173223512744,17.45450054168701,18.214124049786946,2.575866125795466,0.1311,0.1917276182291866,0.027114379798120675,165.09100204467774,36.42824773625212,5.151732200209474,165.09100067138672,36.42824839814242,5.151732293814899,3,4,0.9555999999999999,0.02434111328428441,0.003442353252989492,0.2212,0.24389392140428423,0.03449180914302964,0.2244,0.2488599310980425,0.03519410896900856,overwrite
size_sweep,3x4,optimal,50,200.0,0.0,0.0,100.0,0.0,0.0,1.0,0.0,0.0,0.0,0.0,0.0,0.0,0.0,0.0,3,4,0.9555999999999999,0.02434111328428441,0.003442353252989492,0.2212,0.24389392140428423,0.03449180914302964,0.2244,0.2488599310980425,0.03519410896900856,overwrite
size_sweep,3x4,random,50,56.34099792480469,5.635951926240781,0.7970439650972482,28.170499153137207,2.8179759375313465,0.39852197892978675,0.2439,0.02966290200068161,0.004194967830870795,143.65899879455566,5.635947775811551,0.7970433781379175,143.65900299072266,5.6359517078827945,0.7970439342167656,3,4,0.9555999999999999,0.02434111328428441,0.003442353252989492,0.2212,0.24389392140428423,0.03449180914302964,0.2244,0.2488599310980425,0.03519410896900856,overwrite
size_sweep,4x2,tf_legacy,50,104.96200298309326,44.720673701405055,6.324458326698883,52.481001415252685,22.360337103665604,3.1622291991238227,0.49979999999999997,0.23537195921280316,0.03328662169210732,95.03799346923829,44.72067584862776,6.324458630362029,95.03799667358399,44.7206733792145,6.324458281134258,4,2,0.956,0.02390457218668787,0.0033806170189140654,0.5640000000000001,0.2749396965421579,0.03888234476846628,0.5696,0.2773707457758386,0.03922614704817308,overwrite
size_sweep,4x2,tf_self,50,88.14700281143189,42.787172290571796,6.051019934892092,44.07350118637085,21.39358588168252,3.0255099301668986,0.41129999999999994,0.22519562923949352,0.031847471305763486,111.85299348831177,42.78717572064558,6.051020419977778,111.85299789428711,42.78717323936435,6.051020069071622,4,2,0.956,0.02390457218668787,0.0033806170189140654,0.5640000000000001,0.2749396965421579,0.03888234476846628,0.5696,0.2773707457758386,0.03922614704817308,overwrite
size_sweep,4x2,optimal,50,200.0,0.0,0.0,100.0,0.0,0.0,1.0,0.0,0.0,0.0,0.0,0.0,0.0,0.0,0.0,4,2,0.956,0.02390457218668787,0.0033806170189140654,0.5640000000000001,0.2749396965421579,0.03888234476846628,0.5696,0.2773707457758386,0.03922614704817308,overwrite
size_sweep,4x2,random,50,103.38500595092773,6.486660873376218,0.9173523781643553,51.69250282287598,3.243330603151819,0.4586762126237013,0.4915,0.03414031670166222,0.00482816989032034,96.61499221801758,6.486659511494306,0.9173521855651683,96.61499404907227,6.486660873376218,0.9173523781643553,4,2,0.956,0.02390457218668787,0.0033806170189140654,0.5640000000000001,0.2749396965421579,0.03888234476846628,0.5696,0.2773707457758386,0.03922614704817308,overwrite
size_sweep,4x3,tf_legacy,50,88.0900020980835,42.155401684021186,5.961674078882837,44.04500074386597,21.07770066621739,2.980837014580505,0.4109999999999999,0.22187052668672533,0.031377230793122865,111.9100011062622,42.15539292358836,5.961672839970546,111.90999755859374,42.15540132804884,5.961674028540745,4,3,0.9447999999999999,0.02901371948522537,0.004103159559089425,0.3872,0.2712257889129066,0.03835711891459748,0.3932,0.2724525047543861,0.0385306027326173,overwrite
size_sweep,4x3,tf_self,50,87.27300144195557,47.604816714199494,6.732337743150632,43.63650060653686,23.802408242926326,3.366168855428756,0.40669999999999995,0.2505516566559903,0.035433355091794856,112.72699815750121,47.604817605919,6.7323378692588145,112.72699829101562,47.60481664010877,6.7323377326726215,4,3,0.9447999999999999,0.02901371948522537,0.004103159559089425,0.3872,0.2712257889129066,0.03835711891459748,0.3932,0.2724525047543861,0.0385306027326173,overwrite
size_sweep,4x3,optimal,50,200.0,0.0,0.0,100.0,0.0,0.0,1.0,0.0,0.0,0.0,0.0,0.0,0.0,0.0,0.0,4,3,0.9447999999999999,0.02901371948522537,0.004103159559089425,0.3872,0.2712257889129066,0.03835711891459748,0.3932,0.2724525047543861,0.0385306027326173,overwrite
size_sweep,4x3,random,50,72.81400016784669,5.627284544287169,0.7958182121863415,36.40700008392334,2.8136422721435843,0.39790910609317076,0.3306,0.029617286733753776,0.004188516857956733,127.18600347518921,5.627294121956374,0.7958195666733101,127.18600006103516,5.627284785589936,0.7958182463117061,4,3,0.9447999999999999,0.02901371948522537,0.004103159559089425,0.3872,0.2712257889129066,0.03835711891459748,0.3932,0.2724525047543861,0.0385306027326173,overwrite
size_sweep,4x4,tf_legacy,50,67.30400085449219,39.26598900514583,5.553049419107007,33.65200037002563,19.63299444416487,2.7765247012933583,0.30160000000000003,0.20666308972107533,0.02922657443254725,132.69599849700927,39.26598696489445,5.55304913057189,132.6959991455078,39.26598882432762,5.55304939353545,4,4,0.9304000000000001,0.03288570187414435,0.004650740559857325,0.26559999999999995,0.23795180441528446,0.033651466899524536,0.2728,0.24534057960313044,0.0346963975075223,overwrite
size_sweep,4x4,tf_self,50,42.87000005722046,36.247149388131525,5.126121026205923,21.435000009536743,18.12357466376594,2.5630605088179195,0.17299999999999996,0.19077446883475702,0.02697958411806367,157.1300000190735,36.2471457814664,5.12612051614645,157.13,36.24715029957507,5.1261211551035055,4,4,0.9304000000000001,0.03288570187414435,0.004650740559857325,0.26559999999999995,0.23795180441528446,0.033651466899524536,0.2728,0.24534057960313044,0.0346963975075223,overwrite
size_sweep,4x4,optimal,50,200.0,0.0,0.0,100.0,0.0,0.0,1.0,0.0,0.0,0.0,0.0,0.0,0.0,0.0,0.0,4,4,0.9304000000000001,0.03288570187414435,0.004650740559857325,0.26559999999999995,0.23795180441528446,0.033651466899524536,0.2728,0.24534057960313044,0.0346963975075223,overwrite
size_sweep,4x4,random,50,56.3219979095459,4.951470821862317,0.7002437189972345,28.16099895477295,2.4757353287796935,0.3501218478806456,0.2438,0.026060369474411853,0.003685492795116705,143.67799654006959,4.951467580119108,0.7002432605455132,143.6780014038086,4.9514700624853205,0.7002436116051096,4,4,0.9304000000000001,0.03288570187414435,0.004650740559857325,0.26559999999999995,0.23795180441528446,0.033651466899524536,0.2728,0.24534057960313044,0.0346963975075223,overwrite
size_sweep,5x2,tf_legacy,50,115.46900466918946,36.17670035282594,5.116158028087398,57.73450210571289,18.088350057962465,2.5580789972922675,0.5550999999999999,0.1904036796506039,0.026927146608762612,84.53099475860596,36.17669373133854,5.116157091667669,84.53099533081054,36.17670039780201,5.116158034447974,5,2,0.9431999999999999,0.02721344205666435,0.00384856188353891,0.5468,0.21352665560313827,0.030197229228212715,0.5564,0.2107979010854729,0.029811325063485793,overwrite
size_sweep,5x2,tf_self,50,109.71200271606445,47.05860847799176,6.655092233598146,54.85600128173828,23.529304243647925,3.327546117456971,0.5247999999999999,0.24767687969347052,0.03502680023487554,90.28799827575683,47.05861028376906,6.655092488973621,90.28799743652344,47.05860871360964,6.655092266919546,5,2,0.9431999999999999,0.02721344205666435,0.00384856188353891,0.5468,0.21352665560313827,0.030197229228212715,0.5564,0.2107979010854729,0.029811325063485793,overwrite
size_sweep,5x2,optimal,50,200.0,0.0,0.0,100.0,0.0,0.0,1.0,0.0,0.0,0.0,0.0,0.0,0.0,0.0,0.0,5,2,0.9431999999999999,0.02721344205666435,0.00384856188353891,0.5468,0.21352665560313827,0.030197229228212715,0.5564,0.2107979010854729,0.029811325063485793,overwrite
size_sweep,5x2,random,50,107.35600494384765,6.175342967428578,0.8733253776842809,53.67800231933594,3.087671567070408,0.4366627006304758,0.5124,0.03250180528738021,0.004596449383902267,92.64400018692017,6.175339126389979,0.8733248344793928,92.64399505615235,6.175342967428578,0.8733253776842809,5,2,0.9431999999999999,0.02721344205666435,0.00384856188353891,0.5468,0.21352665560313827,0.030197229228212715,0.5564,0.2107979010854729,0.029811325063485793,overwrite
size_sweep,5x3,tf_legacy,50,87.97600240707398,41.21061905955963,5.82806163878204,43.98800119400025,20.605309544154917,2.914030821423966,0.41040000000000004,0.21689798222638576,0.030674006811591326,112.02399049758911,41.21061647763768,5.828061273643135,112.02399841308593,41.210619999702246,5.828061771738283,5,3,0.9272,0.02878775249785141,0.004071203001270141,0.3575999999999999,0.23150404413093867,0.032739615895419294,0.3664,0.2358290629646302,0.033351265924631855,overwrite
size_sweep,5x3,tf_self,50,70.95200099945069,44.603720824324064,6.307918692206234,35.476000480651855,22.301860352535954,3.153959337670716,0.3208,0.2347564087060701,0.03319956970461256,129.04798934936522,44.603712005626626,6.307917445054081,129.04799926757812,44.603721246415724,6.307918751899009,5,3,0.9272,0.02878775249785141,0.004071203001270141,0.3575999999999999,0.23150404413093867,0.032739615895419294,0.3664,0.2358290629646302,0.033351265924631855,overwrite
size_sweep,5x3,optimal,50,200.0,0.0,0.0,100.0,0.0,0.0,1.0,0.0,0.0,0.0,0.0,0.0,0.0,0.0,0.0,5,3,0.9272,0.02878775249785141,0.004071203001270141,0.3575999999999999,0.23150404413093867,0.032739615895419294,0.3664,0.2358290629646302,0.033351265924631855,overwrite
size_sweep,5x3,random,50,73.21300018310546,6.469488422835047,0.9149238269189048,36.60650009155273,3.2347442114175236,0.4574619134594524,0.33269999999999994,0.034049933321280874,0.004815387750085497,126.78699327468873,6.469483672320063,0.914923155094633,126.78699920654297,6.469487870446885,0.9149237487994217,5,3,0.9272,0.02878775249785141,0.004071203001270141,0.3575999999999999,0.23150404413093867,0.032739615895419294,0.3664,0.2358290629646302,0.033351265924631855,overwrite
size_sweep,5x4,tf_legacy,50,66.01200115203858,37.7622249895009,5.340385072553638,33.00600040435791,18.88111180664082,2.6701924389634217,0.2948,0.19874853355895922,0.028107287166084433,133.98800523757936,37.76223113960479,5.340385942309672,133.98799865722657,37.762224591136224,5.340385016216365,5,4,0.9155999999999999,0.036875964186633504,0.005215048867832164,0.26559999999999995,0.1737011273211923,0.024565049005712592,0.27320000000000005,0.17763112431815156,0.025120834511031122,overwrite
size_sweep,5x4,tf_self,50,50.24200050354004,38.68917124105835,5.471475068607982,25.121000061035158,19.34458542057528,2.7357375060262403,0.2118,0.2036272104025553,0.028797236261949348,149.75799612045287,38.68915609653436,5.47147292684886,149.75800048828125,38.68917182826542,5.471475151651603,5,4,0.9155999999999999,0.036875964186633504,0.005215048867832164,0.26559999999999995,0.1737011273211923,0.024565049005712592,0.27320000000000005,0.17763112431815156,0.025120834511031122,overwrite
size_sweep,5x4,optimal,50,200.0,0.0,0.0,100.0,0.0,0.0,1.0,0.0,0.0,0.0,0.0,0.0,0.0,0.0,0.0,5,4,0.9155999999999999,0.036875964186633504,0.005215048867832164,0.26559999999999995,0.1737011273211923,0.024565049005712592,0.27320000000000005,0.17763112431815156,0.025120834511031122,overwrite
size_sweep,5x4,random,50,57.993998489379884,5.553484900843961,0.7853813665207733,28.996999473571776,2.7767423097894413,0.3926906633719422,0.2526,0.02922886468223227,0.0041335856846380845,142.0060001564026,5.553479893854098,0.7853806584254761,142.00600158691407,5.553484561516783,0.7853813185326636,5,4,0.9155999999999999,0.036875964186633504,0.005215048867832164,0.26559999999999995,0.1737011273211923,0.024565049005712592,0.27320000000000005,0.17763112431815156,0.025120834511031122,overwrite
size_sweep,6x2,tf_legacy,50,114.42400382995605,40.83482274414458,5.774916014187059,57.21200183868408,20.417411348382302,2.887458003743259,0.5496,0.21492010855484064,0.030394293234495346,85.57599979400635,40.83481882833276,5.77491546040764,85.57599609375,40.83482258309627,5.774915991411389,6,2,0.9351999999999999,0.028156994273725512,0.0039820003177564196,0.5740000000000001,0.17857714276571723,0.025254621722911375,0.5820000000000001,0.18300217462742718,0.025880415730187702,overwrite
size_sweep,6x2,tf_self,50,106.53900455474853,42.89511789252392,6.066285748320014,53.269502086639406,21.447558932554834,3.033142872221527,0.5081,0.2257637604005658,0.031927817185083,93.46100708007812,42.89512279658662,6.066286441859212,93.46099517822266,42.89511734308309,6.066285670617347,6,2,0.9351999999999999,0.028156994273725512,0.0039820003177564196,0.5740000000000001,0.17857714276571723,0.025254621722911375,0.5820000000000001,0.18300217462742718,0.025880415730187702,overwrite
size_sweep,6x2,optimal,50,200.0,0.0,0.0,100.0,0.0,0.0,1.0,0.0,0.0,0.0,0.0,0.0,0.0,0.0,0.0,6,2,0.9351999999999999,0.028156994273725512,0.0039820003177564196,0.5740000000000001,0.17857714276571723,0.025254621722911375,0.5820000000000001,0.18300217462742718,0.025880415730187702,overwrite
size_sweep,6x2,random,50,105.13300613403321,5.921903826908576,0.8374836707083241,52.56650260925293,2.9609520987908273,0.41874186156470683,0.5006999999999999,0.031167912594689512,0.004407808470226911,94.86699916839599,5.921905169247658,0.8374838605437377,94.86699386596679,5.921903826908576,0.8374836707083241,6,2,0.9351999999999999,0.028156994273725512,0.0039820003177564196,0.5740000000000001,0.17857714276571723,0.025254621722911375,0.5820000000000001,0.18300217462742718,0.025880415730187702,overwrite
size_sweep,6x3,tf_legacy,50,87.3870022201538,34.105200377268446,4.823203692098503,43.693500957489015,17.052600113646193,2.4116018354443427,0.40730000000000005,0.17950103745934057,0.02538528016350404,112.61299621582032,34.10519120505811,4.823202394952078,112.61299713134765,34.10519957618897,4.823203578808758,6,3,0.9079999999999999,0.03129843185743806,0.004426266681379905,0.38280000000000003,0.19566777340947183,0.027671601887502072,0.39599999999999996,0.1989359449774767,0.028133791143065533,overwrite
size_sweep,6x3,tf_self,50,78.00100185394287,44.17582131119863,6.247404562726751,39.000500926971434,22.087910611233458,3.1237022750890953,0.3579,0.23250431200741378,0.03288107513511102,121.99900043487548,44.17582679818345,6.247405338703586,121.99899871826172,44.175821853382985,6.2474046394031975,6,3,0.9079999999999999,0.03129843185743806,0.004426266681379905,0.38280000000000003,0.19566777340947183,0.027671601887502072,0.39599999999999996,0.1989359449774767,0.028133791143065533,overwrite
size_sweep,6x3,optimal,50,200.0,0.0,0.0,100.0,0.0,0.0,1.0,0.0,0.0,0.0,0.0,0.0,0.0,0.0,0.0,6,3,0.9079999999999999,0.03129843185743806,0.004426266681379905,0.38280000000000003,0.19566777340947183,0.027671601887502072,0.39599999999999996,0.1989359449774767,0.028133791143065533,overwrite
size_sweep,6x3,random,50,73.55500053405761,6.568488943625951,0.9289246148373543,36.77750038146973,3.2842445241699925,0.46446231482307754,0.33449999999999996,0.03457098582951446,0.004889075702470744,126.44499685287475,6.568495926596477,0.9289256023785167,126.44499923706054,6.568488890706575,0.9289246073534244,6,3,0.9079999999999999,0.03129843185743806,0.004426266681379905,0.38280000000000003,0.19566777340947183,0.027671601887502072,0.39599999999999996,0.1989359449774767,0.028133791143065533,overwrite
size_sweep,6x4,tf_legacy,50,63.33300003051758,30.062483737272814,4.251477221987182,31.66649995803833,15.031241726820692,2.12573859093782,0.2807,0.15822358889126695,0.022376194529737468,136.6670032310486,30.06248094990038,4.2514768277931925,136.6669987487793,30.062483485746544,4.251477186415996,6,4,0.8856,0.03381582771545942,0.004782280217807471,0.28200000000000003,0.20058078936235268,0.02836640726677402,0.29600000000000004,0.203239077071757,0.028742345919906948,overwrite
size_sweep,6x4,tf_self,50,64.83400035858155,38.348853984590924,5.423346940647399,32.4170000076294,19.174426774116412,2.7116734394685222,0.28859999999999997,0.2018360619868693,0.028543929623780724,135.16601125717162,38.3488595709488,5.423347730677706,135.1659994506836,38.348853828762685,5.423346918609958,6,4,0.8856,0.03381582771545942,0.004782280217807471,0.28200000000000003,0.20058078936235268,0.02836640726677402,0.29600000000000004,0.203239077071757,0.028742345919906948,overwrite
size_sweep,6x4,optimal,50,200.0,0.0,0.0,100.0,0.0,0.0,1.0,0.0,0.0,0.0,0.0,0.0,0.0,0.0,0.0,6,4,0.8856,0.03381582771545942,0.004782280217807471,0.28200000000000003,0.20058078936235268,0.02836640726677402,0.29600000000000004,0.203239077071757,0.028742345919906948,overwrite
size_sweep,6x4,random,50,58.05099754333496,5.777318277182681,0.8170361861737712,29.025498847961426,2.888659156769516,0.40851809565766783,0.2529,0.030406933956797767,0.00430018983918864,141.9490078163147,5.77732616615931,0.8170373018435453,141.9490022277832,5.777318754169056,0.8170362536298312,6,4,0.8856,0.03381582771545942,0.004782280217807471,0.28200000000000003,0.20058078936235268,0.02836640726677402,0.29600000000000004,0.203239077071757,0.028742345919906948,overwrite
size_sweep,7x2,tf_legacy,50,118.71800483703613,34.28883333401744,4.849173313891813,59.35900218963623,17.144416467105046,2.4245866286752578,0.5722,0.18046753340211888,0.025521963330529605,81.28199974060058,34.28882467969216,4.849172089985395,81.28199508666992,34.28883311521908,4.849173282949052,7,2,0.9175999999999999,0.02875370428664941,0.0040663878570644995,0.5384,0.17653536386196833,0.024965870581206476,0.54,0.18101753213093894,0.025599744896688134,overwrite
size_sweep,7x2,tf_self,50,117.48300369262695,36.0780610934361,5.102208330246242,58.74150161743164,18.039030621377442,2.551104175681554,0.5657,0.18988452452230337,0.026853726986420797,82.51699907302856,36.07805575603036,5.102207575423084,82.51699645996094,36.0780614179031,5.102208376132806,7,2,0.9175999999999999,0.02875370428664941,0.0040663878570644995,0.5384,0.17653536386196833,0.024965870581206476,0.54,0.18101753213093894,0.025599744896688134,overwrite
size_sweep,7x2,optimal,50,200.0,0.0,0.0,100.0,0.0,0.0,1.0,0.0,0.0,0.0,0.0,0.0,0.0,0.0,0.0,7,2,0.9175999999999999,0.02875370428664941,0.0040663878570644995,0.5384,0.17653536386196833,0.024965870581206476,0.54,0.18101753213093894,0.025599744896688134,overwrite
size_sweep,7x2,random,50,106.52000503540039,6.863977373892812,0.9707129893981276,53.26000213623047,3.4319885576482676,0.4853564764135457,0.508,0.03612619604686227,0.005109015640642191,93.48000043869018,6.863982023841031,0.9707136470001111,93.47999496459961,6.863977373892812,0.9707129893981276,7,2,0.9175999999999999,0.02875370428664941,0.0040663878570644995,0.5384,0.17653536386196833,0.024965870581206476,0.54,0.18101753213093894,0.025599744896688134,overwrite
size_sweep,7x3,tf_legacy,50,92.80200374603271,27.70258256728146,3.917736797940991,46.401001377105715,13.851291166279415,1.9588683823730992,0.4357999999999999,0.1458030541938162,0.020619665667631425,107.19800102233887,27.702587139211847,3.917737444509587,107.1979965209961,27.702582789029435,3.9177368293008907,7,3,0.89,0.035742845723419445,0.005054801717986896,0.35719999999999996,0.16363273960118052,0.023141163959225452,0.3676,0.17123274529488947,0.024215967071841045,overwrite
size_sweep,7x3,tf_self,50,78.38100151062012,36.9075476021013,5.219515437282227,39.190500507354734,18.453773666660226,2.609757699635437,0.3599,0.19425023310468506,0.027471131415078075,121.61899795532227,36.907546429130555,5.219515271399112,121.61899826049805,36.90754728460614,5.21951539238163,7,3,0.89,0.035742845723419445,0.005054801717986896,0.35719999999999996,0.16363273960118052,0.023141163959225452,0.3676,0.17123274529488947,0.024215967071841045,overwrite
size_sweep,7x3,optimal,50,200.0,0.0,0.0,100.0,0.0,0.0,1.0,0.0,0.0,0.0,0.0,0.0,0.0,0.0,0.0,7,3,0.89,0.035742845723419445,0.005054801717986896,0.35719999999999996,0.16363273960118052,0.023141163959225452,0.3676,0.17123274529488947,0.024215967071841045,overwrite
size_sweep,7x3,random,50,72.20600028991699,5.907050514885555,0.8353830951774126,36.10300006866455,2.9535251257285493,0.4176915289615015,0.3274,0.031089731883234835,0.004396752047981393,127.79399856567383,5.907055445486226,0.8353837924696466,127.79399993896484,5.907050720721708,0.8353831242870405,7,3,0.89,0.035742845723419445,0.005054801717986896,0.35719999999999996,0.16363273960118052,0.023141163959225452,0.3676,0.17123274529488947,0.024215967071841045,overwrite
size_sweep,7x4,tf_legacy,50,63.085999946594235,24.86694838334157,3.516717565855336,31.542999858856202,12.433473853567653,1.7583587351126644,0.27940000000000004,0.13087866323353062,0.018509038057011994,136.91399459838868,24.866939607578004,3.51671632477495,136.91400024414062,24.866947980937283,3.5167175089467757,7,4,0.8556,0.04768775994927411,0.006744067687945594,0.30360000000000004,0.177542866338682,0.02510835294787577,0.30800000000000005,0.1898656882952703,0.026851063141647386,overwrite
size_sweep,7x4,tf_self,50,66.14500190734863,40.06043717687612,5.665401357013355,33.07250085830688,20.030218460821526,2.832700660458974,0.2955,0.21084439082616624,0.029817899705665767,133.854994392395,40.06043588022946,5.665401173639826,133.85499893188478,40.06043779091283,5.665401443851259,7,4,0.8556,0.04768775994927411,0.006744067687945594,0.30360000000000004,0.177542866338682,0.02510835294787577,0.30800000000000005,0.1898656882952703,0.026851063141647386,overwrite
size_sweep,7x4,optimal,50,200.0,0.0,0.0,100.0,0.0,0.0,1.0,0.0,0.0,0.0,0.0,0.0,0.0,0.0,0.0,7,4,0.8556,0.04768775994927411,0.006744067687945594,0.30360000000000004,0.177542866338682,0.02510835294787577,0.30800000000000005,0.1898656882952703,0.026851063141647386,overwrite
size_sweep,7x4,random,50,58.81099838256836,5.377061841797261,0.760431378238854,29.405499267578126,2.6885308193909525,0.3802156747640735,0.2569,0.028300320903928037,0.004002269764184584,141.18899509429932,5.3770628942238625,0.7604315270744513,141.18900268554688,5.377062795256367,0.7604315130783339,7,4,0.8556,0.04768775994927411,0.006744067687945594,0.30360000000000004,0.177542866338682,0.02510835294787577,0.30800000000000005,0.1898656882952703,0.026851063141647386,overwrite
size_sweep,8x2,tf_legacy,50,115.71600570678712,24.30463870757891,3.4371949688836185,57.8580029296875,12.152319377281326,1.7185974877640615,0.5564,0.1279191389997954,0.018090498126059975,84.28399774551391,24.30463151831683,3.437193952168425,84.28399444580079,24.304638995322748,3.4371950095767425,8,2,0.8740000000000001,0.051941882750565264,0.007345691504104252,0.51,0.15259657363687523,0.021580414400893363,0.5224,0.15208161074413504,0.021507587650190157,overwrite
size_sweep,8x2,tf_self,50,102.7390030670166,32.227438319153634,4.5576480351489455,51.36950122833252,16.11371909412658,2.278824008318411,0.48810000000000003,0.16961808841738354,0.023987620106366257,97.26099758148193,32.22744009258757,4.5576482859503775,97.26099655151367,32.22743761439298,4.5576479354807375,8,2,0.8740000000000001,0.051941882750565264,0.007345691504104252,0.51,0.15259657363687523,0.021580414400893363,0.5224,0.15208161074413504,0.021507587650190157,overwrite
size_sweep,8x2,optimal,50,200.0,0.0,0.0,100.0,0.0,0.0,1.0,0.0,0.0,0.0,0.0,0.0,0.0,0.0,0.0,8,2,0.8740000000000001,0.051941882750565264,0.007345691504104252,0.51,0.15259657363687523,0.021580414400893363,0.5224,0.15208161074413504,0.021507587650190157,overwrite
size_sweep,8x2,random,50,103.8600047302246,6.284026613448336,0.8886955663052106,51.93000183105469,3.142013419709472,0.4443477991311403,0.494,0.03307381972225779,0.004677344441069972,96.13999746322632,6.2840244008715365,0.888695253399599,96.1399952697754,6.284026613448336,0.8886955663052106,8,2,0.8740000000000001,0.051941882750565264,0.007345691504104252,0.51,0.15259657363687523,0.021580414400893363,0.5224,0.15208161074413504,0.021507587650190157,overwrite
size_sweep,8x3,tf_legacy,50,87.14000175476075,30.475038767227062,4.309821313845836,43.57000068664551,15.237519029293093,2.154910606814441,0.406,0.16039492078069337,0.022683267230381474,112.85999242782593,30.47503503655809,4.30982078624957,112.85999771118163,30.475038198372914,4.30982123339771,8,3,0.8324000000000001,0.0515696477729737,0.007293049528734288,0.3768,0.13274865001811753,0.01877349412423412,0.3676,0.1342486270974531,0.01898562291711864,overwrite
size_sweep,8x3,tf_self,50,72.32000087738037,27.869386939835916,3.941326498533956,36.160000286102296,13.93469337756743,1.9706632362066412,0.32800000000000007,0.14668096714451054,0.020743821307776914,127.67999252319336,27.869379558045615,3.9413254545911602,127.68,27.86938806608819,3.9413266578100803,8,3,0.8324000000000001,0.0515696477729737,0.007293049528734288,0.3768,0.13274865001811753,0.01877349412423412,0.3676,0.1342486270974531,0.01898562291711864,overwrite
size_sweep,8x3,optimal,50,200.0,0.0,0.0,100.0,0.0,0.0,1.0,0.0,0.0,0.0,0.0,0.0,0.0,0.0,0.0,8,3,0.8324000000000001,0.0515696477729737,0.007293049528734288,0.3768,0.13274865001811753,0.01877349412423412,0.3676,0.1342486270974531,0.01898562291711864,overwrite
size_sweep,8x3,random,50,73.6880014038086,6.45737777941486,0.9132111233015154,36.844000549316405,3.228688569930721,0.45660551642750186,0.33520000000000005,0.03398619167382241,0.0048063733198531215,126.31199243545532,6.457368579813751,0.9132098222814498,126.31199829101563,6.457377708862946,0.9132111133239682,8,3,0.8324000000000001,0.0515696477729737,0.007293049528734288,0.3768,0.13274865001811753,0.01877349412423412,0.3676,0.1342486270974531,0.01898562291711864,overwrite
size_sweep,8x4,tf_legacy,50,70.53400070190429,29.92064117194809,4.231417654026781,35.267000370025634,14.960320554631375,2.115708822580867,0.31860000000000005,0.15747704724233072,0.02227061759725727,129.4659951210022,29.92063447229731,4.23141670655308,129.4659992980957,29.920640670168993,4.2314175830645,8,4,0.7976000000000001,0.05262729950378628,0.007442624070932541,0.29399999999999993,0.147592931637622,0.020872792563233006,0.30400000000000005,0.16556643650800482,0.023414629998340434,overwrite
size_sweep,8x4,tf_self,50,66.79100067138671,29.69092108723216,4.198930328091304,33.395500335693356,14.845460548597964,2.099465164750197,0.2989,0.15626798671983136,0.02209963061839242,133.2089958381653,29.690911850369492,4.198929021801658,133.2089991760254,29.690920855425116,4.198930295308838,8,4,0.7976000000000001,0.05262729950378628,0.007442624070932541,0.29399999999999993,0.147592931637622,0.020872792563233006,0.30400000000000005,0.16556643650800482,0.023414629998340434,overwrite
size_sweep,8x4,optimal,50,200.0,0.0,0.0,100.0,0.0,0.0,1.0,0.0,0.0,0.0,0.0,0.0,0.0,0.0,0.0,8,4,0.7976000000000001,0.05262729950378628,0.007442624070932541,0.29399999999999993,0.147592931637622,0.020872792563233006,0.30400000000000005,0.16556643650800482,0.023414629998340434,overwrite
size_sweep,8x4,random,50,56.91099739074707,5.400985750065054,0.7638147297925822,28.455498809814454,2.700492757679247,0.3819073483000311,0.2469,0.028426238238785012,0.004020077164453844,143.08899839401246,5.400988776508272,0.7638151577962867,143.0890020751953,5.400985220676454,0.7638146549257285,8,4,0.7976000000000001,0.05262729950378628,0.007442624070932541,0.29399999999999993,0.147592931637622,0.020872792563233006,0.30400000000000005,0.16556643650800482,0.023414629998340434,overwrite
