checkpoint,data,alpha,group,rule,n,follow_teacher,follow_teacher_sem,follow_rule,follow_rule_sem,chance,clean_n,clean_follow_teacher,clean_follow_rule,acc_teacher,acc_q_g0.9,acc_q_g0.5,acc_q_g0
coconut_transformer_bootstrapcont-continuous.pt,bootstrap_dataset.pt:val,0.5,ALL,q_g0.5,6120,0.6836601307189543,0.005944582808631395,0.265359477124183,0.00564389636514387,0.36452886710239657,2727,0.49504950495049505,0.43454345434543457,0.900445237446204,0.900445237446204,0.8799830011332578,0.7934943844034753
coconut_transformer_bootstrapcont-continuous.pt,bootstrap_dataset.pt:val,0.5,ALL,q_g0,18274,0.8194155630951078,0.0028456104920731636,0.1368063915946153,0.0025420874800735145,0.37267429134289154,5403,0.6089209698315751,0.30501573200074034,0.900445237446204,0.900445237446204,0.8799830011332578,0.7934943844034753
coconut_transformer_bootstrapcont-continuous.pt,bootstrap_dataset.pt:val,0.5,ALL,most_tried,19521,0.7606167716817785,0.003054068528877059,0.19609651144920853,0.0028417499416264662,0.39402865290371053,7473,0.6194299478121237,0.31901512110263613,0.900445237446204,0.900445237446204,0.8799830011332578,0.7934943844034753
coconut_transformer_bootstrapcont-continuous.pt,bootstrap_dataset.pt:val,0.5,ALL,last_astar,24346,0.744763000082149,0.002794261539580858,0.20352419288589502,0.0025803612186217884,0.36110312440099673,0,nan,nan,0.900445237446204,0.900445237446204,0.8799830011332578,0.7934943844034753
coconut_transformer_bootstrapcont-continuous.pt,bootstrap_dataset.pt:val,0.5,task=goal,q_g0.5,2565,0.7489278752436647,0.008562006672271017,0.19220272904483432,0.007780137653501243,0.36760883690708257,835,0.5173652694610779,0.37964071856287424,0.8768232936198641,0.8768232936198641,0.8375946293386659,0.6011374008284771
coconut_transformer_bootstrapcont-continuous.pt,bootstrap_dataset.pt:val,0.5,task=goal,q_g0,9781,0.8894796033125447,0.003170279737257144,0.06921582660259687,0.0025664663268872086,0.38336230105987795,1971,0.7067478437341451,0.17858954845256214,0.8768232936198641,0.8768232936198641,0.8375946293386659,0.6011374008284771
coconut_transformer_bootstrapcont-continuous.pt,bootstrap_dataset.pt:val,0.5,task=goal,most_tried,8785,0.7783722253841776,0.004431337981293875,0.18656801365964712,0.00415631384585986,0.4080724720166951,3290,0.6562310030395136,0.2966565349544073,0.8768232936198641,0.8768232936198641,0.8375946293386659,0.6011374008284771
coconut_transformer_bootstrapcont-continuous.pt,bootstrap_dataset.pt:val,0.5,task=goal,last_astar,8254,0.71504724981827,0.004968457331126382,0.22910104191906955,0.004625727331471836,0.37399038849850574,0,nan,nan,0.8768232936198641,0.8768232936198641,0.8375946293386659,0.6011374008284771
coconut_transformer_bootstrapcont-continuous.pt,bootstrap_dataset.pt:val,0.5,task=orig,q_g0.5,1862,0.6493018259935553,0.011058601950391468,0.3163265306122449,0.010777110461759961,0.35535266738274257,1011,0.4856577645895153,0.4836795252225519,0.9245930508206714,0.9245930508206714,0.9105953536676225,0.86706102819986
coconut_transformer_bootstrapcont-continuous.pt,bootstrap_dataset.pt:val,0.5,task=orig,q_g0,4561,0.7614558210918658,0.006310688316194724,0.20280640210480158,0.00595377879946908,0.34983190820726445,1809,0.5610834715312327,0.39303482587064675,0.9245930508206714,0.9245930508206714,0.9105953536676225,0.86706102819986
coconut_transformer_bootstrapcont-continuous.pt,bootstrap_dataset.pt:val,0.5,task=orig,most_tried,3476,0.6867088607594937,0.007867205557113312,0.2807825086306099,0.007622110867272231,0.3516494054468738,1512,0.49074074074074076,0.4675925925925926,0.9245930508206714,0.9245930508206714,0.9105953536676225,0.86706102819986
coconut_transformer_bootstrapcont-continuous.pt,bootstrap_dataset.pt:val,0.5,task=orig,last_astar,8317,0.7869424071179512,0.004489899623487763,0.19778766382108934,0.004367781633219474,0.3437637770029257,0,nan,nan,0.9245930508206714,0.9245930508206714,0.9105953536676225,0.86706102819986
coconut_transformer_bootstrapcont-continuous.pt,bootstrap_dataset.pt:val,0.5,task=shifted,q_g0.5,1693,0.622563496751329,0.011781085215319193,0.3201417601890136,0.011338402449011215,0.3699547154951762,881,0.48467650397275824,0.4301929625425653,0.8950345232848538,0.8950345232848538,0.8831245394252026,0.8483658193137182
coconut_transformer_bootstrapcont-continuous.pt,bootstrap_dataset.pt:val,0.5,task=shifted,q_g0,3932,0.7123601220752798,0.007218842942348171,0.228382502543235,0.00669461633422659,0.37258392675483215,1623,0.5434380776340111,0.36044362292051757,0.8950345232848538,0.8950345232848538,0.8831245394252026,0.8483658193137182
coconut_transformer_bootstrapcont-continuous.pt,bootstrap_dataset.pt:val,0.5,task=shifted,most_tried,7260,0.7745179063360882,0.004904598380662709,0.16707988980716254,0.004378198558893875,0.39732552800734616,2671,0.646948708348933,0.26244852115312617,0.8950345232848538,0.8950345232848538,0.8831245394252026,0.8483658193137182
coconut_transformer_bootstrapcont-continuous.pt,bootstrap_dataset.pt:val,0.5,task=shifted,last_astar,7775,0.7311897106109325,0.005027913309252135,0.182508038585209,0.004380589374917311,0.36596998928188634,0,nan,nan,0.8950345232848538,0.8950345232848538,0.8831245394252026,0.8483658193137182
coconut_transformer_bootstrapcont-discrete.pt,bootstrap_dataset.pt:val,0.5,ALL,q_g0.5,6120,0.519281045751634,0.006386621040336065,0.31258169934640523,0.00592538546469748,0.36452886710239657,2727,0.4638797213054639,0.3667033370003667,0.6014174906450573,0.6014174906450573,0.5928271448570095,0.5675196016105107
coconut_transformer_bootstrapcont-discrete.pt,bootstrap_dataset.pt:val,0.5,ALL,q_g0,18274,0.5477727919448396,0.0036818132993053916,0.2835175659406807,0.0033340794846308803,0.37267429134289154,5403,0.4478993151952619,0.35091615769017215,0.6014174906450573,0.6014174906450573,0.5928271448570095,0.5675196016105107
coconut_transformer_bootstrapcont-discrete.pt,bootstrap_dataset.pt:val,0.5,ALL,most_tried,19521,0.5419804313303622,0.0035660119082145587,0.312637672250397,0.0033178938432932826,0.39402865290371053,7473,0.48735447611401045,0.3792319015121103,0.6014174906450573,0.6014174906450573,0.5928271448570095,0.5675196016105107
coconut_transformer_bootstrapcont-discrete.pt,bootstrap_dataset.pt:val,0.5,ALL,last_astar,24346,0.47174073769818453,0.00319934770942447,0.3351269202333032,0.0030252427122214012,0.36110312440099673,0,nan,nan,0.6014174906450573,0.6014174906450573,0.5928271448570095,0.5675196016105107
coconut_transformer_bootstrapcont-discrete.pt,bootstrap_dataset.pt:val,0.5,task=goal,q_g0.5,2565,0.5212475633528265,0.009863563227975379,0.30955165692007797,0.009128270005943531,0.36760883690708257,835,0.47305389221556887,0.3652694610778443,0.5734884756708607,0.5734884756708607,0.5630624196543351,0.5027732921435091
coconut_transformer_bootstrapcont-discrete.pt,bootstrap_dataset.pt:val,0.5,task=goal,q_g0,9781,0.5551579593088641,0.005024809113551812,0.2759431550966159,0.0045196469884390775,0.38336230105987795,1971,0.43277524099441905,0.3450025367833587,0.5734884756708607,0.5734884756708607,0.5630624196543351,0.5027732921435091
coconut_transformer_bootstrapcont-discrete.pt,bootstrap_dataset.pt:val,0.5,task=goal,most_tried,8785,0.543540125213432,0.005314301935818337,0.32646556630620377,0.005002967819518599,0.4080724720166951,3290,0.4884498480243161,0.4012158054711246,0.5734884756708607,0.5734884756708607,0.5630624196543351,0.5027732921435091
coconut_transformer_bootstrapcont-discrete.pt,bootstrap_dataset.pt:val,0.5,task=goal,last_astar,8254,0.4492367337048704,0.005475047377350432,0.37339471771262417,0.00532413278682854,0.37399038849850574,0,nan,nan,0.5734884756708607,0.5734884756708607,0.5630624196543351,0.5027732921435091
coconut_transformer_bootstrapcont-discrete.pt,bootstrap_dataset.pt:val,0.5,task=orig,q_g0.5,1862,0.5300751879699248,0.011566263654441135,0.2921589688506982,0.010538714515362028,0.35535266738274257,1011,0.4698318496538081,0.34421364985163205,0.6139570586774434,0.6139570586774434,0.6039554782922809,0.5879298277302386
coconut_transformer_bootstrapcont-discrete.pt,bootstrap_dataset.pt:val,0.5,task=orig,q_g0,4561,0.5347511510633634,0.007385645895427753,0.2819557114667836,0.006662481683853822,0.34983190820726445,1809,0.4588170259812051,0.3416252072968491,0.6139570586774434,0.6139570586774434,0.6039554782922809,0.5879298277302386
coconut_transformer_bootstrapcont-discrete.pt,bootstrap_dataset.pt:val,0.5,task=orig,most_tried,3476,0.5025891829689298,0.008480555437066628,0.310126582278481,0.007845386036431215,0.3516494054468738,1512,0.4576719576719577,0.3584656084656085,0.6139570586774434,0.6139570586774434,0.6039554782922809,0.5879298277302386
coconut_transformer_bootstrapcont-discrete.pt,bootstrap_dataset.pt:val,0.5,task=orig,last_astar,8317,0.48779608031742216,0.005480967806619216,0.3079235301190333,0.005061918280539355,0.3437637770029257,0,nan,nan,0.6139570586774434,0.6139570586774434,0.6039554782922809,0.5879298277302386
coconut_transformer_bootstrapcont-discrete.pt,bootstrap_dataset.pt:val,0.5,task=shifted,q_g0.5,1693,0.5044300059066745,0.012151348556237871,0.3396337861783816,0.011509842662884089,0.3699547154951762,881,0.44835414301929627,0.3938706015891033,0.6123843102688409,0.6123843102688409,0.6063129452223041,0.5907507596531535
coconut_transformer_bootstrapcont-discrete.pt,bootstrap_dataset.pt:val,0.5,task=shifted,q_g0,3932,0.5445066124109867,0.007942109359691968,0.3041709053916582,0.007336744119075483,0.37258392675483215,1623,0.4540973505853358,0.36845348120764015,0.6123843102688409,0.6123843102688409,0.6063129452223041,0.5907507596531535
coconut_transformer_bootstrapcont-discrete.pt,bootstrap_dataset.pt:val,0.5,task=shifted,most_tried,7260,0.5589531680440771,0.005827224553972472,0.29710743801652895,0.005363310317411412,0.39732552800734616,2671,0.502807937102209,0.3639086484462748,0.6123843102688409,0.6123843102688409,0.6063129452223041,0.5907507596531535
coconut_transformer_bootstrapcont-discrete.pt,bootstrap_dataset.pt:val,0.5,task=shifted,last_astar,7775,0.47845659163987136,0.0056652137775635315,0.32360128617363343,0.005305866361584811,0.36596998928188634,0,nan,nan,0.6123843102688409,0.6123843102688409,0.6063129452223041,0.5907507596531535
