block,condition,agent,seed,return,opt_frac,gap_regret,model
long_horizon,eval,tf_self,9999,539.7607421875,0.396,186.77644157409668,discrete
long_horizon,eval,tf_self,10000,586.2783203125,0.427,229.47989416122437,discrete
long_horizon,eval,tf_self,10001,539.6934814453125,0.302,198.45057201385498,discrete
long_horizon,eval,tf_self,10002,570.50537109375,0.397,198.66862773895264,discrete
long_horizon,eval,tf_self,10003,491.0188903808594,0.059,310.72556829452515,discrete
long_horizon,eval,tf_self,10004,436.2115783691406,0.282,304.93881130218506,discrete
long_horizon,eval,tf_self,10005,510.248291015625,0.346,273.4686031341553,discrete
long_horizon,eval,tf_self,10006,516.1599731445312,0.411,223.3721480369568,discrete
long_horizon,eval,tf_self,10007,572.7831420898438,0.43,209.98757600784302,discrete
long_horizon,eval,tf_self,10008,595.8748779296875,0.418,191.94819116592407,discrete
long_horizon,eval,tf_self,10009,506.48565673828125,0.284,265.13427209854126,discrete
long_horizon,eval,tf_self,10010,571.6978759765625,0.402,161.72364711761475,discrete
long_horizon,eval,tf_self,10011,510.7738952636719,0.093,265.48866415023804,discrete
long_horizon,eval,tf_self,10012,467.50689697265625,0.253,373.2123475074768,discrete
long_horizon,eval,tf_self,10013,610.4544677734375,0.106,181.7368712425232,discrete
long_horizon,eval,tf_self,10014,465.2047119140625,0.37,313.48776626586914,discrete
long_horizon,eval,tf_self,10015,488.262939453125,0.082,257.4285378456116,discrete
long_horizon,eval,tf_self,10016,480.72576904296875,0.507,212.69336414337158,discrete
long_horizon,eval,tf_self,10017,551.266357421875,0.361,185.4750394821167,discrete
long_horizon,eval,tf_self,10018,481.74517822265625,0.137,248.13945817947388,discrete
long_horizon,eval,tf_self,10019,680.337158203125,0.579,64.01065111160278,discrete
long_horizon,eval,tf_self,10020,586.7088623046875,0.383,111.11916017532349,discrete
long_horizon,eval,tf_self,10021,316.26837158203125,0.0,424.8401494026184,discrete
long_horizon,eval,tf_self,10022,546.31787109375,0.274,217.60997581481934,discrete
long_horizon,eval,tf_self,10023,535.2095947265625,0.42,174.64347410202026,discrete
long_horizon,eval,tf_self,10024,484.8542175292969,0.216,236.65271186828613,discrete
long_horizon,eval,tf_self,10025,451.0946350097656,0.161,252.48003959655762,discrete
long_horizon,eval,tf_self,10026,381.02264404296875,0.132,287.7242431640625,discrete
long_horizon,eval,tf_self,10027,523.8095092773438,0.394,179.951069355011,discrete
long_horizon,eval,tf_self,10028,549.3914794921875,0.321,226.62666606903076,discrete
long_horizon,eval,tf_self,10029,665.59814453125,0.567,55.9046573638916,discrete
long_horizon,eval,tf_self,10030,403.86138916015625,0.124,338.9888458251953,discrete
long_horizon,eval,tf_self,10031,544.6698608398438,0.268,190.7529034614563,discrete
long_horizon,eval,tf_self,10032,471.9315185546875,0.121,134.66466856002808,discrete
long_horizon,eval,tf_self,10033,615.407958984375,0.206,187.4946584701538,discrete
long_horizon,eval,tf_self,10034,496.2205810546875,0.442,245.31268453598022,discrete
long_horizon,eval,tf_self,10035,658.6256103515625,0.359,178.0040316581726,discrete
long_horizon,eval,tf_self,10036,468.6004638671875,0.338,297.8170123100281,discrete
long_horizon,eval,tf_self,10037,488.4150390625,0.266,202.46875190734863,discrete
long_horizon,eval,tf_self,10038,463.7025146484375,0.144,233.93198204040527,discrete
long_horizon,eval,tf_self,10039,520.2261962890625,0.199,220.9569215774536,discrete
long_horizon,eval,tf_self,10040,479.526123046875,0.2,286.2886881828308,discrete
long_horizon,eval,tf_self,10041,537.1260986328125,0.408,173.59635066986084,discrete
long_horizon,eval,tf_self,10042,642.4869384765625,0.431,127.98672819137573,discrete
long_horizon,eval,tf_self,10043,467.38079833984375,0.161,298.73891592025757,discrete
long_horizon,eval,tf_self,10044,447.46099853515625,0.175,276.8927221298218,discrete
long_horizon,eval,tf_self,10045,422.93414306640625,0.176,295.5859932899475,discrete
long_horizon,eval,tf_self,10046,330.93572998046875,0.231,435.6304793357849,discrete
long_horizon,eval,tf_self,10047,423.5531921386719,0.292,380.51872873306274,discrete
long_horizon,eval,tf_self,10048,655.7410888671875,0.44,132.8364772796631,discrete
long_horizon,eval,tf_self_eps0.05,9999,511.76690673828125,0.03,213.264545917511,discrete
long_horizon,eval,tf_self_eps0.05,10000,594.7125244140625,0.435,224.12471628189087,discrete
long_horizon,eval,tf_self_eps0.05,10001,553.8226318359375,0.34,177.8349151611328,discrete
long_horizon,eval,tf_self_eps0.05,10002,565.7894287109375,0.342,200.40835428237915,discrete
long_horizon,eval,tf_self_eps0.05,10003,484.73486328125,0.074,322.7189664840698,discrete
long_horizon,eval,tf_self_eps0.05,10004,561.1292724609375,0.443,184.34425687789917,discrete
long_horizon,eval,tf_self_eps0.05,10005,499.40777587890625,0.296,284.51262855529785,discrete
long_horizon,eval,tf_self_eps0.05,10006,499.773681640625,0.39,231.4933466911316,discrete
long_horizon,eval,tf_self_eps0.05,10007,571.1334228515625,0.441,203.72384929656982,discrete
long_horizon,eval,tf_self_eps0.05,10008,528.2047729492188,0.312,262.8466696739197,discrete
long_horizon,eval,tf_self_eps0.05,10009,583.3072509765625,0.469,178.44268608093262,discrete
long_horizon,eval,tf_self_eps0.05,10010,562.6311645507812,0.395,172.8918375968933,discrete
long_horizon,eval,tf_self_eps0.05,10011,505.5076599121094,0.135,270.78017568588257,discrete
long_horizon,eval,tf_self_eps0.05,10012,477.3086853027344,0.268,359.00578212738037,discrete
long_horizon,eval,tf_self_eps0.05,10013,608.7225341796875,0.113,184.6329526901245,discrete
long_horizon,eval,tf_self_eps0.05,10014,460.4974670410156,0.156,318.0511164665222,discrete
long_horizon,eval,tf_self_eps0.05,10015,492.56072998046875,0.089,254.10454416275024,discrete
long_horizon,eval,tf_self_eps0.05,10016,470.37957763671875,0.48,220.12378597259521,discrete
long_horizon,eval,tf_self_eps0.05,10017,534.6483154296875,0.318,201.1597385406494,discrete
long_horizon,eval,tf_self_eps0.05,10018,504.160400390625,0.245,225.99975967407227,discrete
long_horizon,eval,tf_self_eps0.05,10019,677.2662963867188,0.567,76.83143186569214,discrete
long_horizon,eval,tf_self_eps0.05,10020,574.7681274414062,0.353,124.43249273300171,discrete
long_horizon,eval,tf_self_eps0.05,10021,337.2091979980469,0.022,402.4588460922241,discrete
long_horizon,eval,tf_self_eps0.05,10022,515.361328125,0.251,248.41788387298584,discrete
long_horizon,eval,tf_self_eps0.05,10023,522.4730834960938,0.407,183.11424779891968,discrete
long_horizon,eval,tf_self_eps0.05,10024,470.099609375,0.175,251.86181688308716,discrete
long_horizon,eval,tf_self_eps0.05,10025,508.1636962890625,0.396,191.86097526550293,discrete
long_horizon,eval,tf_self_eps0.05,10026,385.1621398925781,0.144,286.6306691169739,discrete
long_horizon,eval,tf_self_eps0.05,10027,509.54083251953125,0.367,191.38400411605835,discrete
long_horizon,eval,tf_self_eps0.05,10028,549.61083984375,0.336,225.92234992980957,discrete
long_horizon,eval,tf_self_eps0.05,10029,640.7586669921875,0.473,75.770010471344,discrete
long_horizon,eval,tf_self_eps0.05,10030,560.0828247070312,0.425,181.99485158920288,discrete
long_horizon,eval,tf_self_eps0.05,10031,528.0821533203125,0.25,214.68697023391724,discrete
long_horizon,eval,tf_self_eps0.05,10032,463.628662109375,0.117,140.33824825286865,discrete
long_horizon,eval,tf_self_eps0.05,10033,606.702392578125,0.224,199.41405582427979,discrete
long_horizon,eval,tf_self_eps0.05,10034,503.75341796875,0.45,240.65774774551392,discrete
long_horizon,eval,tf_self_eps0.05,10035,654.6033935546875,0.346,182.90712308883667,discrete
long_horizon,eval,tf_self_eps0.05,10036,468.48687744140625,0.352,297.76437854766846,discrete
long_horizon,eval,tf_self_eps0.05,10037,474.9317321777344,0.243,217.45343494415283,discrete
long_horizon,eval,tf_self_eps0.05,10038,465.31536865234375,0.155,232.80929613113403,discrete
long_horizon,eval,tf_self_eps0.05,10039,512.0927734375,0.23,224.2447075843811,discrete
long_horizon,eval,tf_self_eps0.05,10040,469.58526611328125,0.19,292.8730888366699,discrete
long_horizon,eval,tf_self_eps0.05,10041,367.6703796386719,0.105,338.1058859825134,discrete
long_horizon,eval,tf_self_eps0.05,10042,608.4694213867188,0.389,163.42350482940674,discrete
long_horizon,eval,tf_self_eps0.05,10043,462.85528564453125,0.16,305.4121198654175,discrete
long_horizon,eval,tf_self_eps0.05,10044,465.0950622558594,0.17,261.26163387298584,discrete
long_horizon,eval,tf_self_eps0.05,10045,432.54437255859375,0.183,284.5362596511841,discrete
long_horizon,eval,tf_self_eps0.05,10046,452.3101501464844,0.365,311.2657356262207,discrete
long_horizon,eval,tf_self_eps0.05,10047,433.689697265625,0.296,369.3406162261963,discrete
long_horizon,eval,tf_self_eps0.05,10048,647.0364990234375,0.425,146.02123594284058,discrete
long_horizon,eval,tf_self_eps0.1,9999,517.1022338867188,0.042,214.43316984176636,discrete
long_horizon,eval,tf_self_eps0.1,10000,584.1591796875,0.416,233.67248249053955,discrete
long_horizon,eval,tf_self_eps0.1,10001,562.452880859375,0.367,170.37387895584106,discrete
long_horizon,eval,tf_self_eps0.1,10002,582.8753662109375,0.331,187.11195135116577,discrete
long_horizon,eval,tf_self_eps0.1,10003,493.916015625,0.095,312.77910709381104,discrete
long_horizon,eval,tf_self_eps0.1,10004,571.3629150390625,0.458,173.91784858703613,discrete
long_horizon,eval,tf_self_eps0.1,10005,483.2919921875,0.262,309.74060821533203,discrete
long_horizon,eval,tf_self_eps0.1,10006,518.021240234375,0.417,215.63393020629883,discrete
long_horizon,eval,tf_self_eps0.1,10007,568.5687255859375,0.401,207.70152950286865,discrete
long_horizon,eval,tf_self_eps0.1,10008,519.4129638671875,0.309,270.2296175956726,discrete
long_horizon,eval,tf_self_eps0.1,10009,580.5296630859375,0.447,182.28434085845947,discrete
long_horizon,eval,tf_self_eps0.1,10010,558.720703125,0.373,174.47613048553467,discrete
long_horizon,eval,tf_self_eps0.1,10011,503.5213623046875,0.126,273.2276802062988,discrete
long_horizon,eval,tf_self_eps0.1,10012,472.7055358886719,0.262,362.45905447006226,discrete
long_horizon,eval,tf_self_eps0.1,10013,607.8887329101562,0.126,187.5774326324463,discrete
long_horizon,eval,tf_self_eps0.1,10014,464.92828369140625,0.153,328.3187165260315,discrete
long_horizon,eval,tf_self_eps0.1,10015,493.701416015625,0.102,252.5781421661377,discrete
long_horizon,eval,tf_self_eps0.1,10016,460.947998046875,0.445,229.91153955459595,discrete
long_horizon,eval,tf_self_eps0.1,10017,539.5946044921875,0.323,200.4291648864746,discrete
long_horizon,eval,tf_self_eps0.1,10018,518.5778198242188,0.263,216.07685375213623,discrete
long_horizon,eval,tf_self_eps0.1,10019,660.4208374023438,0.54,89.10865879058838,discrete
long_horizon,eval,tf_self_eps0.1,10020,575.0852661132812,0.37,126.76492404937744,discrete
long_horizon,eval,tf_self_eps0.1,10021,387.9936828613281,0.286,351.37794733047485,discrete
long_horizon,eval,tf_self_eps0.1,10022,518.0632934570312,0.264,247.20322227478027,discrete
long_horizon,eval,tf_self_eps0.1,10023,529.640625,0.421,179.2859182357788,discrete
long_horizon,eval,tf_self_eps0.1,10024,477.2326354980469,0.209,236.14753580093384,discrete
long_horizon,eval,tf_self_eps0.1,10025,506.23187255859375,0.379,191.0366153717041,discrete
long_horizon,eval,tf_self_eps0.1,10026,385.39300537109375,0.139,286.49327993392944,discrete
long_horizon,eval,tf_self_eps0.1,10027,510.44476318359375,0.376,191.06909084320068,discrete
long_horizon,eval,tf_self_eps0.1,10028,539.6287841796875,0.314,229.26920795440674,discrete
long_horizon,eval,tf_self_eps0.1,10029,657.5978393554688,0.543,68.06865882873535,discrete
long_horizon,eval,tf_self_eps0.1,10030,431.7526550292969,0.139,312.7224974632263,discrete
long_horizon,eval,tf_self_eps0.1,10031,534.685302734375,0.28,208.25921440124512,discrete
long_horizon,eval,tf_self_eps0.1,10032,470.657958984375,0.136,133.99694776535034,discrete
long_horizon,eval,tf_self_eps0.1,10033,515.03173828125,0.346,290.1955351829529,discrete
long_horizon,eval,tf_self_eps0.1,10034,508.76361083984375,0.444,242.69375085830688,discrete
long_horizon,eval,tf_self_eps0.1,10035,653.5353393554688,0.342,185.03653192520142,discrete
long_horizon,eval,tf_self_eps0.1,10036,463.8829040527344,0.323,297.9211263656616,discrete
long_horizon,eval,tf_self_eps0.1,10037,488.0277099609375,0.254,204.33551120758057,discrete
long_horizon,eval,tf_self_eps0.1,10038,470.26910400390625,0.146,233.36737442016602,discrete
long_horizon,eval,tf_self_eps0.1,10039,509.43927001953125,0.228,226.23416185379028,discrete
long_horizon,eval,tf_self_eps0.1,10040,479.4052734375,0.196,291.15962648391724,discrete
long_horizon,eval,tf_self_eps0.1,10041,486.5198974609375,0.246,229.48884773254395,discrete
long_horizon,eval,tf_self_eps0.1,10042,526.1676635742188,0.079,248.72773027420044,discrete
long_horizon,eval,tf_self_eps0.1,10043,466.9893798828125,0.175,299.1214852333069,discrete
long_horizon,eval,tf_self_eps0.1,10044,461.8312072753906,0.182,263.4569616317749,discrete
long_horizon,eval,tf_self_eps0.1,10045,389.9840393066406,0.234,331.2718439102173,discrete
long_horizon,eval,tf_self_eps0.1,10046,459.130615234375,0.044,307.0263204574585,discrete
long_horizon,eval,tf_self_eps0.1,10047,430.041259765625,0.29,374.229305267334,discrete
long_horizon,eval,tf_self_eps0.1,10048,641.0667724609375,0.426,145.01069498062134,discrete
long_horizon,eval,tf_self_eps0.2,9999,521.07861328125,0.067,207.97399711608887,discrete
long_horizon,eval,tf_self_eps0.2,10000,582.092041015625,0.406,234.54557132720947,discrete
long_horizon,eval,tf_self_eps0.2,10001,517.730712890625,0.317,207.49597120285034,discrete
long_horizon,eval,tf_self_eps0.2,10002,561.458984375,0.342,211.15774059295654,discrete
long_horizon,eval,tf_self_eps0.2,10003,506.9637451171875,0.115,292.8078317642212,discrete
long_horizon,eval,tf_self_eps0.2,10004,554.2133178710938,0.435,190.44539165496826,discrete
long_horizon,eval,tf_self_eps0.2,10005,472.49395751953125,0.247,317.3090543746948,discrete
long_horizon,eval,tf_self_eps0.2,10006,519.1771240234375,0.399,219.1878147125244,discrete
long_horizon,eval,tf_self_eps0.2,10007,581.2637329101562,0.41,198.02461957931519,discrete
long_horizon,eval,tf_self_eps0.2,10008,521.7813110351562,0.314,267.24891662597656,discrete
long_horizon,eval,tf_self_eps0.2,10009,550.3051147460938,0.393,212.57315158843994,discrete
long_horizon,eval,tf_self_eps0.2,10010,539.34716796875,0.338,191.31934261322021,discrete
long_horizon,eval,tf_self_eps0.2,10011,500.56097412109375,0.142,269.30875635147095,discrete
long_horizon,eval,tf_self_eps0.2,10012,495.7430419921875,0.268,344.6782851219177,discrete
long_horizon,eval,tf_self_eps0.2,10013,602.285888671875,0.132,189.178364276886,discrete
long_horizon,eval,tf_self_eps0.2,10014,469.38873291015625,0.177,324.8988561630249,discrete
long_horizon,eval,tf_self_eps0.2,10015,488.9974365234375,0.14,252.00357389450073,discrete
long_horizon,eval,tf_self_eps0.2,10016,465.3262939453125,0.429,228.47123861312866,discrete
long_horizon,eval,tf_self_eps0.2,10017,534.97900390625,0.317,205.23534774780273,discrete
long_horizon,eval,tf_self_eps0.2,10018,490.1158142089844,0.166,244.62472772598267,discrete
long_horizon,eval,tf_self_eps0.2,10019,642.839111328125,0.518,112.41458940505981,discrete
long_horizon,eval,tf_self_eps0.2,10020,573.5399780273438,0.359,131.95052099227905,discrete
long_horizon,eval,tf_self_eps0.2,10021,398.0747985839844,0.294,338.7244429588318,discrete
long_horizon,eval,tf_self_eps0.2,10022,533.91015625,0.305,228.20309400558472,discrete
long_horizon,eval,tf_self_eps0.2,10023,526.889404296875,0.391,182.24057483673096,discrete
long_horizon,eval,tf_self_eps0.2,10024,478.59954833984375,0.18,246.6586503982544,discrete
long_horizon,eval,tf_self_eps0.2,10025,502.00927734375,0.357,197.5960373878479,discrete
long_horizon,eval,tf_self_eps0.2,10026,401.0404968261719,0.17,269.62595319747925,discrete
long_horizon,eval,tf_self_eps0.2,10027,504.5933837890625,0.351,198.96911096572876,discrete
long_horizon,eval,tf_self_eps0.2,10028,537.1507568359375,0.315,235.965407371521,discrete
long_horizon,eval,tf_self_eps0.2,10029,632.3486328125,0.5,91.35013818740845,discrete
long_horizon,eval,tf_self_eps0.2,10030,451.31805419921875,0.166,287.34225273132324,discrete
long_horizon,eval,tf_self_eps0.2,10031,543.0769653320312,0.286,203.72264003753662,discrete
long_horizon,eval,tf_self_eps0.2,10032,464.8670654296875,0.143,144.3248634338379,discrete
long_horizon,eval,tf_self_eps0.2,10033,600.221435546875,0.239,205.15512466430664,discrete
long_horizon,eval,tf_self_eps0.2,10034,509.0834655761719,0.412,239.69703817367554,discrete
long_horizon,eval,tf_self_eps0.2,10035,648.6829833984375,0.353,190.83710527420044,discrete
long_horizon,eval,tf_self_eps0.2,10036,473.57318115234375,0.321,292.2250852584839,discrete
long_horizon,eval,tf_self_eps0.2,10037,493.48785400390625,0.256,198.63374185562134,discrete
long_horizon,eval,tf_self_eps0.2,10038,470.06201171875,0.163,229.67200183868408,discrete
long_horizon,eval,tf_self_eps0.2,10039,519.5955810546875,0.223,221.8246579170227,discrete
long_horizon,eval,tf_self_eps0.2,10040,479.36248779296875,0.194,284.56919956207275,discrete
long_horizon,eval,tf_self_eps0.2,10041,510.863525390625,0.349,200.3608512878418,discrete
long_horizon,eval,tf_self_eps0.2,10042,540.0325317382812,0.148,229.1488709449768,discrete
long_horizon,eval,tf_self_eps0.2,10043,467.8226623535156,0.182,296.33775663375854,discrete
long_horizon,eval,tf_self_eps0.2,10044,578.3355712890625,0.46,143.14601230621338,discrete
long_horizon,eval,tf_self_eps0.2,10045,441.9251403808594,0.218,274.1766986846924,discrete
long_horizon,eval,tf_self_eps0.2,10046,533.7015380859375,0.155,235.4388279914856,discrete
long_horizon,eval,tf_self_eps0.2,10047,447.36383056640625,0.284,362.14417123794556,discrete
long_horizon,eval,tf_self_eps0.2,10048,624.24365234375,0.385,164.88599300384521,discrete
long_horizon,eval,tf_self_eps0.3,9999,526.511474609375,0.336,199.62884902954102,discrete
long_horizon,eval,tf_self_eps0.3,10000,584.4190673828125,0.375,230.8444962501526,discrete
long_horizon,eval,tf_self_eps0.3,10001,509.7958068847656,0.297,220.18827152252197,discrete
long_horizon,eval,tf_self_eps0.3,10002,556.149169921875,0.328,209.67981338500977,discrete
long_horizon,eval,tf_self_eps0.3,10003,512.4837646484375,0.135,288.6530513763428,discrete
long_horizon,eval,tf_self_eps0.3,10004,544.6688232421875,0.406,200.88895845413208,discrete
long_horizon,eval,tf_self_eps0.3,10005,550.754150390625,0.317,242.895902633667,discrete
long_horizon,eval,tf_self_eps0.3,10006,511.0013427734375,0.406,217.46870136260986,discrete
long_horizon,eval,tf_self_eps0.3,10007,579.479736328125,0.378,206.46568155288696,discrete
long_horizon,eval,tf_self_eps0.3,10008,527.3590087890625,0.322,263.13068437576294,discrete
long_horizon,eval,tf_self_eps0.3,10009,542.2742919921875,0.388,218.13301992416382,discrete
long_horizon,eval,tf_self_eps0.3,10010,527.2612915039062,0.308,196.76513004302979,discrete
long_horizon,eval,tf_self_eps0.3,10011,517.3406372070312,0.15,261.33898639678955,discrete
long_horizon,eval,tf_self_eps0.3,10012,504.7552185058594,0.286,333.84991455078125,discrete
long_horizon,eval,tf_self_eps0.3,10013,598.3464965820312,0.134,200.6038269996643,discrete
long_horizon,eval,tf_self_eps0.3,10014,473.659912109375,0.176,316.3831868171692,discrete
long_horizon,eval,tf_self_eps0.3,10015,501.4990234375,0.167,242.05827522277832,discrete
long_horizon,eval,tf_self_eps0.3,10016,468.5126953125,0.424,227.3757781982422,discrete
long_horizon,eval,tf_self_eps0.3,10017,533.4447021484375,0.335,203.50090646743774,discrete
long_horizon,eval,tf_self_eps0.3,10018,482.74212646484375,0.17,251.6413655281067,discrete
long_horizon,eval,tf_self_eps0.3,10019,628.319580078125,0.44,125.38757085800171,discrete
long_horizon,eval,tf_self_eps0.3,10020,559.295654296875,0.335,147.20535135269165,discrete
long_horizon,eval,tf_self_eps0.3,10021,407.27166748046875,0.293,332.7295513153076,discrete
long_horizon,eval,tf_self_eps0.3,10022,520.417724609375,0.277,238.63921117782593,discrete
long_horizon,eval,tf_self_eps0.3,10023,509.04833984375,0.362,198.31768131256104,discrete
long_horizon,eval,tf_self_eps0.3,10024,486.51300048828125,0.209,237.60537147521973,discrete
long_horizon,eval,tf_self_eps0.3,10025,484.4550476074219,0.195,214.63622522354126,discrete
long_horizon,eval,tf_self_eps0.3,10026,403.52410888671875,0.162,268.84964323043823,discrete
long_horizon,eval,tf_self_eps0.3,10027,491.94976806640625,0.317,210.62917518615723,discrete
long_horizon,eval,tf_self_eps0.3,10028,526.419921875,0.327,247.10713815689087,discrete
long_horizon,eval,tf_self_eps0.3,10029,602.2183837890625,0.441,107.2165207862854,discrete
long_horizon,eval,tf_self_eps0.3,10030,429.7679443359375,0.149,309.1876149177551,discrete
long_horizon,eval,tf_self_eps0.3,10031,515.8238525390625,0.287,227.95067358016968,discrete
long_horizon,eval,tf_self_eps0.3,10032,460.56378173828125,0.169,144.50838947296143,discrete
long_horizon,eval,tf_self_eps0.3,10033,580.3846435546875,0.219,226.0473985671997,discrete
long_horizon,eval,tf_self_eps0.3,10034,508.3321228027344,0.4,250.12771844863892,discrete
long_horizon,eval,tf_self_eps0.3,10035,510.850830078125,0.167,325.9677758216858,discrete
long_horizon,eval,tf_self_eps0.3,10036,461.8293151855469,0.276,314.4939389228821,discrete
long_horizon,eval,tf_self_eps0.3,10037,501.86376953125,0.261,185.7390913963318,discrete
long_horizon,eval,tf_self_eps0.3,10038,469.3811340332031,0.181,230.35559463500977,discrete
long_horizon,eval,tf_self_eps0.3,10039,518.0455932617188,0.244,219.15996074676514,discrete
long_horizon,eval,tf_self_eps0.3,10040,482.90533447265625,0.211,282.29827880859375,discrete
long_horizon,eval,tf_self_eps0.3,10041,391.78192138671875,0.115,316.0705041885376,discrete
long_horizon,eval,tf_self_eps0.3,10042,540.8929443359375,0.243,228.6256136894226,discrete
long_horizon,eval,tf_self_eps0.3,10043,472.18389892578125,0.175,295.3919668197632,discrete
long_horizon,eval,tf_self_eps0.3,10044,570.8980102539062,0.432,154.02035903930664,discrete
long_horizon,eval,tf_self_eps0.3,10045,407.9190673828125,0.252,312.3774929046631,discrete
long_horizon,eval,tf_self_eps0.3,10046,543.7280883789062,0.172,220.90831327438354,discrete
long_horizon,eval,tf_self_eps0.3,10047,458.0664367675781,0.284,343.5514612197876,discrete
long_horizon,eval,tf_self_eps0.3,10048,615.9825439453125,0.383,172.98764944076538,discrete
long_horizon,eval,optimal,9999,720.04638671875,1.0,0.0,discrete
long_horizon,eval,optimal,10000,809.16162109375,1.0,0.0,discrete
long_horizon,eval,optimal,10001,730.55615234375,1.0,0.0,discrete
long_horizon,eval,optimal,10002,771.5386962890625,1.0,0.0,discrete
long_horizon,eval,optimal,10003,804.2860107421875,1.0,0.0,discrete
long_horizon,eval,optimal,10004,747.3536376953125,1.0,0.0,discrete
long_horizon,eval,optimal,10005,788.2096557617188,1.0,0.0,discrete
long_horizon,eval,optimal,10006,743.7992553710938,1.0,0.0,discrete
long_horizon,eval,optimal,10007,780.064208984375,1.0,0.0,discrete
long_horizon,eval,optimal,10008,789.4412841796875,1.0,0.0,discrete
long_horizon,eval,optimal,10009,764.0264282226562,1.0,0.0,discrete
long_horizon,eval,optimal,10010,736.7028198242188,1.0,0.0,discrete
long_horizon,eval,optimal,10011,777.08935546875,1.0,0.0,discrete
long_horizon,eval,optimal,10012,830.0558471679688,1.0,0.0,discrete
long_horizon,eval,optimal,10013,784.14501953125,1.0,0.0,discrete
long_horizon,eval,optimal,10014,789.767578125,1.0,0.0,discrete
long_horizon,eval,optimal,10015,742.8001098632812,1.0,0.0,discrete
long_horizon,eval,optimal,10016,689.3787841796875,1.0,0.0,discrete
long_horizon,eval,optimal,10017,743.2963256835938,1.0,0.0,discrete
long_horizon,eval,optimal,10018,734.8409423828125,1.0,0.0,discrete
long_horizon,eval,optimal,10019,749.2127075195312,1.0,0.0,discrete
long_horizon,eval,optimal,10020,695.2578125,1.0,0.0,discrete
long_horizon,eval,optimal,10021,737.1583251953125,1.0,0.0,discrete
long_horizon,eval,optimal,10022,758.0572509765625,1.0,0.0,discrete
long_horizon,eval,optimal,10023,707.5208740234375,1.0,0.0,discrete
long_horizon,eval,optimal,10024,721.34521484375,1.0,0.0,discrete
long_horizon,eval,optimal,10025,705.8261108398438,1.0,0.0,discrete
long_horizon,eval,optimal,10026,673.3489990234375,1.0,0.0,discrete
long_horizon,eval,optimal,10027,701.906982421875,1.0,0.0,discrete
long_horizon,eval,optimal,10028,777.1934814453125,1.0,0.0,discrete
long_horizon,eval,optimal,10029,710.290283203125,1.0,0.0,discrete
long_horizon,eval,optimal,10030,757.3515625,1.0,0.0,discrete
long_horizon,eval,optimal,10031,744.5101318359375,1.0,0.0,discrete
long_horizon,eval,optimal,10032,608.35693359375,1.0,0.0,discrete
long_horizon,eval,optimal,10033,802.5164184570312,1.0,0.0,discrete
long_horizon,eval,optimal,10034,747.8082885742188,1.0,0.0,discrete
long_horizon,eval,optimal,10035,838.6690673828125,1.0,0.0,discrete
long_horizon,eval,optimal,10036,764.4212036132812,1.0,0.0,discrete
long_horizon,eval,optimal,10037,691.7464599609375,1.0,0.0,discrete
long_horizon,eval,optimal,10038,701.5033569335938,1.0,0.0,discrete
long_horizon,eval,optimal,10039,750.0586547851562,1.0,0.0,discrete
long_horizon,eval,optimal,10040,770.000732421875,1.0,0.0,discrete
long_horizon,eval,optimal,10041,710.4361572265625,1.0,0.0,discrete
long_horizon,eval,optimal,10042,776.7017822265625,1.0,0.0,discrete
long_horizon,eval,optimal,10043,768.8812255859375,1.0,0.0,discrete
long_horizon,eval,optimal,10044,726.7012939453125,1.0,0.0,discrete
long_horizon,eval,optimal,10045,716.3232421875,1.0,0.0,discrete
long_horizon,eval,optimal,10046,766.973388671875,1.0,0.0,discrete
long_horizon,eval,optimal,10047,807.9196166992188,1.0,0.0,discrete
long_horizon,eval,optimal,10048,789.1814575195312,1.0,0.0,discrete
long_horizon,eval,epsgreedy,9999,557.68359375,0.273,163.15784215927124,discrete
long_horizon,eval,epsgreedy,10000,638.5335693359375,0.412,177.56162452697754,discrete
long_horizon,eval,epsgreedy,10001,633.76611328125,0.625,95.55337715148926,discrete
long_horizon,eval,epsgreedy,10002,646.6515502929688,0.461,119.92520666122437,discrete
long_horizon,eval,epsgreedy,10003,599.279296875,0.18,199.30007696151733,discrete
long_horizon,eval,epsgreedy,10004,519.1249389648438,0.364,224.07146692276,discrete
long_horizon,eval,epsgreedy,10005,499.52130126953125,0.309,296.59968662261963,discrete
long_horizon,eval,epsgreedy,10006,628.1792602539062,0.449,112.73319244384766,discrete
long_horizon,eval,epsgreedy,10007,670.6819458007812,0.299,112.57904100418091,discrete
long_horizon,eval,epsgreedy,10008,594.3934326171875,0.407,198.1468005180359,discrete
long_horizon,eval,epsgreedy,10009,514.767822265625,0.274,248.1203589439392,discrete
long_horizon,eval,epsgreedy,10010,604.853271484375,0.635,125.47152423858643,discrete
long_horizon,eval,epsgreedy,10011,535.5587158203125,0.26,239.00540494918823,discrete
long_horizon,eval,epsgreedy,10012,627.434326171875,0.336,215.77655124664307,discrete
long_horizon,eval,epsgreedy,10013,547.3517456054688,0.044,242.796537399292,discrete
long_horizon,eval,epsgreedy,10014,562.621826171875,0.326,221.17371892929077,discrete
long_horizon,eval,epsgreedy,10015,528.804443359375,0.123,215.96330499649048,discrete
long_horizon,eval,epsgreedy,10016,474.7003479003906,0.148,219.8654842376709,discrete
long_horizon,eval,epsgreedy,10017,607.174072265625,0.546,132.8452115058899,discrete
long_horizon,eval,epsgreedy,10018,500.76812744140625,0.311,226.63793277740479,discrete
long_horizon,eval,epsgreedy,10019,504.0062255859375,0.27,248.43401288986206,discrete
long_horizon,eval,epsgreedy,10020,528.122802734375,0.242,166.99048471450806,discrete
long_horizon,eval,epsgreedy,10021,549.205810546875,0.601,187.1943006515503,discrete
long_horizon,eval,epsgreedy,10022,533.828857421875,0.229,226.15265941619873,discrete
long_horizon,eval,epsgreedy,10023,478.57000732421875,0.321,228.04139614105225,discrete
long_horizon,eval,epsgreedy,10024,599.510986328125,0.431,125.41244792938232,discrete
long_horizon,eval,epsgreedy,10025,523.3123779296875,0.337,182.25345182418823,discrete
long_horizon,eval,epsgreedy,10026,550.6397705078125,0.404,120.7719669342041,discrete
long_horizon,eval,epsgreedy,10027,508.0354309082031,0.41,189.58304643630981,discrete
long_horizon,eval,epsgreedy,10028,416.8385009765625,0.081,341.4869818687439,discrete
long_horizon,eval,epsgreedy,10029,524.140625,0.4,198.17573642730713,discrete
long_horizon,eval,epsgreedy,10030,548.013916015625,0.348,190.4436321258545,discrete
long_horizon,eval,epsgreedy,10031,579.3472900390625,0.354,165.852774143219,discrete
long_horizon,eval,epsgreedy,10032,490.0869140625,0.23,115.04105997085571,discrete
long_horizon,eval,epsgreedy,10033,672.6953125,0.636,131.4364447593689,discrete
long_horizon,eval,epsgreedy,10034,505.7452392578125,0.186,248.41819620132446,discrete
long_horizon,eval,epsgreedy,10035,559.833984375,0.113,277.3727889060974,discrete
long_horizon,eval,epsgreedy,10036,532.135498046875,0.296,229.48886632919312,discrete
long_horizon,eval,epsgreedy,10037,601.521240234375,0.349,87.6275806427002,discrete
long_horizon,eval,epsgreedy,10038,552.8341064453125,0.334,145.852192401886,discrete
long_horizon,eval,epsgreedy,10039,571.7550659179688,0.041,169.84141635894775,discrete
long_horizon,eval,epsgreedy,10040,548.553466796875,0.426,214.7032265663147,discrete
long_horizon,eval,epsgreedy,10041,532.3583984375,0.373,181.99759721755981,discrete
long_horizon,eval,epsgreedy,10042,617.1190795898438,0.301,156.09378147125244,discrete
long_horizon,eval,epsgreedy,10043,473.1868896484375,0.23,297.1255431175232,discrete
long_horizon,eval,epsgreedy,10044,509.15899658203125,0.156,215.57971239089966,discrete
long_horizon,eval,epsgreedy,10045,494.84967041015625,0.314,228.95602703094482,discrete
long_horizon,eval,epsgreedy,10046,581.8710327148438,0.421,186.93495845794678,discrete
long_horizon,eval,epsgreedy,10047,459.26776123046875,0.054,352.7394218444824,discrete
long_horizon,eval,epsgreedy,10048,544.62841796875,0.192,241.48910331726074,discrete
long_horizon,eval,greedy,9999,584.3319091796875,0.368,146.09205055236816,discrete
long_horizon,eval,greedy,10000,645.9443359375,0.413,176.4868049621582,discrete
long_horizon,eval,greedy,10001,463.09820556640625,0.368,273.1654019355774,discrete
long_horizon,eval,greedy,10002,648.2262573242188,0.233,117.36443996429443,discrete
long_horizon,eval,greedy,10003,625.9522705078125,0.347,177.77487230300903,discrete
long_horizon,eval,greedy,10004,490.509033203125,0.449,250.15327310562134,discrete
long_horizon,eval,greedy,10005,498.1354675292969,0.362,290.4597373008728,discrete
long_horizon,eval,greedy,10006,619.0904541015625,0.441,118.355477809906,discrete
long_horizon,eval,greedy,10007,552.0750122070312,0.342,229.47539472579956,discrete
long_horizon,eval,greedy,10008,603.64501953125,0.424,188.05416536331177,discrete
long_horizon,eval,greedy,10009,407.5198974609375,0.121,351.5147895812988,discrete
long_horizon,eval,greedy,10010,612.9019165039062,0.665,121.44354438781738,discrete
long_horizon,eval,greedy,10011,594.3954467773438,0.308,187.8908176422119,discrete
long_horizon,eval,greedy,10012,534.999267578125,0.309,302.07789373397827,discrete
long_horizon,eval,greedy,10013,560.5939331054688,0.147,236.7285280227661,discrete
long_horizon,eval,greedy,10014,472.33697509765625,0.363,309.9029178619385,discrete
long_horizon,eval,greedy,10015,540.0738525390625,0.197,207.78847074508667,discrete
long_horizon,eval,greedy,10016,412.6787414550781,0.132,280.15703439712524,discrete
long_horizon,eval,greedy,10017,503.4057922363281,0.319,233.5548267364502,discrete
long_horizon,eval,greedy,10018,430.46868896484375,0.2,294.01471996307373,discrete
long_horizon,eval,greedy,10019,513.63671875,0.335,238.52116346359253,discrete
long_horizon,eval,greedy,10020,564.7592163085938,0.44,129.98747396469116,discrete
long_horizon,eval,greedy,10021,557.7180786132812,0.662,179.6152629852295,discrete
long_horizon,eval,greedy,10022,459.02532958984375,0.092,299.8744788169861,discrete
long_horizon,eval,greedy,10023,430.572021484375,0.287,274.61420488357544,discrete
long_horizon,eval,greedy,10024,537.962646484375,0.353,185.41861963272095,discrete
long_horizon,eval,greedy,10025,522.688232421875,0.212,178.97651529312134,discrete
long_horizon,eval,greedy,10026,574.8132934570312,0.456,99.72259998321533,discrete
long_horizon,eval,greedy,10027,516.6402587890625,0.397,189.46476793289185,discrete
long_horizon,eval,greedy,10028,408.26092529296875,0.0,360.5858407020569,discrete
long_horizon,eval,greedy,10029,543.8218994140625,0.444,173.376615524292,discrete
long_horizon,eval,greedy,10030,493.09552001953125,0.0,251.1121563911438,discrete
long_horizon,eval,greedy,10031,553.0836181640625,0.501,186.33868408203125,discrete
long_horizon,eval,greedy,10032,460.5023193359375,0.219,140.1273899078369,discrete
long_horizon,eval,greedy,10033,557.2108154296875,0.226,244.1807942390442,discrete
long_horizon,eval,greedy,10034,492.42523193359375,0.18,260.99272108078003,discrete
long_horizon,eval,greedy,10035,507.0756530761719,0.076,330.57049465179443,discrete
long_horizon,eval,greedy,10036,546.07421875,0.318,221.50567245483398,discrete
long_horizon,eval,greedy,10037,583.1986083984375,0.355,115.57937812805176,discrete
long_horizon,eval,greedy,10038,576.5689697265625,0.365,120.54103565216064,discrete
long_horizon,eval,greedy,10039,522.5408935546875,0.089,214.66482162475586,discrete
long_horizon,eval,greedy,10040,557.9317626953125,0.433,208.83635902404785,discrete
long_horizon,eval,greedy,10041,527.1256103515625,0.389,189.99669361114502,discrete
long_horizon,eval,greedy,10042,608.5382690429688,0.193,163.20243453979492,discrete
long_horizon,eval,greedy,10043,586.01025390625,0.481,181.70719575881958,discrete
long_horizon,eval,greedy,10044,412.83489990234375,0.116,317.74321460723877,discrete
long_horizon,eval,greedy,10045,464.03875732421875,0.145,260.737783908844,discrete
long_horizon,eval,greedy,10046,450.0392150878906,0.274,321.0128092765808,discrete
long_horizon,eval,greedy,10047,376.64251708984375,0.0,432.8936200141907,discrete
long_horizon,eval,greedy,10048,388.453857421875,0.24,390.6022791862488,discrete
long_horizon,eval,random,9999,525.261474609375,0.243,202.72004175186157,discrete
long_horizon,eval,random,10000,543.9820556640625,0.25,270.83560132980347,discrete
long_horizon,eval,random,10001,498.2237548828125,0.249,234.38507270812988,discrete
long_horizon,eval,random,10002,551.8818359375,0.247,214.50978136062622,discrete
long_horizon,eval,random,10003,574.2824096679688,0.261,230.82677030563354,discrete
long_horizon,eval,random,10004,462.2051696777344,0.255,284.2170362472534,discrete
long_horizon,eval,random,10005,476.5079345703125,0.246,308.7746000289917,discrete
long_horizon,eval,random,10006,505.43817138671875,0.285,239.36385107040405,discrete
long_horizon,eval,random,10007,542.8637084960938,0.216,231.90778017044067,discrete
long_horizon,eval,random,10008,491.3014221191406,0.239,301.40887546539307,discrete
long_horizon,eval,random,10009,494.70526123046875,0.272,267.7819128036499,discrete
long_horizon,eval,random,10010,483.550048828125,0.23,249.58413648605347,discrete
long_horizon,eval,random,10011,546.7597045898438,0.234,227.74871110916138,discrete
long_horizon,eval,random,10012,576.2565307617188,0.243,264.82362127304077,discrete
long_horizon,eval,random,10013,586.23779296875,0.255,206.11694192886353,discrete
long_horizon,eval,random,10014,445.2313232421875,0.236,334.5417094230652,discrete
long_horizon,eval,random,10015,529.455322265625,0.239,214.84079837799072,discrete
long_horizon,eval,random,10016,470.816650390625,0.268,224.45801734924316,discrete
long_horizon,eval,random,10017,523.914306640625,0.252,214.6216311454773,discrete
long_horizon,eval,random,10018,504.6626281738281,0.241,228.66532564163208,discrete
long_horizon,eval,random,10019,512.83740234375,0.219,231.77801179885864,discrete
long_horizon,eval,random,10020,507.4775390625,0.24,190.85981512069702,discrete
long_horizon,eval,random,10021,423.8902587890625,0.263,315.0330271720886,discrete
long_horizon,eval,random,10022,525.7969970703125,0.258,238.28953790664673,discrete
long_horizon,eval,random,10023,459.5975341796875,0.266,251.12650728225708,discrete
long_horizon,eval,random,10024,543.0008544921875,0.239,179.6758575439453,discrete
long_horizon,eval,random,10025,491.09893798828125,0.253,210.67743968963623,discrete
long_horizon,eval,random,10026,455.974365234375,0.231,225.2132248878479,discrete
long_horizon,eval,random,10027,461.9002685546875,0.25,243.44104099273682,discrete
long_horizon,eval,random,10028,478.3937072753906,0.252,299.93749809265137,discrete
long_horizon,eval,random,10029,472.9622497558594,0.221,233.9623565673828,discrete
long_horizon,eval,random,10030,486.67919921875,0.254,256.3841896057129,discrete
long_horizon,eval,random,10031,470.9205017089844,0.275,269.4309778213501,discrete
long_horizon,eval,random,10032,459.85980224609375,0.255,142.81574201583862,discrete
long_horizon,eval,random,10033,536.3768310546875,0.243,269.41362285614014,discrete
long_horizon,eval,random,10034,526.08349609375,0.24,226.48919677734375,discrete
long_horizon,eval,random,10035,575.6531982421875,0.282,262.5955591201782,discrete
long_horizon,eval,random,10036,516.7846069335938,0.26,245.423330783844,discrete
long_horizon,eval,random,10037,527.79443359375,0.271,156.0306248664856,discrete
long_horizon,eval,random,10038,504.46710205078125,0.29,192.74950981140137,discrete
long_horizon,eval,random,10039,537.6253662109375,0.236,199.38741254806519,discrete
long_horizon,eval,random,10040,503.8469543457031,0.253,264.80031156539917,discrete
long_horizon,eval,random,10041,482.740234375,0.261,228.59338569641113,discrete
long_horizon,eval,random,10042,540.2787475585938,0.236,232.94774103164673,discrete
long_horizon,eval,random,10043,489.4500732421875,0.24,275.9148688316345,discrete
long_horizon,eval,random,10044,470.06353759765625,0.235,259.9032163619995,discrete
long_horizon,eval,random,10045,452.0404052734375,0.263,274.4659414291382,discrete
long_horizon,eval,random,10046,525.875,0.262,238.3652138710022,discrete
long_horizon,eval,random,10047,506.37786865234375,0.214,303.2400155067444,discrete
long_horizon,eval,random,10048,540.1817626953125,0.246,250.94166564941406,discrete
long_horizon,contrast,tf_self,9999,290.3500061035156,0.253,709.6498575210571,discrete
long_horizon,contrast,tf_self,10000,472.7500305175781,0.445,527.2498941421509,discrete
long_horizon,contrast,tf_self,10001,523.1000366210938,0.498,476.9000949859619,discrete
long_horizon,contrast,tf_self,10002,428.10003662109375,0.398,571.8998508453369,discrete
long_horizon,contrast,tf_self,10003,335.95001220703125,0.301,664.0498666763306,discrete
long_horizon,contrast,tf_self,10004,236.1999969482422,0.196,763.7998466491699,discrete
long_horizon,contrast,tf_self,10005,547.800048828125,0.524,452.1999092102051,discrete
long_horizon,contrast,tf_self,10006,482.25,0.455,517.7498960494995,discrete
long_horizon,contrast,tf_self,10007,434.7500305175781,0.405,565.2501277923584,discrete
long_horizon,contrast,tf_self,10008,382.5000305175781,0.35,617.4998760223389,discrete
long_horizon,contrast,tf_self,10009,177.29998779296875,0.134,822.6999416351318,discrete
long_horizon,contrast,tf_self,10010,391.0500183105469,0.359,608.9498777389526,discrete
long_horizon,contrast,tf_self,10011,127.89998626708984,0.082,872.1005229949951,discrete
long_horizon,contrast,tf_self,10012,439.5000305175781,0.41,560.5000514984131,discrete
long_horizon,contrast,tf_self,10013,449.0000305175781,0.42,550.9998893737793,discrete
long_horizon,contrast,tf_self,10014,50.00000762939453,0.0,949.9998092651367,discrete
long_horizon,contrast,tf_self,10015,363.5000305175781,0.33,636.4998722076416,discrete
long_horizon,contrast,tf_self,10016,291.29998779296875,0.254,708.699857711792,discrete
long_horizon,contrast,tf_self,10017,426.20001220703125,0.396,573.7999019622803,discrete
long_horizon,contrast,tf_self,10018,186.79998779296875,0.144,813.1999101638794,discrete
long_horizon,contrast,tf_self,10019,348.3000183105469,0.314,651.6998691558838,discrete
long_horizon,contrast,tf_self,10020,462.3000183105469,0.434,537.7000141143799,discrete
long_horizon,contrast,tf_self,10021,563.9500732421875,0.541,436.04991245269775,discrete
long_horizon,contrast,tf_self,10022,50.95000457763672,0.001,949.0502471923828,discrete
long_horizon,contrast,tf_self,10023,485.10003662109375,0.458,514.9001064300537,discrete
long_horizon,contrast,tf_self,10024,58.55000305175781,0.009,941.4499320983887,discrete
long_horizon,contrast,tf_self,10025,134.5499725341797,0.089,865.4498262405396,discrete
long_horizon,contrast,tf_self,10026,396.7500305175781,0.365,603.2498788833618,discrete
long_horizon,contrast,tf_self,10027,430.0000305175781,0.4,569.999885559082,discrete
long_horizon,contrast,tf_self,10028,185.8499755859375,0.143,814.1498365402222,discrete
long_horizon,contrast,tf_self,10029,260.8999938964844,0.222,739.0998516082764,discrete
long_horizon,contrast,tf_self,10030,159.24998474121094,0.115,840.749831199646,discrete
long_horizon,contrast,tf_self,10031,533.550048828125,0.509,466.44990634918213,discrete
long_horizon,contrast,tf_self,10032,305.54998779296875,0.269,694.4502029418945,discrete
long_horizon,contrast,tf_self,10033,298.9000244140625,0.262,701.0999879837036,discrete
long_horizon,contrast,tf_self,10034,255.19998168945312,0.216,744.7998504638672,discrete
long_horizon,contrast,tf_self,10035,383.45001220703125,0.351,616.5500326156616,discrete
long_horizon,contrast,tf_self,10036,128.8499755859375,0.083,871.1499624252319,discrete
long_horizon,contrast,tf_self,10037,394.85003662109375,0.363,605.1502904891968,discrete
long_horizon,contrast,tf_self,10038,601.0,0.58,398.9999198913574,discrete
long_horizon,contrast,tf_self,10039,200.0999755859375,0.158,799.8999423980713,discrete
long_horizon,contrast,tf_self,10040,430.95001220703125,0.401,569.0501070022583,discrete
long_horizon,contrast,tf_self,10041,496.50006103515625,0.47,503.49989891052246,discrete
long_horizon,contrast,tf_self,10042,158.29998779296875,0.114,841.7002153396606,discrete
long_horizon,contrast,tf_self,10043,440.45001220703125,0.411,559.5498876571655,discrete
long_horizon,contrast,tf_self,10044,330.2500305175781,0.295,669.7498655319214,discrete
long_horizon,contrast,tf_self,10045,182.0499725341797,0.139,817.9502649307251,discrete
long_horizon,contrast,tf_self,10046,255.19998168945312,0.216,744.7998504638672,discrete
long_horizon,contrast,tf_self,10047,485.10003662109375,0.458,514.9004125595093,discrete
long_horizon,contrast,tf_self,10048,372.0500183105469,0.339,627.9502267837524,discrete
long_horizon,contrast,tf_self_eps0.05,9999,233.3499755859375,0.193,766.6498460769653,discrete
long_horizon,contrast,tf_self_eps0.05,10000,449.9500427246094,0.421,550.0498895645142,discrete
long_horizon,contrast,tf_self_eps0.05,10001,596.25,0.575,403.7500705718994,discrete
long_horizon,contrast,tf_self_eps0.05,10002,269.45001220703125,0.231,730.5501289367676,discrete
long_horizon,contrast,tf_self_eps0.05,10003,276.1000061035156,0.238,723.8998546600342,discrete
long_horizon,contrast,tf_self_eps0.05,10004,69.94999694824219,0.021,930.0498132705688,discrete
long_horizon,contrast,tf_self_eps0.05,10005,487.95001220703125,0.461,512.0498971939087,discrete
long_horizon,contrast,tf_self_eps0.05,10006,462.300048828125,0.434,537.6998920440674,discrete
long_horizon,contrast,tf_self_eps0.05,10007,417.6500244140625,0.387,582.3501615524292,discrete
long_horizon,contrast,tf_self_eps0.05,10008,489.85003662109375,0.463,510.1498975753784,discrete
long_horizon,contrast,tf_self_eps0.05,10009,370.1500244140625,0.337,629.8498830795288,discrete
long_horizon,contrast,tf_self_eps0.05,10010,408.1500244140625,0.377,591.8498811721802,discrete
long_horizon,contrast,tf_self_eps0.05,10011,168.74998474121094,0.125,831.2504844665527,discrete
long_horizon,contrast,tf_self_eps0.05,10012,444.2500305175781,0.415,555.7500419616699,discrete
long_horizon,contrast,tf_self_eps0.05,10013,449.95001220703125,0.421,550.0498895645142,discrete
long_horizon,contrast,tf_self_eps0.05,10014,125.99998474121094,0.08,873.9999084472656,discrete
long_horizon,contrast,tf_self_eps0.05,10015,336.9000244140625,0.302,663.0998668670654,discrete
long_horizon,contrast,tf_self_eps0.05,10016,314.1000061035156,0.278,685.8998622894287,discrete
long_horizon,contrast,tf_self_eps0.05,10017,420.5000305175781,0.39,579.4999046325684,discrete
long_horizon,contrast,tf_self_eps0.05,10018,208.64999389648438,0.167,791.3498458862305,discrete
long_horizon,contrast,tf_self_eps0.05,10019,387.2500305175781,0.355,612.7498769760132,discrete
long_horizon,contrast,tf_self_eps0.05,10020,433.800048828125,0.404,566.2000379562378,discrete
long_horizon,contrast,tf_self_eps0.05,10021,496.50006103515625,0.47,503.49989891052246,discrete
long_horizon,contrast,tf_self_eps0.05,10022,305.5500183105469,0.269,694.4502305984497,discrete
long_horizon,contrast,tf_self_eps0.05,10023,468.9500427246094,0.441,531.0501003265381,discrete
long_horizon,contrast,tf_self_eps0.05,10024,67.0999984741211,0.018,932.8999271392822,discrete
long_horizon,contrast,tf_self_eps0.05,10025,469.9000244140625,0.442,530.0998935699463,discrete
long_horizon,contrast,tf_self_eps0.05,10026,408.1500244140625,0.377,591.8498830795288,discrete
long_horizon,contrast,tf_self_eps0.05,10027,435.70001220703125,0.406,564.2998867034912,discrete
long_horizon,contrast,tf_self_eps0.05,10028,179.19998168945312,0.136,820.7998380661011,discrete
long_horizon,contrast,tf_self_eps0.05,10029,247.60000610351562,0.208,752.3998489379883,discrete
long_horizon,contrast,tf_self_eps0.05,10030,208.64999389648438,0.167,791.3498411178589,discrete
long_horizon,contrast,tf_self_eps0.05,10031,444.2500305175781,0.415,555.749888420105,discrete
long_horizon,contrast,tf_self_eps0.05,10032,292.25,0.255,707.7502040863037,discrete
long_horizon,contrast,tf_self_eps0.05,10033,314.10003662109375,0.278,685.9000244140625,discrete
long_horizon,contrast,tf_self_eps0.05,10034,264.70001220703125,0.226,735.2998523712158,discrete
long_horizon,contrast,tf_self_eps0.05,10035,369.20001220703125,0.336,630.8000354766846,discrete
long_horizon,contrast,tf_self_eps0.05,10036,138.34999084472656,0.093,861.6499643325806,discrete
long_horizon,contrast,tf_self_eps0.05,10037,359.70001220703125,0.326,640.3003168106079,discrete
long_horizon,contrast,tf_self_eps0.05,10038,591.5000610351562,0.57,408.4999179840088,discrete
long_horizon,contrast,tf_self_eps0.05,10039,200.0999755859375,0.158,799.899941444397,discrete
long_horizon,contrast,tf_self_eps0.05,10040,424.3000183105469,0.394,575.700117111206,discrete
long_horizon,contrast,tf_self_eps0.05,10041,162.09999084472656,0.118,837.8998317718506,discrete
long_horizon,contrast,tf_self_eps0.05,10042,180.14999389648438,0.137,819.8502101898193,discrete
long_horizon,contrast,tf_self_eps0.05,10043,429.0500183105469,0.399,570.9498853683472,discrete
long_horizon,contrast,tf_self_eps0.05,10044,311.25,0.275,688.7498645782471,discrete
long_horizon,contrast,tf_self_eps0.05,10045,193.4499969482422,0.151,806.5502681732178,discrete
long_horizon,contrast,tf_self_eps0.05,10046,307.45001220703125,0.271,692.5498609542847,discrete
long_horizon,contrast,tf_self_eps0.05,10047,472.75,0.445,527.2504186630249,discrete
long_horizon,contrast,tf_self_eps0.05,10048,370.1500244140625,0.337,629.8502130508423,discrete
long_horizon,contrast,tf_self_eps0.1,9999,226.69998168945312,0.186,773.2998447418213,discrete
long_horizon,contrast,tf_self_eps0.1,10000,439.50006103515625,0.41,560.4998874664307,discrete
long_horizon,contrast,tf_self_eps0.1,10001,601.0,0.58,399.00007247924805,discrete
long_horizon,contrast,tf_self_eps0.1,10002,255.1999969482422,0.216,744.8001804351807,discrete
long_horizon,contrast,tf_self_eps0.1,10003,283.70001220703125,0.246,716.2998561859131,discrete
long_horizon,contrast,tf_self_eps0.1,10004,80.39999389648438,0.032,919.5998153686523,discrete
long_horizon,contrast,tf_self_eps0.1,10005,492.70001220703125,0.466,507.299898147583,discrete
long_horizon,contrast,tf_self_eps0.1,10006,485.10003662109375,0.458,514.8998966217041,discrete
long_horizon,contrast,tf_self_eps0.1,10007,401.5000305175781,0.37,598.5001573562622,discrete
long_horizon,contrast,tf_self_eps0.1,10008,409.10003662109375,0.378,590.899881362915,discrete
long_horizon,contrast,tf_self_eps0.1,10009,372.0500183105469,0.339,627.9498844146729,discrete
long_horizon,contrast,tf_self_eps0.1,10010,406.2500305175781,0.375,593.7498807907104,discrete
long_horizon,contrast,tf_self_eps0.1,10011,182.99996948242188,0.14,817.0004844665527,discrete
long_horizon,contrast,tf_self_eps0.1,10012,400.550048828125,0.369,599.4500560760498,discrete
long_horizon,contrast,tf_self_eps0.1,10013,434.75,0.405,565.2498865127563,discrete
long_horizon,contrast,tf_self_eps0.1,10014,113.64999389648438,0.067,886.3499050140381,discrete
long_horizon,contrast,tf_self_eps0.1,10015,358.75,0.325,641.2498712539673,discrete
long_horizon,contrast,tf_self_eps0.1,10016,319.8000183105469,0.284,680.1998634338379,discrete
long_horizon,contrast,tf_self_eps0.1,10017,414.800048828125,0.384,585.199872970581,discrete
long_horizon,contrast,tf_self_eps0.1,10018,212.44996643066406,0.171,787.5498476028442,discrete
long_horizon,contrast,tf_self_eps0.1,10019,355.9000244140625,0.322,644.0998706817627,discrete
long_horizon,contrast,tf_self_eps0.1,10020,443.300048828125,0.414,556.7000465393066,discrete
long_horizon,contrast,tf_self_eps0.1,10021,507.9000244140625,0.482,492.0999011993408,discrete
long_horizon,contrast,tf_self_eps0.1,10022,314.1000061035156,0.278,685.9002304077148,discrete
long_horizon,contrast,tf_self_eps0.1,10023,481.300048828125,0.454,518.7000980377197,discrete
long_horizon,contrast,tf_self_eps0.1,10024,77.55000305175781,0.029,922.4499320983887,discrete
long_horizon,contrast,tf_self_eps0.1,10025,481.300048828125,0.454,518.6998958587646,discrete
long_horizon,contrast,tf_self_eps0.1,10026,382.5000305175781,0.35,617.4998769760132,discrete
long_horizon,contrast,tf_self_eps0.1,10027,426.2000427246094,0.396,573.7998847961426,discrete
long_horizon,contrast,tf_self_eps0.1,10028,193.44998168945312,0.151,806.549843788147,discrete
long_horizon,contrast,tf_self_eps0.1,10029,249.5,0.21,750.499849319458,discrete
long_horizon,contrast,tf_self_eps0.1,10030,222.8999786376953,0.182,777.0998439788818,discrete
long_horizon,contrast,tf_self_eps0.1,10031,456.60003662109375,0.428,543.3998908996582,discrete
long_horizon,contrast,tf_self_eps0.1,10032,310.29998779296875,0.274,689.7001972198486,discrete
long_horizon,contrast,tf_self_eps0.1,10033,398.6500244140625,0.367,601.3501424789429,discrete
long_horizon,contrast,tf_self_eps0.1,10034,355.8999938964844,0.322,644.0998706817627,discrete
long_horizon,contrast,tf_self_eps0.1,10035,369.20001220703125,0.336,630.8000478744507,discrete
long_horizon,contrast,tf_self_eps0.1,10036,149.74998474121094,0.105,850.2499523162842,discrete
long_horizon,contrast,tf_self_eps0.1,10037,367.300048828125,0.334,632.7003021240234,discrete
long_horizon,contrast,tf_self_eps0.1,10038,577.25,0.555,422.74991512298584,discrete
long_horizon,contrast,tf_self_eps0.1,10039,231.44998168945312,0.191,768.5499353408813,discrete
long_horizon,contrast,tf_self_eps0.1,10040,287.5000305175781,0.25,712.5001621246338,discrete
long_horizon,contrast,tf_self_eps0.1,10041,92.74999237060547,0.045,907.2498178482056,discrete
long_horizon,contrast,tf_self_eps0.1,10042,171.5999755859375,0.128,828.4002199172974,discrete
long_horizon,contrast,tf_self_eps0.1,10043,429.0500183105469,0.399,570.9498853683472,discrete
long_horizon,contrast,tf_self_eps0.1,10044,310.3000183105469,0.274,689.6998739242554,discrete
long_horizon,contrast,tf_self_eps0.1,10045,326.45001220703125,0.291,673.5501670837402,discrete
long_horizon,contrast,tf_self_eps0.1,10046,280.8500061035156,0.243,719.1498556137085,discrete
long_horizon,contrast,tf_self_eps0.1,10047,492.7000427246094,0.466,507.30039405822754,discrete
long_horizon,contrast,tf_self_eps0.1,10048,372.0500183105469,0.339,627.9502000808716,discrete
long_horizon,contrast,tf_self_eps0.2,9999,215.29998779296875,0.174,784.6998424530029,discrete
long_horizon,contrast,tf_self_eps0.2,10000,431.9000244140625,0.402,568.0998859405518,discrete
long_horizon,contrast,tf_self_eps0.2,10001,167.79998779296875,0.124,832.2000179290771,discrete
long_horizon,contrast,tf_self_eps0.2,10002,373.95001220703125,0.341,626.049877166748,discrete
long_horizon,contrast,tf_self_eps0.2,10003,190.59999084472656,0.148,809.3998374938965,discrete
long_horizon,contrast,tf_self_eps0.2,10004,107.94998931884766,0.061,892.0498208999634,discrete
long_horizon,contrast,tf_self_eps0.2,10005,461.35003662109375,0.433,538.6498918533325,discrete
long_horizon,contrast,tf_self_eps0.2,10006,432.8500061035156,0.403,567.1498861312866,discrete
long_horizon,contrast,tf_self_eps0.2,10007,400.54998779296875,0.369,599.4501619338989,discrete
long_horizon,contrast,tf_self_eps0.2,10008,389.1500244140625,0.357,610.8498773574829,discrete
long_horizon,contrast,tf_self_eps0.2,10009,343.5500183105469,0.309,656.4498977661133,discrete
long_horizon,contrast,tf_self_eps0.2,10010,390.10003662109375,0.358,609.8998775482178,discrete
long_horizon,contrast,tf_self_eps0.2,10011,193.4499969482422,0.151,806.5504693984985,discrete
long_horizon,contrast,tf_self_eps0.2,10012,393.9000549316406,0.362,606.1000709533691,discrete
long_horizon,contrast,tf_self_eps0.2,10013,433.800048828125,0.404,566.1998863220215,discrete
long_horizon,contrast,tf_self_eps0.2,10014,144.99998474121094,0.1,854.9998798370361,discrete
long_horizon,contrast,tf_self_eps0.2,10015,354.95001220703125,0.321,645.0498704910278,discrete
long_horizon,contrast,tf_self_eps0.2,10016,297.95001220703125,0.261,702.049859046936,discrete
long_horizon,contrast,tf_self_eps0.2,10017,416.7000427246094,0.386,583.2999486923218,discrete
long_horizon,contrast,tf_self_eps0.2,10018,221.0,0.18,778.999885559082,discrete
long_horizon,contrast,tf_self_eps0.2,10019,342.6000061035156,0.308,657.3998680114746,discrete
long_horizon,contrast,tf_self_eps0.2,10020,429.050048828125,0.399,570.9500503540039,discrete
long_horizon,contrast,tf_self_eps0.2,10021,449.0000305175781,0.42,550.9998893737793,discrete
long_horizon,contrast,tf_self_eps0.2,10022,101.29998779296875,0.054,898.7002725601196,discrete
long_horizon,contrast,tf_self_eps0.2,10023,461.35003662109375,0.433,538.6501197814941,discrete
long_horizon,contrast,tf_self_eps0.2,10024,94.64999389648438,0.047,905.3499279022217,discrete
long_horizon,contrast,tf_self_eps0.2,10025,468.0000305175781,0.44,531.9998931884766,discrete
long_horizon,contrast,tf_self_eps0.2,10026,382.5,0.35,617.4998807907104,discrete
long_horizon,contrast,tf_self_eps0.2,10027,437.60003662109375,0.408,562.3998870849609,discrete
long_horizon,contrast,tf_self_eps0.2,10028,201.04998779296875,0.159,798.9498519897461,discrete
long_horizon,contrast,tf_self_eps0.2,10029,265.6499938964844,0.227,734.3498525619507,discrete
long_horizon,contrast,tf_self_eps0.2,10030,232.39999389648438,0.192,767.5998458862305,discrete
long_horizon,contrast,tf_self_eps0.2,10031,462.300048828125,0.434,537.6998920440674,discrete
long_horizon,contrast,tf_self_eps0.2,10032,297.0,0.26,703.0002155303955,discrete
long_horizon,contrast,tf_self_eps0.2,10033,391.0500183105469,0.359,608.9501152038574,discrete
long_horizon,contrast,tf_self_eps0.2,10034,358.7500305175781,0.325,641.2498712539673,discrete
long_horizon,contrast,tf_self_eps0.2,10035,379.6500244140625,0.347,620.3500337600708,discrete
long_horizon,contrast,tf_self_eps0.2,10036,170.64999389648438,0.127,829.3499517440796,discrete
long_horizon,contrast,tf_self_eps0.2,10037,370.1500244140625,0.337,629.8502902984619,discrete
long_horizon,contrast,tf_self_eps0.2,10038,554.4500732421875,0.531,445.5499105453491,discrete
long_horizon,contrast,tf_self_eps0.2,10039,215.2999725341797,0.174,784.6999387741089,discrete
long_horizon,contrast,tf_self_eps0.2,10040,480.35003662109375,0.453,519.6503505706787,discrete
long_horizon,contrast,tf_self_eps0.2,10041,449.9500427246094,0.421,550.0498895645142,discrete
long_horizon,contrast,tf_self_eps0.2,10042,204.84999084472656,0.163,795.1502647399902,discrete
long_horizon,contrast,tf_self_eps0.2,10043,411.0000305175781,0.38,588.9998817443848,discrete
long_horizon,contrast,tf_self_eps0.2,10044,284.6500244140625,0.247,715.3498783111572,discrete
long_horizon,contrast,tf_self_eps0.2,10045,391.050048828125,0.359,608.9500761032104,discrete
long_horizon,contrast,tf_self_eps0.2,10046,364.45001220703125,0.331,635.5498723983765,discrete
long_horizon,contrast,tf_self_eps0.2,10047,421.45001220703125,0.391,578.5504360198975,discrete
long_horizon,contrast,tf_self_eps0.2,10048,354.0,0.32,646.0002088546753,discrete
long_horizon,contrast,tf_self_eps0.3,9999,247.59999084472656,0.208,752.3998489379883,discrete
long_horizon,contrast,tf_self_eps0.3,10000,390.10003662109375,0.358,609.8998775482178,discrete
long_horizon,contrast,tf_self_eps0.3,10001,212.44998168945312,0.171,787.5500164031982,discrete
long_horizon,contrast,tf_self_eps0.3,10002,374.9000244140625,0.342,625.099910736084,discrete
long_horizon,contrast,tf_self_eps0.3,10003,211.49998474121094,0.17,788.4998416900635,discrete
long_horizon,contrast,tf_self_eps0.3,10004,132.64999389648438,0.087,867.3498258590698,discrete
long_horizon,contrast,tf_self_eps0.3,10005,444.2500305175781,0.415,555.749888420105,discrete
long_horizon,contrast,tf_self_eps0.3,10006,411.95001220703125,0.381,588.0498819351196,discrete
long_horizon,contrast,tf_self_eps0.3,10007,408.1500244140625,0.377,591.8501691818237,discrete
long_horizon,contrast,tf_self_eps0.3,10008,367.3000183105469,0.334,632.699872970581,discrete
long_horizon,contrast,tf_self_eps0.3,10009,335.95001220703125,0.301,664.0498867034912,discrete
long_horizon,contrast,tf_self_eps0.3,10010,367.3000183105469,0.334,632.699872970581,discrete
long_horizon,contrast,tf_self_eps0.3,10011,197.24998474121094,0.155,802.7504577636719,discrete
long_horizon,contrast,tf_self_eps0.3,10012,354.95001220703125,0.321,645.0500841140747,discrete
long_horizon,contrast,tf_self_eps0.3,10013,388.20001220703125,0.356,611.799877166748,discrete
long_horizon,contrast,tf_self_eps0.3,10014,171.5999755859375,0.128,828.3999099731445,discrete
long_horizon,contrast,tf_self_eps0.3,10015,364.45001220703125,0.331,635.5498723983765,discrete
long_horizon,contrast,tf_self_eps0.3,10016,290.3499755859375,0.253,709.6498575210571,discrete
long_horizon,contrast,tf_self_eps0.3,10017,411.95001220703125,0.381,588.049955368042,discrete
long_horizon,contrast,tf_self_eps0.3,10018,220.04998779296875,0.179,779.949893951416,discrete
long_horizon,contrast,tf_self_eps0.3,10019,338.8000183105469,0.304,661.1998672485352,discrete
long_horizon,contrast,tf_self_eps0.3,10020,430.0000305175781,0.4,570.0000772476196,discrete
long_horizon,contrast,tf_self_eps0.3,10021,451.85003662109375,0.423,548.1498899459839,discrete
long_horizon,contrast,tf_self_eps0.3,10022,124.09999084472656,0.078,875.9002351760864,discrete
long_horizon,contrast,tf_self_eps0.3,10023,435.70001220703125,0.406,564.300103187561,discrete
long_horizon,contrast,tf_self_eps0.3,10024,122.19998168945312,0.076,877.7999172210693,discrete
long_horizon,contrast,tf_self_eps0.3,10025,205.79998779296875,0.164,794.1998405456543,discrete
long_horizon,contrast,tf_self_eps0.3,10026,387.2500305175781,0.355,612.7498817443848,discrete
long_horizon,contrast,tf_self_eps0.3,10027,419.550048828125,0.389,580.4498834609985,discrete
long_horizon,contrast,tf_self_eps0.3,10028,197.24998474121094,0.155,802.7498588562012,discrete
long_horizon,contrast,tf_self_eps0.3,10029,269.45001220703125,0.231,730.5498533248901,discrete
long_horizon,contrast,tf_self_eps0.3,10030,233.34999084472656,0.193,766.6498460769653,discrete
long_horizon,contrast,tf_self_eps0.3,10031,448.050048828125,0.419,551.9498891830444,discrete
long_horizon,contrast,tf_self_eps0.3,10032,281.79998779296875,0.244,718.200192451477,discrete
long_horizon,contrast,tf_self_eps0.3,10033,308.4000244140625,0.272,691.5999994277954,discrete
long_horizon,contrast,tf_self_eps0.3,10034,332.1500244140625,0.297,667.8498659133911,discrete
long_horizon,contrast,tf_self_eps0.3,10035,371.1000061035156,0.338,628.9001092910767,discrete
long_horizon,contrast,tf_self_eps0.3,10036,184.8999786376953,0.142,815.0999717712402,discrete
long_horizon,contrast,tf_self_eps0.3,10037,347.3500061035156,0.313,652.6502771377563,discrete
long_horizon,contrast,tf_self_eps0.3,10038,507.9000549316406,0.482,492.0999011993408,discrete
long_horizon,contrast,tf_self_eps0.3,10039,215.29998779296875,0.174,784.6999616622925,discrete
long_horizon,contrast,tf_self_eps0.3,10040,460.4000244140625,0.432,539.6003379821777,discrete
long_horizon,contrast,tf_self_eps0.3,10041,191.54998779296875,0.149,808.4498376846313,discrete
long_horizon,contrast,tf_self_eps0.3,10042,218.14999389648438,0.177,781.8502616882324,discrete
long_horizon,contrast,tf_self_eps0.3,10043,391.050048828125,0.359,608.9498777389526,discrete
long_horizon,contrast,tf_self_eps0.3,10044,298.8999938964844,0.262,701.0998840332031,discrete
long_horizon,contrast,tf_self_eps0.3,10045,226.69998168945312,0.186,773.3002634048462,discrete
long_horizon,contrast,tf_self_eps0.3,10046,353.0500183105469,0.319,646.9498701095581,discrete
long_horizon,contrast,tf_self_eps0.3,10047,412.9000244140625,0.382,587.1004409790039,discrete
long_horizon,contrast,tf_self_eps0.3,10048,362.5500183105469,0.329,637.4501667022705,discrete
long_horizon,contrast,optimal,9999,1000.0,1.0,0.0,discrete
long_horizon,contrast,optimal,10000,1000.0,1.0,0.0,discrete
long_horizon,contrast,optimal,10001,1000.0,1.0,0.0,discrete
long_horizon,contrast,optimal,10002,1000.0,1.0,0.0,discrete
long_horizon,contrast,optimal,10003,1000.0,1.0,0.0,discrete
long_horizon,contrast,optimal,10004,1000.0,1.0,0.0,discrete
long_horizon,contrast,optimal,10005,1000.0,1.0,0.0,discrete
long_horizon,contrast,optimal,10006,1000.0,1.0,0.0,discrete
long_horizon,contrast,optimal,10007,1000.0,1.0,0.0,discrete
long_horizon,contrast,optimal,10008,1000.0,1.0,0.0,discrete
long_horizon,contrast,optimal,10009,1000.0,1.0,0.0,discrete
long_horizon,contrast,optimal,10010,1000.0,1.0,0.0,discrete
long_horizon,contrast,optimal,10011,1000.0,1.0,0.0,discrete
long_horizon,contrast,optimal,10012,1000.0,1.0,0.0,discrete
long_horizon,contrast,optimal,10013,1000.0,1.0,0.0,discrete
long_horizon,contrast,optimal,10014,1000.0,1.0,0.0,discrete
long_horizon,contrast,optimal,10015,1000.0,1.0,0.0,discrete
long_horizon,contrast,optimal,10016,1000.0,1.0,0.0,discrete
long_horizon,contrast,optimal,10017,1000.0,1.0,0.0,discrete
long_horizon,contrast,optimal,10018,1000.0,1.0,0.0,discrete
long_horizon,contrast,optimal,10019,1000.0,1.0,0.0,discrete
long_horizon,contrast,optimal,10020,1000.0,1.0,0.0,discrete
long_horizon,contrast,optimal,10021,1000.0,1.0,0.0,discrete
long_horizon,contrast,optimal,10022,1000.0,1.0,0.0,discrete
long_horizon,contrast,optimal,10023,1000.0,1.0,0.0,discrete
long_horizon,contrast,optimal,10024,1000.0,1.0,0.0,discrete
long_horizon,contrast,optimal,10025,1000.0,1.0,0.0,discrete
long_horizon,contrast,optimal,10026,1000.0,1.0,0.0,discrete
long_horizon,contrast,optimal,10027,1000.0,1.0,0.0,discrete
long_horizon,contrast,optimal,10028,1000.0,1.0,0.0,discrete
long_horizon,contrast,optimal,10029,1000.0,1.0,0.0,discrete
long_horizon,contrast,optimal,10030,1000.0,1.0,0.0,discrete
long_horizon,contrast,optimal,10031,1000.0,1.0,0.0,discrete
long_horizon,contrast,optimal,10032,1000.0,1.0,0.0,discrete
long_horizon,contrast,optimal,10033,1000.0,1.0,0.0,discrete
long_horizon,contrast,optimal,10034,1000.0,1.0,0.0,discrete
long_horizon,contrast,optimal,10035,1000.0,1.0,0.0,discrete
long_horizon,contrast,optimal,10036,1000.0,1.0,0.0,discrete
long_horizon,contrast,optimal,10037,1000.0,1.0,0.0,discrete
long_horizon,contrast,optimal,10038,1000.0,1.0,0.0,discrete
long_horizon,contrast,optimal,10039,1000.0,1.0,0.0,discrete
long_horizon,contrast,optimal,10040,1000.0,1.0,0.0,discrete
long_horizon,contrast,optimal,10041,1000.0,1.0,0.0,discrete
long_horizon,contrast,optimal,10042,1000.0,1.0,0.0,discrete
long_horizon,contrast,optimal,10043,1000.0,1.0,0.0,discrete
long_horizon,contrast,optimal,10044,1000.0,1.0,0.0,discrete
long_horizon,contrast,optimal,10045,1000.0,1.0,0.0,discrete
long_horizon,contrast,optimal,10046,1000.0,1.0,0.0,discrete
long_horizon,contrast,optimal,10047,1000.0,1.0,0.0,discrete
long_horizon,contrast,optimal,10048,1000.0,1.0,0.0,discrete
long_horizon,contrast,epsgreedy,9999,457.5500183105469,0.429,542.4498910903931,discrete
long_horizon,contrast,epsgreedy,10000,458.5,0.43,541.4998912811279,discrete
long_horizon,contrast,epsgreedy,10001,571.550048828125,0.549,428.4500923156738,discrete
long_horizon,contrast,epsgreedy,10002,582.9500122070312,0.561,417.0499258041382,discrete
long_horizon,contrast,epsgreedy,10003,429.050048828125,0.399,570.9498853683472,discrete
long_horizon,contrast,epsgreedy,10004,590.550048828125,0.569,409.4499177932739,discrete
long_horizon,contrast,epsgreedy,10005,657.050048828125,0.639,342.94993114471436,discrete
long_horizon,contrast,epsgreedy,10006,473.7000427246094,0.446,526.2998943328857,discrete
long_horizon,contrast,epsgreedy,10007,454.7000427246094,0.426,545.300145149231,discrete
long_horizon,contrast,epsgreedy,10008,528.800048828125,0.504,471.1999053955078,discrete
long_horizon,contrast,epsgreedy,10009,744.4500732421875,0.731,255.54997444152832,discrete
long_horizon,contrast,epsgreedy,10010,793.8500366210938,0.783,206.14995861053467,discrete
long_horizon,contrast,epsgreedy,10011,402.45001220703125,0.371,597.5501680374146,discrete
long_horizon,contrast,epsgreedy,10012,564.9000244140625,0.542,435.1001615524292,discrete
long_horizon,contrast,epsgreedy,10013,486.050048828125,0.459,513.949896812439,discrete
long_horizon,contrast,epsgreedy,10014,629.5,0.61,370.49992847442627,discrete
long_horizon,contrast,epsgreedy,10015,513.6000366210938,0.488,486.39990234375,discrete
long_horizon,contrast,epsgreedy,10016,454.7000427246094,0.426,545.2998905181885,discrete
long_horizon,contrast,epsgreedy,10017,577.25,0.555,422.75009632110596,discrete
long_horizon,contrast,epsgreedy,10018,487.9500427246094,0.461,512.049901008606,discrete
long_horizon,contrast,epsgreedy,10019,527.8500366210938,0.503,472.14990520477295,discrete
long_horizon,contrast,epsgreedy,10020,495.550048828125,0.469,504.4501142501831,discrete
long_horizon,contrast,epsgreedy,10021,477.5000305175781,0.45,522.4998950958252,discrete
long_horizon,contrast,epsgreedy,10022,453.7500305175781,0.425,546.2503604888916,discrete
long_horizon,contrast,epsgreedy,10023,539.25,0.515,460.7501583099365,discrete
long_horizon,contrast,epsgreedy,10024,427.1500244140625,0.397,572.8499021530151,discrete
long_horizon,contrast,epsgreedy,10025,503.1500244140625,0.477,496.8499002456665,discrete
long_horizon,contrast,epsgreedy,10026,607.6500244140625,0.587,392.3499231338501,discrete
long_horizon,contrast,epsgreedy,10027,627.60009765625,0.608,372.3999252319336,discrete
long_horizon,contrast,epsgreedy,10028,526.9000244140625,0.502,473.10002517700195,discrete
long_horizon,contrast,epsgreedy,10029,442.35003662109375,0.413,557.6498880386353,discrete
long_horizon,contrast,epsgreedy,10030,694.1000366210938,0.678,305.899938583374,discrete
long_horizon,contrast,epsgreedy,10031,831.8500366210938,0.823,168.1499662399292,discrete
long_horizon,contrast,epsgreedy,10032,691.25,0.675,308.7500801086426,discrete
long_horizon,contrast,epsgreedy,10033,674.1500244140625,0.657,325.8498954772949,discrete
long_horizon,contrast,epsgreedy,10034,506.00006103515625,0.48,493.9999008178711,discrete
long_horizon,contrast,epsgreedy,10035,573.4500732421875,0.551,426.55015659332275,discrete
long_horizon,contrast,epsgreedy,10036,597.2000732421875,0.576,402.79993629455566,discrete
long_horizon,contrast,epsgreedy,10037,495.550048828125,0.469,504.45015716552734,discrete
long_horizon,contrast,epsgreedy,10038,411.0000305175781,0.38,588.9998817443848,discrete
long_horizon,contrast,epsgreedy,10039,527.85009765625,0.503,472.1499185562134,discrete
long_horizon,contrast,epsgreedy,10040,581.050048828125,0.559,418.9502592086792,discrete
long_horizon,contrast,epsgreedy,10041,390.10003662109375,0.358,609.8998775482178,discrete
long_horizon,contrast,epsgreedy,10042,612.4000244140625,0.592,387.60020446777344,discrete
long_horizon,contrast,epsgreedy,10043,552.550048828125,0.529,447.4499101638794,discrete
long_horizon,contrast,epsgreedy,10044,551.5999755859375,0.528,448.39993953704834,discrete
long_horizon,contrast,epsgreedy,10045,441.4000244140625,0.412,558.6000471115112,discrete
long_horizon,contrast,epsgreedy,10046,627.6000366210938,0.608,372.3999252319336,discrete
long_horizon,contrast,epsgreedy,10047,550.6500244140625,0.527,449.3501968383789,discrete
long_horizon,contrast,epsgreedy,10048,471.8000183105469,0.444,528.2000436782837,discrete
long_horizon,contrast,greedy,9999,194.39999389648438,0.152,805.5998382568359,discrete
long_horizon,contrast,greedy,10000,383.45001220703125,0.351,616.5498762130737,discrete
long_horizon,contrast,greedy,10001,468.9500427246094,0.441,531.0500068664551,discrete
long_horizon,contrast,greedy,10002,601.0,0.58,399.00004291534424,discrete
long_horizon,contrast,greedy,10003,402.45001220703125,0.371,597.549880027771,discrete
long_horizon,contrast,greedy,10004,197.24998474121094,0.155,802.7498388290405,discrete
long_horizon,contrast,greedy,10005,141.1999969482422,0.096,858.7998275756836,discrete
long_horizon,contrast,greedy,10006,423.35003662109375,0.393,576.649884223938,discrete
long_horizon,contrast,greedy,10007,503.1500244140625,0.477,496.8501510620117,discrete
long_horizon,contrast,greedy,10008,256.1499938964844,0.217,743.849850654602,discrete
long_horizon,contrast,greedy,10009,261.8499755859375,0.223,738.1499900817871,discrete
long_horizon,contrast,greedy,10010,570.5999755859375,0.548,429.3999137878418,discrete
long_horizon,contrast,greedy,10011,244.75,0.205,755.2501096725464,discrete
long_horizon,contrast,greedy,10012,321.70001220703125,0.286,678.300440788269,discrete
long_horizon,contrast,greedy,10013,335.95001220703125,0.301,664.0498666763306,discrete
long_horizon,contrast,greedy,10014,305.54998779296875,0.269,694.4498605728149,discrete
long_horizon,contrast,greedy,10015,50.00000762939453,0.0,949.9998092651367,discrete
long_horizon,contrast,greedy,10016,239.99998474121094,0.2,759.9998474121094,discrete
long_horizon,contrast,greedy,10017,230.5,0.19,769.500262260437,discrete
long_horizon,contrast,greedy,10018,350.2000427246094,0.316,649.7998695373535,discrete
long_horizon,contrast,greedy,10019,251.39999389648438,0.212,748.5998497009277,discrete
long_horizon,contrast,greedy,10020,209.5999755859375,0.168,790.3999929428101,discrete
long_horizon,contrast,greedy,10021,50.00000762939453,0.0,949.9998092651367,discrete
long_horizon,contrast,greedy,10022,121.24998474121094,0.075,878.7503290176392,discrete
long_horizon,contrast,greedy,10023,219.0999755859375,0.178,780.9001169204712,discrete
long_horizon,contrast,greedy,10024,167.79998779296875,0.124,832.1999359130859,discrete
long_horizon,contrast,greedy,10025,379.6499938964844,0.347,620.3498754501343,discrete
long_horizon,contrast,greedy,10026,534.5,0.51,465.499906539917,discrete
long_horizon,contrast,greedy,10027,489.85003662109375,0.463,510.1498975753784,discrete
long_horizon,contrast,greedy,10028,500.300048828125,0.474,499.6998996734619,discrete
long_horizon,contrast,greedy,10029,182.04998779296875,0.139,817.9498357772827,discrete
long_horizon,contrast,greedy,10030,221.94998168945312,0.181,778.049843788147,discrete
long_horizon,contrast,greedy,10031,488.9000549316406,0.462,511.09989738464355,discrete
long_horizon,contrast,greedy,10032,199.14999389648438,0.157,800.8501634597778,discrete
long_horizon,contrast,greedy,10033,329.29998779296875,0.294,670.6999397277832,discrete
long_horizon,contrast,greedy,10034,336.9000244140625,0.302,663.0998668670654,discrete
long_horizon,contrast,greedy,10035,469.9000244140625,0.442,530.1001510620117,discrete
long_horizon,contrast,greedy,10036,417.6500244140625,0.387,582.3499612808228,discrete
long_horizon,contrast,greedy,10037,50.00000762939453,0.0,950.0001554489136,discrete
long_horizon,contrast,greedy,10038,190.5999755859375,0.148,809.3998374938965,discrete
long_horizon,contrast,greedy,10039,337.85003662109375,0.303,662.1498670578003,discrete
long_horizon,contrast,greedy,10040,293.20001220703125,0.256,706.8003301620483,discrete
long_horizon,contrast,greedy,10041,196.29998779296875,0.154,803.6998386383057,discrete
long_horizon,contrast,greedy,10042,160.19998168945312,0.116,839.8003263473511,discrete
long_horizon,contrast,greedy,10043,342.60003662109375,0.308,657.3998680114746,discrete
long_horizon,contrast,greedy,10044,471.800048828125,0.444,528.199893951416,discrete
long_horizon,contrast,greedy,10045,148.79998779296875,0.104,851.2005424499512,discrete
long_horizon,contrast,greedy,10046,482.25006103515625,0.455,517.7498960494995,discrete
long_horizon,contrast,greedy,10047,282.75,0.245,717.2503652572632,discrete
long_horizon,contrast,greedy,10048,124.09999084472656,0.078,875.9001026153564,discrete
long_horizon,contrast,random,9999,299.85003662109375,0.263,700.1498594284058,discrete
long_horizon,contrast,random,10000,273.25,0.235,726.7498540878296,discrete
long_horizon,contrast,random,10001,292.25,0.255,707.7500534057617,discrete
long_horizon,contrast,random,10002,261.8500061035156,0.223,738.1499938964844,discrete
long_horizon,contrast,random,10003,271.3499755859375,0.233,728.6498537063599,discrete
long_horizon,contrast,random,10004,287.5,0.25,712.4998569488525,discrete
long_horizon,contrast,random,10005,301.75,0.265,698.2498598098755,discrete
long_horizon,contrast,random,10006,302.70001220703125,0.266,697.2998600006104,discrete
long_horizon,contrast,random,10007,304.6000061035156,0.268,695.4002876281738,discrete
long_horizon,contrast,random,10008,282.75,0.245,717.2498559951782,discrete
long_horizon,contrast,random,10009,307.45001220703125,0.271,692.549976348877,discrete
long_horizon,contrast,random,10010,306.5,0.27,693.4998607635498,discrete
long_horizon,contrast,random,10011,286.54998779296875,0.249,713.450291633606,discrete
long_horizon,contrast,random,10012,293.20001220703125,0.256,706.8001575469971,discrete
long_horizon,contrast,random,10013,278.0,0.24,721.9998550415039,discrete
long_horizon,contrast,random,10014,300.79998779296875,0.264,699.1998901367188,discrete
long_horizon,contrast,random,10015,282.75,0.245,717.2498559951782,discrete
long_horizon,contrast,random,10016,269.45001220703125,0.231,730.5498533248901,discrete
long_horizon,contrast,random,10017,277.04998779296875,0.239,722.9501419067383,discrete
long_horizon,contrast,random,10018,289.3999938964844,0.252,710.5998878479004,discrete
long_horizon,contrast,random,10019,287.5,0.25,712.4998569488525,discrete
long_horizon,contrast,random,10020,298.8999938964844,0.262,701.1000671386719,discrete
long_horizon,contrast,random,10021,274.20001220703125,0.236,725.7998542785645,discrete
long_horizon,contrast,random,10022,279.8999938964844,0.242,720.1002807617188,discrete
long_horizon,contrast,random,10023,304.5999755859375,0.268,695.4001398086548,discrete
long_horizon,contrast,random,10024,281.79998779296875,0.244,718.1999053955078,discrete
long_horizon,contrast,random,10025,289.3999938964844,0.252,710.5998573303223,discrete
long_horizon,contrast,random,10026,286.54998779296875,0.249,713.4498767852783,discrete
long_horizon,contrast,random,10027,316.0,0.28,683.9998626708984,discrete
long_horizon,contrast,random,10028,292.25,0.255,707.7499294281006,discrete
long_horizon,contrast,random,10029,280.8499755859375,0.243,719.1498556137085,discrete
long_horizon,contrast,random,10030,298.8999938964844,0.262,701.0998592376709,discrete
long_horizon,contrast,random,10031,273.25,0.235,726.7498540878296,discrete
long_horizon,contrast,random,10032,292.25,0.255,707.7501831054688,discrete
long_horizon,contrast,random,10033,289.3999938964844,0.252,710.6000900268555,discrete
long_horizon,contrast,random,10034,246.64999389648438,0.207,753.3498487472534,discrete
long_horizon,contrast,random,10035,283.70001220703125,0.246,716.3000993728638,discrete
long_horizon,contrast,random,10036,304.6000061035156,0.268,695.3999109268188,discrete
long_horizon,contrast,random,10037,275.1500244140625,0.237,724.8501777648926,discrete
long_horizon,contrast,random,10038,271.3499755859375,0.233,728.6498537063599,discrete
long_horizon,contrast,random,10039,291.29998779296875,0.254,708.6999530792236,discrete
long_horizon,contrast,random,10040,299.8499755859375,0.263,700.150260925293,discrete
long_horizon,contrast,random,10041,268.5,0.23,731.4998531341553,discrete
long_horizon,contrast,random,10042,283.70001220703125,0.246,716.3003387451172,discrete
long_horizon,contrast,random,10043,303.6499938964844,0.267,696.3498601913452,discrete
long_horizon,contrast,random,10044,286.54998779296875,0.249,713.4499502182007,discrete
long_horizon,contrast,random,10045,270.3999938964844,0.232,729.6002006530762,discrete
long_horizon,contrast,random,10046,281.8000183105469,0.244,718.1998558044434,discrete
long_horizon,contrast,random,10047,275.1499938964844,0.237,724.8504543304443,discrete
long_horizon,contrast,random,10048,291.29998779296875,0.254,708.700098991394,discrete
